week,team_key,player_key,player_name,display_position,points
1,449.l.808129.t.5,449.p.30977,Josh Allen,QB,31.18
1,449.l.808129.t.5,449.p.33465,Joshua Palmer,WR,2.5
1,449.l.808129.t.5,449.p.40211,Andrei Iosivas,WR,4.1
1,449.l.808129.t.5,449.p.40055,Bijan Robinson,RB,13.6
1,449.l.808129.t.5,449.p.33508,Rhamondre Stevenson,RB,20.1
1,449.l.808129.t.5,449.p.30136,Evan Engram,TE,1.0
1,449.l.808129.t.5,449.p.31960,Tony Pollard,RB,16.9
1,449.l.808129.t.5,449.p.29235,Jared Goff,QB,12.38
1,449.l.808129.t.5,449.p.40914,Ja'Lynn Polk,WR,1.1
1,449.l.808129.t.5,449.p.40196,Chase Brown,RB,3.8
1,449.l.808129.t.5,449.p.40915,Adonai Mitchell,WR,0.7
1,449.l.808129.t.5,449.p.40890,Xavier Legette,WR,5.5
1,449.l.808129.t.5,449.p.40981,Braelon Allen,RB,2.2
1,449.l.808129.t.5,449.p.40964,Luke McCaffrey,WR,3.3
1,449.l.808129.t.5,449.p.28378,Jason Myers,K,10.0
1,449.l.808129.t.5,449.p.100001,Falcons,DEF,3.0
1,449.l.808129.t.8,449.p.32675,Tua Tagovailoa,QB,18.62
1,449.l.808129.t.8,449.p.28534,Stefon Diggs,WR,18.9
1,449.l.808129.t.8,449.p.30996,Calvin Ridley,WR,6.5
1,449.l.808129.t.8,449.p.31856,Josh Jacobs,RB,11.4
1,449.l.808129.t.8,449.p.34047,Rachaad White,RB,13.6
1,449.l.808129.t.8,449.p.30213,Jonnu Smith,TE,1.2
1,449.l.808129.t.8,449.p.32685,Jerry Jeudy,WR,10.0
1,449.l.808129.t.8,449.p.30125,Deshaun Watson,QB,12.66
1,449.l.808129.t.8,449.p.41010,Jaylen Wright,RB,0.0
1,449.l.808129.t.8,449.p.25785,Russell Wilson,QB,0.0
1,449.l.808129.t.8,449.p.40041,Jaxon Smith-Njigba,WR,2.9
1,449.l.808129.t.8,449.p.40911,Keon Coleman,WR,7.1
1,449.l.808129.t.8,449.p.34063,Dameon Pierce,RB,1.6
1,449.l.808129.t.8,449.p.40889,Michael Penix Jr.,QB,0.0
1,449.l.808129.t.8,449.p.33537,Evan McPherson,K,6.0
1,449.l.808129.t.8,449.p.100018,Saints,DEF,14.0
1,449.l.808129.t.1,449.p.7200,Aaron Rodgers,QB,9.58
1,449.l.808129.t.1,449.p.31896,DK Metcalf,WR,4.4
1,449.l.808129.t.1,449.p.34104,Khalil Shakir,WR,11.7
1,449.l.808129.t.1,449.p.33413,Travis Etienne Jr.,RB,10.9
1,449.l.808129.t.1,449.p.40059,Jahmyr Gibbs,RB,15.4
1,449.l.808129.t.1,449.p.31019,Dallas Goedert,TE,5.1
1,449.l.808129.t.1,449.p.40118,De'Von Achane,RB,19.5
1,449.l.808129.t.1,449.p.30971,Baker Mayfield,QB,29.66
1,449.l.808129.t.1,449.p.34659,Rashid Shaheed,WR,14.8
1,449.l.808129.t.1,449.p.40696,Jaleel McLaughlin,RB,3.3
1,449.l.808129.t.1,449.p.33971,Jahan Dotson,WR,0.0
1,449.l.808129.t.1,449.p.31840,T.J. Hockenson,TE,0.0
1,449.l.808129.t.1,449.p.40892,Ricky Pearsall,WR,0.0
1,449.l.808129.t.1,449.p.24967,Tyrod Taylor,QB,6.14
1,449.l.808129.t.1,449.p.34344,Cameron Dicker,K,12.0
1,449.l.808129.t.1,449.p.100034,Texans,DEF,4.0
1,449.l.808129.t.15,449.p.40900,Caleb Williams,QB,7.22
1,449.l.808129.t.15,449.p.28392,Amari Cooper,WR,2.6
1,449.l.808129.t.15,449.p.31908,Terry McLaurin,WR,2.7
1,449.l.808129.t.15,449.p.30161,Joe Mixon,RB,25.3
1,449.l.808129.t.15,449.p.30218,James Conner,RB,17.8
1,449.l.808129.t.15,449.p.33392,Kyle Pitts Sr.,TE,10.1
1,449.l.808129.t.15,449.p.33412,Najee Harris,RB,8.4
1,449.l.808129.t.15,449.p.9265,Matthew Stafford,QB,15.68
1,449.l.808129.t.15,449.p.40119,Tyjae Spears,RB,5.2
1,449.l.808129.t.15,449.p.32798,Gabe Davis,WR,7.7
1,449.l.808129.t.15,449.p.40926,Jonathon Brooks,RB,0.0
1,449.l.808129.t.15,449.p.32736,Antonio Gibson,RB,1.8
1,449.l.808129.t.15,449.p.27590,Jimmy Garoppolo,QB,0.0
1,449.l.808129.t.15,449.p.40819,Brandon Aubrey,K,21.0
1,449.l.808129.t.15,449.p.100023,Steelers,DEF,12.0
1,449.l.808129.t.15,449.p.100033,Ravens,DEF,4.0
1,449.l.808129.t.2,449.p.32671,Joe Burrow,QB,8.06
1,449.l.808129.t.2,449.p.32692,Justin Jefferson,WR,13.9
1,449.l.808129.t.2,449.p.40042,Jordan Addison,WR,5.0
1,449.l.808129.t.2,449.p.33996,Kenneth Walker III,RB,17.9
1,449.l.808129.t.2,449.p.34112,Jerome Ford,RB,15.9
1,449.l.808129.t.2,449.p.40074,Luke Musgrave,TE,0.0
1,449.l.808129.t.2,449.p.34019,James Cook III,RB,11.8
1,449.l.808129.t.2,449.p.26662,Geno Smith,QB,18.84
1,449.l.808129.t.2,449.p.30120,Mike Williams,WR,0.0
1,449.l.808129.t.2,449.p.34099,Chig Okonkwo,TE,8.5
1,449.l.808129.t.2,449.p.29360,Demarcus Robinson,WR,6.2
1,449.l.808129.t.2,449.p.30202,D'Onta Foreman,RB,0.0
1,449.l.808129.t.2,449.p.32138,Jake Browning,QB,0.0
1,449.l.808129.t.2,449.p.31107,Dalton Schultz,TE,3.1
1,449.l.808129.t.2,449.p.29792,Ka'imi Fairbairn,K,17.0
1,449.l.808129.t.2,449.p.100003,Bears,DEF,24.0
1,449.l.808129.t.10,449.p.40029,Bryce Young,QB,11.64
1,449.l.808129.t.10,449.p.33500,Amon-Ra St. Brown,WR,2.8
1,449.l.808129.t.10,449.p.30182,Cooper Kupp,WR,25.0
1,449.l.808129.t.10,449.p.34207,Isiah Pacheco,RB,14.8
1,449.l.808129.t.10,449.p.31906,Devin Singletary,RB,7.2
1,449.l.808129.t.10,449.p.32713,Cole Kmet,TE,0.9
1,449.l.808129.t.10,449.p.30994,DJ Moore,WR,7.5
1,449.l.808129.t.10,449.p.40068,Will Levis,QB,8.68
1,449.l.808129.t.10,449.p.30973,Sam Darnold,QB,15.62
1,449.l.808129.t.10,449.p.31898,Diontae Johnson,WR,2.9
1,449.l.808129.t.10,449.p.30153,Curtis Samuel,WR,2.5
1,449.l.808129.t.10,449.p.30423,Austin Ekeler,RB,8.2
1,449.l.808129.t.10,449.p.34125,Ty Chandler,RB,5.7
1,449.l.808129.t.10,449.p.40980,Ray Davis,RB,3.2
1,449.l.808129.t.10,449.p.30346,Harrison Butker,K,9.0
1,449.l.808129.t.10,449.p.100006,Cowboys,DEF,17.0
1,449.l.808129.t.7,449.p.40896,Jayden Daniels,QB,28.16
1,449.l.808129.t.7,449.p.33965,Garrett Wilson,WR,9.0
1,449.l.808129.t.7,449.p.27535,Mike Evans,WR,20.6
1,449.l.808129.t.7,449.p.30972,Saquon Barkley,RB,32.2
1,449.l.808129.t.7,449.p.30180,Alvin Kamara,RB,19.5
1,449.l.808129.t.7,449.p.40878,Brock Bowers,TE,8.8
1,449.l.808129.t.7,449.p.33967,Jameson Williams,WR,21.9
1,449.l.808129.t.7,449.p.32010,Gardner Minshew,QB,11.78
1,449.l.808129.t.7,449.p.40881,Drake Maye,QB,0.0
1,449.l.808129.t.7,449.p.34107,Tyler Allgeier,RB,2.1
1,449.l.808129.t.7,449.p.27548,Brandin Cooks,WR,12.5
1,449.l.808129.t.7,449.p.33538,Kenneth Gainwell,RB,1.7
1,449.l.808129.t.7,449.p.34100,Sam Howell,QB,0.0
1,449.l.808129.t.7,449.p.32846,K.J. Osborn,WR,3.6
1,449.l.808129.t.7,449.p.30266,Jake Elliott,K,10.0
1,449.l.808129.t.7,449.p.100021,Eagles,DEF,3.0
1,449.l.808129.t.13,449.p.33389,Trevor Lawrence,QB,11.28
1,449.l.808129.t.13,449.p.33393,Ja'Marr Chase,WR,9.2
1,449.l.808129.t.13,449.p.33394,Jaylen Waddle,WR,13.7
1,449.l.808129.t.13,449.p.29279,Derrick Henry,RB,10.6
1,449.l.808129.t.13,449.p.31905,David Montgomery,RB,15.8
1,449.l.808129.t.13,449.p.30259,George Kittle,TE,6.0
1,449.l.808129.t.13,449.p.34007,George Pickens,WR,10.5
1,449.l.808129.t.13,449.p.33399,Justin Fields,QB,11.94
1,449.l.808129.t.13,449.p.40875,Bo Nix,QB,13.02
1,449.l.808129.t.13,449.p.31005,Nick Chubb,RB,0.0
1,449.l.808129.t.13,449.p.34088,Romeo Doubs,WR,7.0
1,449.l.808129.t.13,449.p.40222,DeMario Douglas,WR,2.2
1,449.l.808129.t.13,449.p.32702,Clyde Edwards-Helaire,RB,0.0
1,449.l.808129.t.13,449.p.26753,Kyle Juszczyk,RB,5.0
1,449.l.808129.t.13,449.p.31199,Jason Sanders,K,10.0
1,449.l.808129.t.13,449.p.100027,Buccaneers,DEF,3.0
1,449.l.808129.t.4,449.p.30123,Patrick Mahomes,QB,15.64
1,449.l.808129.t.4,449.p.32695,Brandon Aiyuk,WR,3.8
1,449.l.808129.t.4,449.p.40883,Brian Thomas Jr.,WR,12.7
1,449.l.808129.t.4,449.p.33991,Breece Hall,RB,15.8
1,449.l.808129.t.4,449.p.33100,Rico Dowdle,RB,3.7
1,449.l.808129.t.4,449.p.31852,Noah Fant,TE,2.1
1,449.l.808129.t.4,449.p.30197,Chris Godwin Jr.,WR,18.3
1,449.l.808129.t.4,449.p.29369,Dak Prescott,QB,11.46
1,449.l.808129.t.4,449.p.31857,Hollywood Brown,WR,0.0
1,449.l.808129.t.4,449.p.33605,Khalil Herbert,RB,0.4
1,449.l.808129.t.4,449.p.32843,Darnell Mooney,WR,2.0
1,449.l.808129.t.4,449.p.41052,Kimani Vidal,RB,0.0
1,449.l.808129.t.4,449.p.34320,Jordan Mason,RB,21.7
1,449.l.808129.t.4,449.p.40129,Jake Moody,K,26.0
1,449.l.808129.t.4,449.p.100024,Chargers,DEF,14.0
1,449.l.808129.t.4,449.p.100016,Vikings,DEF,23.0
1,449.l.808129.t.11,449.p.31838,Daniel Jones,QB,6.94
1,449.l.808129.t.11,449.p.33477,Nico Collins,WR,14.7
1,449.l.808129.t.11,449.p.31868,Deebo Samuel,WR,16.2
1,449.l.808129.t.11,449.p.32705,D'Andre Swift,RB,5.0
1,449.l.808129.t.11,449.p.31424,Gus Edwards,RB,3.3
1,449.l.808129.t.11,449.p.34010,Trey McBride,TE,5.5
1,449.l.808129.t.11,449.p.33966,Chris Olave,WR,2.1
1,449.l.808129.t.11,449.p.32676,Justin Herbert,QB,10.36
1,449.l.808129.t.11,449.p.40075,Zach Charbonnet,RB,11.1
1,449.l.808129.t.11,449.p.40901,Rome Odunze,WR,1.6
1,449.l.808129.t.11,449.p.40063,Jayden Reed,WR,31.1
1,449.l.808129.t.11,449.p.40162,Roschon Johnson,RB,0.0
1,449.l.808129.t.11,449.p.31998,Easton Stick,QB,0.0
1,449.l.808129.t.11,449.p.31874,Drew Lock,QB,0.0
1,449.l.808129.t.11,449.p.26534,Justin Tucker,K,8.0
1,449.l.808129.t.11,449.p.100015,Dolphins,DEF,6.0
1,449.l.808129.t.12,449.p.31833,Kyler Murray,QB,14.18
1,449.l.808129.t.12,449.p.40039,Zay Flowers,WR,8.1
1,449.l.808129.t.12,449.p.31017,Christian Kirk,WR,3.5
1,449.l.808129.t.12,449.p.32711,Jonathan Taylor,RB,10.8
1,449.l.808129.t.12,449.p.34120,Kyren Williams,RB,12.9
1,449.l.808129.t.12,449.p.40048,Dalton Kincaid,TE,1.6
1,449.l.808129.t.12,449.p.40084,Rashee Rice,WR,13.8
1,449.l.808129.t.12,449.p.27564,Derek Carr,QB,21.3
1,449.l.808129.t.12,449.p.32703,Tee Higgins,WR,0.0
1,449.l.808129.t.12,449.p.34054,Brian Robinson Jr.,RB,16.4
1,449.l.808129.t.12,449.p.40962,Blake Corum,RB,0.0
1,449.l.808129.t.12,449.p.31010,Courtland Sutton,WR,5.8
1,449.l.808129.t.12,449.p.33443,Pat Freiermuth,TE,4.7
1,449.l.808129.t.12,449.p.41019,Audric Estime,RB,1.4
1,449.l.808129.t.12,449.p.30426,Younghoe Koo,K,4.0
1,449.l.808129.t.12,449.p.100020,Jets,DEF,2.0
1,449.l.808129.t.6,449.p.32696,Jordan Love,QB,17.4
1,449.l.808129.t.6,449.p.29399,Tyreek Hill,WR,22.5
1,449.l.808129.t.6,449.p.31883,A.J. Brown,WR,20.4
1,449.l.808129.t.6,449.p.28654,Raheem Mostert,RB,2.9
1,449.l.808129.t.6,449.p.40993,Bucky Irving,RB,8.6
1,449.l.808129.t.6,449.p.31056,Mark Andrews,TE,2.4
1,449.l.808129.t.6,449.p.32231,Jakobi Meyers,WR,7.9
1,449.l.808129.t.6,449.p.29325,Jacoby Brissett,QB,8.04
1,449.l.808129.t.6,449.p.34095,Isaiah Likely,TE,21.6
1,449.l.808129.t.6,449.p.33998,Wan'Dale Robinson,WR,8.8
1,449.l.808129.t.6,449.p.40952,Roman Wilson,WR,0.0
1,449.l.808129.t.6,449.p.28389,Jameis Winston,QB,0.0
1,449.l.808129.t.6,449.p.34042,Malik Willis,QB,0.0
1,449.l.808129.t.6,449.p.30227,Samaje Perine,RB,1.5
1,449.l.808129.t.6,449.p.25881,Greg Zuerlein,K,1.0
1,449.l.808129.t.6,449.p.100008,Lions,DEF,5.0
1,449.l.808129.t.9,449.p.34218,Brock Purdy,QB,10.34
1,449.l.808129.t.9,449.p.40899,Malik Nabers,WR,9.1
1,449.l.808129.t.9,449.p.26699,Keenan Allen,WR,4.9
1,449.l.808129.t.9,449.p.30121,Christian McCaffrey,RB,0.0
1,449.l.808129.t.9,449.p.32756,Zack Moss,RB,13.1
1,449.l.808129.t.9,449.p.26686,Travis Kelce,TE,4.9
1,449.l.808129.t.9,449.p.33514,Chuba Hubbard,RB,1.4
1,449.l.808129.t.9,449.p.30614,Taysom Hill,"QB,TE",4.1
1,449.l.808129.t.9,449.p.28457,Tyler Lockett,WR,10.7
1,449.l.808129.t.9,449.p.40126,Josh Downs,WR,0.0
1,449.l.808129.t.9,449.p.40971,MarShawn Lloyd,RB,0.0
1,449.l.808129.t.9,449.p.34062,Cade Otton,TE,1.0
1,449.l.808129.t.9,449.p.41009,Troy Franklin,WR,0.0
1,449.l.808129.t.9,449.p.30248,Joshua Dobbs,QB,0.0
1,449.l.808129.t.9,449.p.9526,Graham Gano,K,8.0
1,449.l.808129.t.9,449.p.100025,49ers,DEF,6.0
1,449.l.808129.t.14,449.p.32723,Jalen Hurts,QB,18.42
1,449.l.808129.t.14,449.p.33963,Drake London,WR,2.5
1,449.l.808129.t.14,449.p.33398,DeVonta Smith,WR,11.9
1,449.l.808129.t.14,449.p.34447,Jaylen Warren,RB,3.0
1,449.l.808129.t.14,449.p.29238,Ezekiel Elliott,RB,11.9
1,449.l.808129.t.14,449.p.34085,Jake Ferguson,TE,3.0
1,449.l.808129.t.14,449.p.40097,Tank Dell,WR,7.4
1,449.l.808129.t.14,449.p.40040,Anthony Richardson Sr.,QB,27.08
1,449.l.808129.t.14,449.p.40958,Trey Benson,RB,2.3
1,449.l.808129.t.14,449.p.33989,Christian Watson,WR,8.8
1,449.l.808129.t.14,449.p.8795,Joe Flacco,QB,0.0
1,449.l.808129.t.14,449.p.41048,Tyrone Tracy Jr.,RB,1.2
1,449.l.808129.t.14,449.p.40201,Dontayvion Wicks,WR,0.0
1,449.l.808129.t.14,449.p.33975,Kenny Pickett,QB,0.0
1,449.l.808129.t.14,449.p.32858,Tyler Bass,K,10.0
1,449.l.808129.t.14,449.p.100005,Browns,DEF,2.0
1,449.l.808129.t.3,449.p.40030,C.J. Stroud,QB,18.66
1,449.l.808129.t.3,449.p.40168,Puka Nacua,WR,6.2
1,449.l.808129.t.3,449.p.27581,Davante Adams,WR,8.4
1,449.l.808129.t.3,449.p.34078,Zamir White,RB,3.6
1,449.l.808129.t.3,449.p.33423,Javonte Williams,RB,2.8
1,449.l.808129.t.3,449.p.30142,David Njoku,TE,6.4
1,449.l.808129.t.3,449.p.40908,Ladd McConkey,WR,12.4
1,449.l.808129.t.3,449.p.25812,Kirk Cousins,QB,8.2
1,449.l.808129.t.3,449.p.26650,DeAndre Hopkins,WR,1.3
1,449.l.808129.t.3,449.p.40931,Ben Sinnott,TE,0.0
1,449.l.808129.t.3,449.p.40121,Michael Wilson,WR,7.0
1,449.l.808129.t.3,449.p.30154,Dalvin Cook,RB,0.0
1,449.l.808129.t.3,449.p.30247,Jamaal Williams,RB,11.6
1,449.l.808129.t.3,449.p.28227,Cairo Santos,K,13.0
1,449.l.808129.t.3,449.p.100004,Bengals,DEF,2.0
1,449.l.808129.t.3,449.p.100026,Seahawks,DEF,9.0
1,449.l.808129.t.16,449.p.31002,Lamar Jackson,QB,25.12
1,449.l.808129.t.16,449.p.40893,Marvin Harrison Jr.,WR,0.9
1,449.l.808129.t.16,449.p.32687,CeeDee Lamb,WR,11.1
1,449.l.808129.t.16,449.p.30295,Aaron Jones Sr.,RB,17.9
1,449.l.808129.t.16,449.p.32725,J.K. Dobbins,RB,21.4
1,449.l.808129.t.16,449.p.40064,Sam LaPorta,TE,6.5
1,449.l.808129.t.16,449.p.32704,Michael Pittman Jr.,WR,5.1
1,449.l.808129.t.16,449.p.40877,Xavier Worthy,WR,19.8
1,449.l.808129.t.16,449.p.40138,Aidan O'Connell,QB,0.0
1,449.l.808129.t.16,449.p.27277,Adam Thielen,WR,6.4
1,449.l.808129.t.16,449.p.31934,Alexander Mattison,RB,14.2
1,449.l.808129.t.16,449.p.29236,Carson Wentz,QB,0.0
1,449.l.808129.t.16,449.p.31945,Justice Hill,RB,8.5
1,449.l.808129.t.16,449.p.41043,Spencer Rattler,QB,0.0
1,449.l.808129.t.16,449.p.31977,Matt Gay,K,0.0
1,449.l.808129.t.16,449.p.100002,Bills,DEF,5.0
2,449.l.808129.t.5,449.p.30977,Josh Allen,QB,9.76
2,449.l.808129.t.5,449.p.33465,Joshua Palmer,WR,2.9
2,449.l.808129.t.5,449.p.40915,Adonai Mitchell,WR,3.5
2,449.l.808129.t.5,449.p.40055,Bijan Robinson,RB,14.2
2,449.l.808129.t.5,449.p.33508,Rhamondre Stevenson,RB,16.0
2,449.l.808129.t.5,449.p.29269,Hunter Henry,TE,14.9
2,449.l.808129.t.5,449.p.31960,Tony Pollard,RB,12.7
2,449.l.808129.t.5,449.p.29235,Jared Goff,QB,10.78
2,449.l.808129.t.5,449.p.30136,Evan Engram,TE,0.0
2,449.l.808129.t.5,449.p.40914,Ja'Lynn Polk,WR,8.2
2,449.l.808129.t.5,449.p.40196,Chase Brown,RB,3.1
2,449.l.808129.t.5,449.p.40890,Xavier Legette,WR,0.0
2,449.l.808129.t.5,449.p.40964,Luke McCaffrey,WR,0.0
2,449.l.808129.t.5,449.p.24822,Andy Dalton,QB,0.0
2,449.l.808129.t.5,449.p.28378,Jason Myers,K,12.0
2,449.l.808129.t.5,449.p.100030,Jaguars,DEF,3.0
2,449.l.808129.t.8,449.p.32675,Tua Tagovailoa,QB,8.5
2,449.l.808129.t.8,449.p.28534,Stefon Diggs,WR,5.7
2,449.l.808129.t.8,449.p.30996,Calvin Ridley,WR,22.7
2,449.l.808129.t.8,449.p.31856,Josh Jacobs,RB,13.1
2,449.l.808129.t.8,449.p.34047,Rachaad White,RB,2.8
2,449.l.808129.t.8,449.p.30213,Jonnu Smith,TE,8.3
2,449.l.808129.t.8,449.p.32685,Jerry Jeudy,WR,9.8
2,449.l.808129.t.8,449.p.30125,Deshaun Watson,QB,15.44
2,449.l.808129.t.8,449.p.41010,Jaylen Wright,RB,0.4
2,449.l.808129.t.8,449.p.25785,Russell Wilson,QB,0.0
2,449.l.808129.t.8,449.p.40041,Jaxon Smith-Njigba,WR,17.7
2,449.l.808129.t.8,449.p.40911,Keon Coleman,WR,0.0
2,449.l.808129.t.8,449.p.40889,Michael Penix Jr.,QB,0.0
2,449.l.808129.t.8,449.p.40095,Tank Bigsby,RB,0.0
2,449.l.808129.t.8,449.p.33537,Evan McPherson,K,16.0
2,449.l.808129.t.8,449.p.100011,Colts,DEF,3.0
2,449.l.808129.t.1,449.p.7200,Aaron Rodgers,QB,15.14
2,449.l.808129.t.1,449.p.31896,DK Metcalf,WR,23.9
2,449.l.808129.t.1,449.p.34104,Khalil Shakir,WR,8.1
2,449.l.808129.t.1,449.p.33413,Travis Etienne Jr.,RB,13.3
2,449.l.808129.t.1,449.p.40059,Jahmyr Gibbs,RB,14.1
2,449.l.808129.t.1,449.p.31019,Dallas Goedert,TE,5.3
2,449.l.808129.t.1,449.p.40118,De'Von Achane,RB,26.0
2,449.l.808129.t.1,449.p.30971,Baker Mayfield,QB,19.8
2,449.l.808129.t.1,449.p.34659,Rashid Shaheed,WR,18.9
2,449.l.808129.t.1,449.p.40696,Jaleel McLaughlin,RB,0.6
2,449.l.808129.t.1,449.p.33971,Jahan Dotson,WR,1.1
2,449.l.808129.t.1,449.p.31840,T.J. Hockenson,TE,0.0
2,449.l.808129.t.1,449.p.40892,Ricky Pearsall,WR,0.0
2,449.l.808129.t.1,449.p.24967,Tyrod Taylor,QB,0.0
2,449.l.808129.t.1,449.p.34344,Cameron Dicker,K,10.0
2,449.l.808129.t.1,449.p.100034,Texans,DEF,15.0
2,449.l.808129.t.15,449.p.40900,Caleb Williams,QB,9.36
2,449.l.808129.t.15,449.p.28392,Amari Cooper,WR,2.6
2,449.l.808129.t.15,449.p.31908,Terry McLaurin,WR,5.2
2,449.l.808129.t.15,449.p.30161,Joe Mixon,RB,6.5
2,449.l.808129.t.15,449.p.30218,James Conner,RB,18.9
2,449.l.808129.t.15,449.p.33392,Kyle Pitts Sr.,TE,3.5
2,449.l.808129.t.15,449.p.33412,Najee Harris,RB,7.9
2,449.l.808129.t.15,449.p.9265,Matthew Stafford,QB,6.64
2,449.l.808129.t.15,449.p.40119,Tyjae Spears,RB,4.1
2,449.l.808129.t.15,449.p.32798,Gabe Davis,WR,5.8
2,449.l.808129.t.15,449.p.40926,Jonathon Brooks,RB,0.0
2,449.l.808129.t.15,449.p.27590,Jimmy Garoppolo,QB,0.0
2,449.l.808129.t.15,449.p.32523,Greg Dortch,WR,2.1
2,449.l.808129.t.15,449.p.40819,Brandon Aubrey,K,17.0
2,449.l.808129.t.15,449.p.100023,Steelers,DEF,14.0
2,449.l.808129.t.15,449.p.100033,Ravens,DEF,7.0
2,449.l.808129.t.2,449.p.32671,Joe Burrow,QB,17.22
2,449.l.808129.t.2,449.p.32692,Justin Jefferson,WR,21.3
2,449.l.808129.t.2,449.p.29360,Demarcus Robinson,WR,6.0
2,449.l.808129.t.2,449.p.33996,Kenneth Walker III,RB,0.0
2,449.l.808129.t.2,449.p.34112,Jerome Ford,RB,6.9
2,449.l.808129.t.2,449.p.34099,Chig Okonkwo,TE,3.1
2,449.l.808129.t.2,449.p.34019,James Cook III,RB,28.0
2,449.l.808129.t.2,449.p.26662,Geno Smith,QB,17.88
2,449.l.808129.t.2,449.p.40042,Jordan Addison,WR,0.0
2,449.l.808129.t.2,449.p.40074,Luke Musgrave,TE,1.1
2,449.l.808129.t.2,449.p.30120,Mike Williams,WR,2.4
2,449.l.808129.t.2,449.p.30202,D'Onta Foreman,RB,5.6
2,449.l.808129.t.2,449.p.32138,Jake Browning,QB,0.0
2,449.l.808129.t.2,449.p.31107,Dalton Schultz,TE,3.1
2,449.l.808129.t.2,449.p.29792,Ka'imi Fairbairn,K,20.0
2,449.l.808129.t.2,449.p.100003,Bears,DEF,6.0
2,449.l.808129.t.10,449.p.40029,Bryce Young,QB,2.96
2,449.l.808129.t.10,449.p.33500,Amon-Ra St. Brown,WR,17.4
2,449.l.808129.t.10,449.p.30182,Cooper Kupp,WR,5.7
2,449.l.808129.t.10,449.p.34207,Isiah Pacheco,RB,13.6
2,449.l.808129.t.10,449.p.31906,Devin Singletary,RB,14.0
2,449.l.808129.t.10,449.p.32713,Cole Kmet,TE,4.7
2,449.l.808129.t.10,449.p.30994,DJ Moore,WR,8.3
2,449.l.808129.t.10,449.p.40068,Will Levis,QB,12.48
2,449.l.808129.t.10,449.p.30973,Sam Darnold,QB,20.92
2,449.l.808129.t.10,449.p.31898,Diontae Johnson,WR,3.0
2,449.l.808129.t.10,449.p.30423,Austin Ekeler,RB,10.0
2,449.l.808129.t.10,449.p.34125,Ty Chandler,RB,8.2
2,449.l.808129.t.10,449.p.40980,Ray Davis,RB,3.3
2,449.l.808129.t.10,449.p.34008,Alec Pierce,WR,14.1
2,449.l.808129.t.10,449.p.30346,Harrison Butker,K,10.0
2,449.l.808129.t.10,449.p.100006,Cowboys,DEF,1.0
2,449.l.808129.t.7,449.p.40896,Jayden Daniels,QB,13.44
2,449.l.808129.t.7,449.p.33965,Garrett Wilson,WR,8.2
2,449.l.808129.t.7,449.p.27535,Mike Evans,WR,5.7
2,449.l.808129.t.7,449.p.30972,Saquon Barkley,RB,15.6
2,449.l.808129.t.7,449.p.30180,Alvin Kamara,RB,43.0
2,449.l.808129.t.7,449.p.40878,Brock Bowers,TE,14.3
2,449.l.808129.t.7,449.p.33967,Jameson Williams,WR,11.9
2,449.l.808129.t.7,449.p.32010,Gardner Minshew,QB,13.94
2,449.l.808129.t.7,449.p.40881,Drake Maye,QB,0.0
2,449.l.808129.t.7,449.p.34107,Tyler Allgeier,RB,7.0
2,449.l.808129.t.7,449.p.27548,Brandin Cooks,WR,2.6
2,449.l.808129.t.7,449.p.33538,Kenneth Gainwell,RB,0.6
2,449.l.808129.t.7,449.p.34100,Sam Howell,QB,0.0
2,449.l.808129.t.7,449.p.32846,K.J. Osborn,WR,1.2
2,449.l.808129.t.7,449.p.30266,Jake Elliott,K,7.0
2,449.l.808129.t.7,449.p.100021,Eagles,DEF,1.0
2,449.l.808129.t.13,449.p.33389,Trevor Lawrence,QB,13.3
2,449.l.808129.t.13,449.p.33393,Ja'Marr Chase,WR,5.5
2,449.l.808129.t.13,449.p.33394,Jaylen Waddle,WR,6.5
2,449.l.808129.t.13,449.p.29279,Derrick Henry,RB,16.1
2,449.l.808129.t.13,449.p.31905,David Montgomery,RB,15.0
2,449.l.808129.t.13,449.p.30259,George Kittle,TE,17.1
2,449.l.808129.t.13,449.p.34007,George Pickens,WR,3.9
2,449.l.808129.t.13,449.p.33399,Justin Fields,QB,11.38
2,449.l.808129.t.13,449.p.40875,Bo Nix,QB,10.34
2,449.l.808129.t.13,449.p.31005,Nick Chubb,RB,0.0
2,449.l.808129.t.13,449.p.34088,Romeo Doubs,WR,7.7
2,449.l.808129.t.13,449.p.40222,DeMario Douglas,WR,0.0
2,449.l.808129.t.13,449.p.26753,Kyle Juszczyk,RB,3.4
2,449.l.808129.t.13,449.p.31012,Mike Gesicki,TE,12.6
2,449.l.808129.t.13,449.p.31199,Jason Sanders,K,4.0
2,449.l.808129.t.13,449.p.100028,Commanders,DEF,4.0
2,449.l.808129.t.4,449.p.30123,Patrick Mahomes,QB,14.94
2,449.l.808129.t.4,449.p.32695,Brandon Aiyuk,WR,6.3
2,449.l.808129.t.4,449.p.30197,Chris Godwin Jr.,WR,21.2
2,449.l.808129.t.4,449.p.33991,Breece Hall,RB,20.9
2,449.l.808129.t.4,449.p.34320,Jordan Mason,RB,16.9
2,449.l.808129.t.4,449.p.32803,Colby Parkinson,TE,1.7
2,449.l.808129.t.4,449.p.40883,Brian Thomas Jr.,WR,10.4
2,449.l.808129.t.4,449.p.29369,Dak Prescott,QB,14.92
2,449.l.808129.t.4,449.p.32843,Darnell Mooney,WR,16.3
2,449.l.808129.t.4,449.p.33100,Rico Dowdle,RB,7.9
2,449.l.808129.t.4,449.p.31857,Hollywood Brown,WR,0.0
2,449.l.808129.t.4,449.p.33605,Khalil Herbert,RB,7.7
2,449.l.808129.t.4,449.p.41052,Kimani Vidal,RB,0.0
2,449.l.808129.t.4,449.p.25718,Ryan Tannehill,QB,0.0
2,449.l.808129.t.4,449.p.40129,Jake Moody,K,5.0
2,449.l.808129.t.4,449.p.100024,Chargers,DEF,12.0
2,449.l.808129.t.11,449.p.31838,Daniel Jones,QB,18.32
2,449.l.808129.t.11,449.p.33477,Nico Collins,WR,23.5
2,449.l.808129.t.11,449.p.31868,Deebo Samuel,WR,14.0
2,449.l.808129.t.11,449.p.32705,D'Andre Swift,RB,6.2
2,449.l.808129.t.11,449.p.40075,Zach Charbonnet,RB,15.4
2,449.l.808129.t.11,449.p.34010,Trey McBride,TE,15.7
2,449.l.808129.t.11,449.p.33966,Chris Olave,WR,10.8
2,449.l.808129.t.11,449.p.32676,Justin Herbert,QB,12.0
2,449.l.808129.t.11,449.p.31424,Gus Edwards,RB,5.9
2,449.l.808129.t.11,449.p.40901,Rome Odunze,WR,4.3
2,449.l.808129.t.11,449.p.40063,Jayden Reed,WR,5.6
2,449.l.808129.t.11,449.p.40162,Roschon Johnson,RB,0.0
2,449.l.808129.t.11,449.p.31998,Easton Stick,QB,0.0
2,449.l.808129.t.11,449.p.31874,Drew Lock,QB,0.0
2,449.l.808129.t.11,449.p.26534,Justin Tucker,K,13.0
2,449.l.808129.t.11,449.p.100015,Dolphins,DEF,0.0
2,449.l.808129.t.12,449.p.31833,Kyler Murray,QB,28.54
2,449.l.808129.t.12,449.p.40039,Zay Flowers,WR,18.6
2,449.l.808129.t.12,449.p.40084,Rashee Rice,WR,16.0
2,449.l.808129.t.12,449.p.32711,Jonathan Taylor,RB,14.5
2,449.l.808129.t.12,449.p.34120,Kyren Williams,RB,13.2
2,449.l.808129.t.12,449.p.40048,Dalton Kincaid,TE,5.3
2,449.l.808129.t.12,449.p.34054,Brian Robinson Jr.,RB,14.1
2,449.l.808129.t.12,449.p.27564,Derek Carr,QB,22.82
2,449.l.808129.t.12,449.p.31017,Christian Kirk,WR,0.4
2,449.l.808129.t.12,449.p.32703,Tee Higgins,WR,0.0
2,449.l.808129.t.12,449.p.40962,Blake Corum,RB,2.8
2,449.l.808129.t.12,449.p.31010,Courtland Sutton,WR,3.1
2,449.l.808129.t.12,449.p.33443,Pat Freiermuth,TE,5.9
2,449.l.808129.t.12,449.p.31885,Miles Sanders,RB,4.0
2,449.l.808129.t.12,449.p.30426,Younghoe Koo,K,10.0
2,449.l.808129.t.12,449.p.100020,Jets,DEF,11.0
2,449.l.808129.t.6,449.p.29325,Jacoby Brissett,QB,10.56
2,449.l.808129.t.6,449.p.29399,Tyreek Hill,WR,5.1
2,449.l.808129.t.6,449.p.33998,Wan'Dale Robinson,WR,8.8
2,449.l.808129.t.6,449.p.40993,Bucky Irving,RB,2.2
2,449.l.808129.t.6,449.p.30227,Samaje Perine,RB,0.8
2,449.l.808129.t.6,449.p.31056,Mark Andrews,TE,7.1
2,449.l.808129.t.6,449.p.34095,Isaiah Likely,TE,3.6
2,449.l.808129.t.6,449.p.34042,Malik Willis,QB,12.98
2,449.l.808129.t.6,449.p.31883,A.J. Brown,WR,0.0
2,449.l.808129.t.6,449.p.28654,Raheem Mostert,RB,0.0
2,449.l.808129.t.6,449.p.32231,Jakobi Meyers,WR,4.9
2,449.l.808129.t.6,449.p.32696,Jordan Love,QB,0.0
2,449.l.808129.t.6,449.p.40952,Roman Wilson,WR,0.0
2,449.l.808129.t.6,449.p.28389,Jameis Winston,QB,0.4
2,449.l.808129.t.6,449.p.25881,Greg Zuerlein,K,6.0
2,449.l.808129.t.6,449.p.100008,Lions,DEF,8.0
2,449.l.808129.t.9,449.p.34218,Brock Purdy,QB,14.96
2,449.l.808129.t.9,449.p.40899,Malik Nabers,WR,23.7
2,449.l.808129.t.9,449.p.26699,Keenan Allen,WR,0.0
2,449.l.808129.t.9,449.p.32756,Zack Moss,RB,5.2
2,449.l.808129.t.9,449.p.33514,Chuba Hubbard,RB,9.6
2,449.l.808129.t.9,449.p.26686,Travis Kelce,TE,1.1
2,449.l.808129.t.9,449.p.28457,Tyler Lockett,WR,2.5
2,449.l.808129.t.9,449.p.30614,Taysom Hill,"QB,TE",2.4
2,449.l.808129.t.9,449.p.30121,Christian McCaffrey,RB,0.0
2,449.l.808129.t.9,449.p.40126,Josh Downs,WR,0.0
2,449.l.808129.t.9,449.p.40971,MarShawn Lloyd,RB,2.3
2,449.l.808129.t.9,449.p.34062,Cade Otton,TE,-0.4
2,449.l.808129.t.9,449.p.41009,Troy Franklin,WR,0.0
2,449.l.808129.t.9,449.p.30248,Joshua Dobbs,QB,0.0
2,449.l.808129.t.9,449.p.9526,Graham Gano,K,0.0
2,449.l.808129.t.9,449.p.100025,49ers,DEF,8.0
2,449.l.808129.t.14,449.p.32723,Jalen Hurts,QB,24.82
2,449.l.808129.t.14,449.p.33963,Drake London,WR,14.4
2,449.l.808129.t.14,449.p.33398,DeVonta Smith,WR,17.1
2,449.l.808129.t.14,449.p.34447,Jaylen Warren,RB,7.1
2,449.l.808129.t.14,449.p.29238,Ezekiel Elliott,RB,4.2
2,449.l.808129.t.14,449.p.31068,Jordan Akins,TE,1.5
2,449.l.808129.t.14,449.p.40097,Tank Dell,WR,1.8
2,449.l.808129.t.14,449.p.40040,Anthony Richardson Sr.,QB,12.86
2,449.l.808129.t.14,449.p.34085,Jake Ferguson,TE,0.0
2,449.l.808129.t.14,449.p.40958,Trey Benson,RB,2.2
2,449.l.808129.t.14,449.p.33989,Christian Watson,WR,0.0
2,449.l.808129.t.14,449.p.8795,Joe Flacco,QB,0.0
2,449.l.808129.t.14,449.p.40201,Dontayvion Wicks,WR,10.1
2,449.l.808129.t.14,449.p.33975,Kenny Pickett,QB,0.0
2,449.l.808129.t.14,449.p.32858,Tyler Bass,K,8.0
2,449.l.808129.t.14,449.p.100005,Browns,DEF,10.0
2,449.l.808129.t.3,449.p.40030,C.J. Stroud,QB,14.3
2,449.l.808129.t.3,449.p.27581,Davante Adams,WR,21.5
2,449.l.808129.t.3,449.p.40908,Ladd McConkey,WR,3.6
2,449.l.808129.t.3,449.p.34078,Zamir White,RB,5.3
2,449.l.808129.t.3,449.p.33423,Javonte Williams,RB,9.0
2,449.l.808129.t.3,449.p.33113,Juwan Johnson,TE,0.0
2,449.l.808129.t.3,449.p.31268,Allen Lazard,WR,2.1
2,449.l.808129.t.3,449.p.25812,Kirk Cousins,QB,17.54
2,449.l.808129.t.3,449.p.40121,Michael Wilson,WR,4.1
2,449.l.808129.t.3,449.p.26650,DeAndre Hopkins,WR,1.4
2,449.l.808129.t.3,449.p.30142,David Njoku,TE,0.0
2,449.l.808129.t.3,449.p.40168,Puka Nacua,WR,0.0
2,449.l.808129.t.3,449.p.30247,Jamaal Williams,RB,3.9
2,449.l.808129.t.3,449.p.32831,Tyler Johnson,WR,3.0
2,449.l.808129.t.3,449.p.28227,Cairo Santos,K,11.0
2,449.l.808129.t.3,449.p.100026,Seahawks,DEF,6.0
2,449.l.808129.t.16,449.p.31002,Lamar Jackson,QB,17.38
2,449.l.808129.t.16,449.p.40893,Marvin Harrison Jr.,WR,27.0
2,449.l.808129.t.16,449.p.32687,CeeDee Lamb,WR,17.0
2,449.l.808129.t.16,449.p.30295,Aaron Jones Sr.,RB,7.3
2,449.l.808129.t.16,449.p.32725,J.K. Dobbins,RB,19.6
2,449.l.808129.t.16,449.p.40064,Sam LaPorta,TE,2.3
2,449.l.808129.t.16,449.p.32704,Michael Pittman Jr.,WR,3.6
2,449.l.808129.t.16,449.p.40877,Xavier Worthy,WR,3.2
2,449.l.808129.t.16,449.p.40138,Aidan O'Connell,QB,0.0
2,449.l.808129.t.16,449.p.27277,Adam Thielen,WR,3.0
2,449.l.808129.t.16,449.p.31934,Alexander Mattison,RB,6.1
2,449.l.808129.t.16,449.p.29236,Carson Wentz,QB,0.0
2,449.l.808129.t.16,449.p.31945,Justice Hill,RB,4.2
2,449.l.808129.t.16,449.p.41043,Spencer Rattler,QB,0.0
2,449.l.808129.t.16,449.p.40835,Jake Bates,K,10.0
2,449.l.808129.t.16,449.p.100002,Bills,DEF,18.0
3,449.l.808129.t.5,449.p.30977,Josh Allen,QB,30.92
3,449.l.808129.t.5,449.p.40915,Adonai Mitchell,WR,0.0
3,449.l.808129.t.5,449.p.40051,Quentin Johnston,WR,11.4
3,449.l.808129.t.5,449.p.40055,Bijan Robinson,RB,12.2
3,449.l.808129.t.5,449.p.33508,Rhamondre Stevenson,RB,0.3
3,449.l.808129.t.5,449.p.29269,Hunter Henry,TE,1.9
3,449.l.808129.t.5,449.p.31960,Tony Pollard,RB,4.4
3,449.l.808129.t.5,449.p.29235,Jared Goff,QB,15.56
3,449.l.808129.t.5,449.p.33465,Joshua Palmer,WR,0.0
3,449.l.808129.t.5,449.p.30136,Evan Engram,TE,0.0
3,449.l.808129.t.5,449.p.40914,Ja'Lynn Polk,WR,2.3
3,449.l.808129.t.5,449.p.40196,Chase Brown,RB,7.9
3,449.l.808129.t.5,449.p.40890,Xavier Legette,WR,5.2
3,449.l.808129.t.5,449.p.24822,Andy Dalton,QB,24.56
3,449.l.808129.t.5,449.p.28378,Jason Myers,K,8.0
3,449.l.808129.t.5,449.p.100004,Bengals,DEF,-2.0
3,449.l.808129.t.8,449.p.30125,Deshaun Watson,QB,16.44
3,449.l.808129.t.8,449.p.28534,Stefon Diggs,WR,14.92
3,449.l.808129.t.8,449.p.30996,Calvin Ridley,WR,1.4
3,449.l.808129.t.8,449.p.31856,Josh Jacobs,RB,5.3
3,449.l.808129.t.8,449.p.34047,Rachaad White,RB,6.0
3,449.l.808129.t.8,449.p.30213,Jonnu Smith,TE,2.8
3,449.l.808129.t.8,449.p.32685,Jerry Jeudy,WR,6.7
3,449.l.808129.t.8,449.p.40041,Jaxon Smith-Njigba,WR,5.4
3,449.l.808129.t.8,449.p.32675,Tua Tagovailoa,QB,0.0
3,449.l.808129.t.8,449.p.41010,Jaylen Wright,RB,1.7
3,449.l.808129.t.8,449.p.25785,Russell Wilson,QB,0.0
3,449.l.808129.t.8,449.p.40911,Keon Coleman,WR,8.9
3,449.l.808129.t.8,449.p.40889,Michael Penix Jr.,QB,0.0
3,449.l.808129.t.8,449.p.40095,Tank Bigsby,RB,0.9
3,449.l.808129.t.8,449.p.33537,Evan McPherson,K,9.0
3,449.l.808129.t.8,449.p.100011,Colts,DEF,11.0
3,449.l.808129.t.1,449.p.7200,Aaron Rodgers,QB,21.04
3,449.l.808129.t.1,449.p.31896,DK Metcalf,WR,18.4
3,449.l.808129.t.1,449.p.34659,Rashid Shaheed,WR,0.0
3,449.l.808129.t.1,449.p.33413,Travis Etienne Jr.,RB,10.5
3,449.l.808129.t.1,449.p.40059,Jahmyr Gibbs,RB,16.3
3,449.l.808129.t.1,449.p.31019,Dallas Goedert,TE,22.0
3,449.l.808129.t.1,449.p.40118,De'Von Achane,RB,7.3
3,449.l.808129.t.1,449.p.30971,Baker Mayfield,QB,9.52
3,449.l.808129.t.1,449.p.34104,Khalil Shakir,WR,16.2
3,449.l.808129.t.1,449.p.40696,Jaleel McLaughlin,RB,7.9
3,449.l.808129.t.1,449.p.31840,T.J. Hockenson,TE,0.0
3,449.l.808129.t.1,449.p.40892,Ricky Pearsall,WR,0.0
3,449.l.808129.t.1,449.p.24967,Tyrod Taylor,QB,0.0
3,449.l.808129.t.1,449.p.33452,Kyle Trask,QB,0.0
3,449.l.808129.t.1,449.p.34344,Cameron Dicker,K,4.0
3,449.l.808129.t.1,449.p.100034,Texans,DEF,3.0
3,449.l.808129.t.15,449.p.40900,Caleb Williams,QB,19.32
3,449.l.808129.t.15,449.p.28392,Amari Cooper,WR,24.1
3,449.l.808129.t.15,449.p.31908,Terry McLaurin,WR,18.0
3,449.l.808129.t.15,449.p.30218,James Conner,RB,3.0
3,449.l.808129.t.15,449.p.33412,Najee Harris,RB,11.1
3,449.l.808129.t.15,449.p.33392,Kyle Pitts Sr.,TE,6.9
3,449.l.808129.t.15,449.p.32798,Gabe Davis,WR,2.8
3,449.l.808129.t.15,449.p.9265,Matthew Stafford,QB,12.84
3,449.l.808129.t.15,449.p.40119,Tyjae Spears,RB,8.1
3,449.l.808129.t.15,449.p.30161,Joe Mixon,RB,0.0
3,449.l.808129.t.15,449.p.40926,Jonathon Brooks,RB,0.0
3,449.l.808129.t.15,449.p.27590,Jimmy Garoppolo,QB,0.0
3,449.l.808129.t.15,449.p.34203,Skylar Thompson,QB,4.28
3,449.l.808129.t.15,449.p.40819,Brandon Aubrey,K,11.0
3,449.l.808129.t.15,449.p.100023,Steelers,DEF,9.0
3,449.l.808129.t.15,449.p.100033,Ravens,DEF,5.0
3,449.l.808129.t.2,449.p.32671,Joe Burrow,QB,25.36
3,449.l.808129.t.2,449.p.32692,Justin Jefferson,WR,17.1
3,449.l.808129.t.2,449.p.29360,Demarcus Robinson,WR,3.7
3,449.l.808129.t.2,449.p.34112,Jerome Ford,RB,8.5
3,449.l.808129.t.2,449.p.30202,D'Onta Foreman,RB,0.5
3,449.l.808129.t.2,449.p.31107,Dalton Schultz,TE,2.1
3,449.l.808129.t.2,449.p.34019,James Cook III,RB,16.7
3,449.l.808129.t.2,449.p.26662,Geno Smith,QB,13.36
3,449.l.808129.t.2,449.p.33996,Kenneth Walker III,RB,0.0
3,449.l.808129.t.2,449.p.34099,Chig Okonkwo,TE,2.5
3,449.l.808129.t.2,449.p.40042,Jordan Addison,WR,0.0
3,449.l.808129.t.2,449.p.40074,Luke Musgrave,TE,0.8
3,449.l.808129.t.2,449.p.30120,Mike Williams,WR,4.9
3,449.l.808129.t.2,449.p.32138,Jake Browning,QB,0.0
3,449.l.808129.t.2,449.p.29792,Ka'imi Fairbairn,K,1.0
3,449.l.808129.t.2,449.p.100003,Bears,DEF,5.0
3,449.l.808129.t.10,449.p.30973,Sam Darnold,QB,23.24
3,449.l.808129.t.10,449.p.33500,Amon-Ra St. Brown,WR,17.0
3,449.l.808129.t.10,449.p.34008,Alec Pierce,WR,4.9
3,449.l.808129.t.10,449.p.31906,Devin Singletary,RB,16.8
3,449.l.808129.t.10,449.p.41464,Carson Steele,RB,7.9
3,449.l.808129.t.10,449.p.32713,Cole Kmet,TE,20.7
3,449.l.808129.t.10,449.p.30994,DJ Moore,WR,11.2
3,449.l.808129.t.10,449.p.40068,Will Levis,QB,15.6
3,449.l.808129.t.10,449.p.30423,Austin Ekeler,RB,12.7
3,449.l.808129.t.10,449.p.30182,Cooper Kupp,WR,0.0
3,449.l.808129.t.10,449.p.34207,Isiah Pacheco,RB,0.0
3,449.l.808129.t.10,449.p.40029,Bryce Young,QB,0.0
3,449.l.808129.t.10,449.p.34125,Ty Chandler,RB,1.3
3,449.l.808129.t.10,449.p.40980,Ray Davis,RB,8.8
3,449.l.808129.t.10,449.p.30346,Harrison Butker,K,13.0
3,449.l.808129.t.10,449.p.100006,Cowboys,DEF,-1.0
3,449.l.808129.t.7,449.p.40896,Jayden Daniels,QB,28.06
3,449.l.808129.t.7,449.p.33965,Garrett Wilson,WR,11.8
3,449.l.808129.t.7,449.p.27535,Mike Evans,WR,2.7
3,449.l.808129.t.7,449.p.30972,Saquon Barkley,RB,31.6
3,449.l.808129.t.7,449.p.30180,Alvin Kamara,RB,14.2
3,449.l.808129.t.7,449.p.40878,Brock Bowers,TE,5.6
3,449.l.808129.t.7,449.p.33967,Jameson Williams,WR,0.7
3,449.l.808129.t.7,449.p.32010,Gardner Minshew,QB,14.96
3,449.l.808129.t.7,449.p.40881,Drake Maye,QB,2.08
3,449.l.808129.t.7,449.p.34107,Tyler Allgeier,RB,3.2
3,449.l.808129.t.7,449.p.27548,Brandin Cooks,WR,2.6
3,449.l.808129.t.7,449.p.33538,Kenneth Gainwell,RB,2.2
3,449.l.808129.t.7,449.p.34100,Sam Howell,QB,0.0
3,449.l.808129.t.7,449.p.30247,Jamaal Williams,RB,0.4
3,449.l.808129.t.7,449.p.30266,Jake Elliott,K,1.0
3,449.l.808129.t.7,449.p.100027,Buccaneers,DEF,2.0
3,449.l.808129.t.13,449.p.33389,Trevor Lawrence,QB,10.42
3,449.l.808129.t.13,449.p.33393,Ja'Marr Chase,WR,26.8
3,449.l.808129.t.13,449.p.33394,Jaylen Waddle,WR,4.6
3,449.l.808129.t.13,449.p.29279,Derrick Henry,RB,29.9
3,449.l.808129.t.13,449.p.31905,David Montgomery,RB,19.7
3,449.l.808129.t.13,449.p.31012,Mike Gesicki,TE,6.7
3,449.l.808129.t.13,449.p.34007,George Pickens,WR,8.2
3,449.l.808129.t.13,449.p.33399,Justin Fields,QB,19.4
3,449.l.808129.t.13,449.p.40707,Emanuel Wilson,RB,15.5
3,449.l.808129.t.13,449.p.30259,George Kittle,TE,0.0
3,449.l.808129.t.13,449.p.40875,Bo Nix,QB,19.34
3,449.l.808129.t.13,449.p.31005,Nick Chubb,RB,0.0
3,449.l.808129.t.13,449.p.34088,Romeo Doubs,WR,2.3
3,449.l.808129.t.13,449.p.40222,DeMario Douglas,WR,11.3
3,449.l.808129.t.13,449.p.32384,Joey Slye,K,4.0
3,449.l.808129.t.13,449.p.100009,Packers,DEF,21.0
3,449.l.808129.t.4,449.p.30123,Patrick Mahomes,QB,17.38
3,449.l.808129.t.4,449.p.32695,Brandon Aiyuk,WR,7.3
3,449.l.808129.t.4,449.p.30197,Chris Godwin Jr.,WR,14.3
3,449.l.808129.t.4,449.p.33991,Breece Hall,RB,16.3
3,449.l.808129.t.4,449.p.34320,Jordan Mason,RB,9.8
3,449.l.808129.t.4,449.p.32803,Colby Parkinson,TE,3.6
3,449.l.808129.t.4,449.p.32722,Cam Akers,RB,9.4
3,449.l.808129.t.4,449.p.29369,Dak Prescott,QB,29.86
3,449.l.808129.t.4,449.p.40883,Brian Thomas Jr.,WR,7.3
3,449.l.808129.t.4,449.p.32843,Darnell Mooney,WR,10.6
3,449.l.808129.t.4,449.p.33100,Rico Dowdle,RB,7.1
3,449.l.808129.t.4,449.p.33605,Khalil Herbert,RB,0.9
3,449.l.808129.t.4,449.p.30199,Kareem Hunt,RB,0.0
3,449.l.808129.t.4,449.p.31898,Diontae Johnson,WR,22.2
3,449.l.808129.t.4,449.p.40129,Jake Moody,K,6.0
3,449.l.808129.t.4,449.p.100024,Chargers,DEF,5.0
3,449.l.808129.t.11,449.p.31838,Daniel Jones,QB,19.44
3,449.l.808129.t.11,449.p.33477,Nico Collins,WR,10.6
3,449.l.808129.t.11,449.p.40063,Jayden Reed,WR,8.9
3,449.l.808129.t.11,449.p.32705,D'Andre Swift,RB,5.2
3,449.l.808129.t.11,449.p.40075,Zach Charbonnet,RB,24.2
3,449.l.808129.t.11,449.p.34010,Trey McBride,TE,4.0
3,449.l.808129.t.11,449.p.33966,Chris Olave,WR,17.6
3,449.l.808129.t.11,449.p.32676,Justin Herbert,QB,9.0
3,449.l.808129.t.11,449.p.31868,Deebo Samuel,WR,0.0
3,449.l.808129.t.11,449.p.31424,Gus Edwards,RB,0.9
3,449.l.808129.t.11,449.p.40901,Rome Odunze,WR,20.4
3,449.l.808129.t.11,449.p.31998,Easton Stick,QB,0.0
3,449.l.808129.t.11,449.p.31874,Drew Lock,QB,0.0
3,449.l.808129.t.11,449.p.28839,Taylor Heinicke,QB,0.96
3,449.l.808129.t.11,449.p.26534,Justin Tucker,K,4.0
3,449.l.808129.t.11,449.p.100015,Dolphins,DEF,7.0
3,449.l.808129.t.12,449.p.31833,Kyler Murray,QB,15.78
3,449.l.808129.t.12,449.p.40039,Zay Flowers,WR,3.8
3,449.l.808129.t.12,449.p.40084,Rashee Rice,WR,23.1
3,449.l.808129.t.12,449.p.32711,Jonathan Taylor,RB,26.0
3,449.l.808129.t.12,449.p.34120,Kyren Williams,RB,30.6
3,449.l.808129.t.12,449.p.40048,Dalton Kincaid,TE,11.6
3,449.l.808129.t.12,449.p.32703,Tee Higgins,WR,5.4
3,449.l.808129.t.12,449.p.27564,Derek Carr,QB,8.98
3,449.l.808129.t.12,449.p.34054,Brian Robinson Jr.,RB,10.2
3,449.l.808129.t.12,449.p.31017,Christian Kirk,WR,11.9
3,449.l.808129.t.12,449.p.40962,Blake Corum,RB,0.0
3,449.l.808129.t.12,449.p.31010,Courtland Sutton,WR,10.3
3,449.l.808129.t.12,449.p.33443,Pat Freiermuth,TE,5.3
3,449.l.808129.t.12,449.p.31885,Miles Sanders,RB,10.0
3,449.l.808129.t.12,449.p.30426,Younghoe Koo,K,7.0
3,449.l.808129.t.12,449.p.100020,Jets,DEF,17.0
3,449.l.808129.t.6,449.p.29325,Jacoby Brissett,QB,3.92
3,449.l.808129.t.6,449.p.29399,Tyreek Hill,WR,5.5
3,449.l.808129.t.6,449.p.33998,Wan'Dale Robinson,WR,9.6
3,449.l.808129.t.6,449.p.40993,Bucky Irving,RB,9.9
3,449.l.808129.t.6,449.p.30227,Samaje Perine,RB,5.5
3,449.l.808129.t.6,449.p.34095,Isaiah Likely,TE,0.9
3,449.l.808129.t.6,449.p.31056,Mark Andrews,TE,0.0
3,449.l.808129.t.6,449.p.34042,Malik Willis,QB,25.38
3,449.l.808129.t.6,449.p.32696,Jordan Love,QB,0.0
3,449.l.808129.t.6,449.p.28654,Raheem Mostert,RB,0.0
3,449.l.808129.t.6,449.p.31883,A.J. Brown,WR,0.0
3,449.l.808129.t.6,449.p.32231,Jakobi Meyers,WR,17.7
3,449.l.808129.t.6,449.p.40952,Roman Wilson,WR,0.0
3,449.l.808129.t.6,449.p.28389,Jameis Winston,QB,0.1
3,449.l.808129.t.6,449.p.25881,Greg Zuerlein,K,6.0
3,449.l.808129.t.6,449.p.100013,Raiders,DEF,-2.0
3,449.l.808129.t.9,449.p.34218,Brock Purdy,QB,25.78
3,449.l.808129.t.9,449.p.40899,Malik Nabers,WR,24.2
3,449.l.808129.t.9,449.p.40126,Josh Downs,WR,3.7
3,449.l.808129.t.9,449.p.32756,Zack Moss,RB,18.2
3,449.l.808129.t.9,449.p.33514,Chuba Hubbard,RB,25.4
3,449.l.808129.t.9,449.p.26686,Travis Kelce,TE,5.0
3,449.l.808129.t.9,449.p.28457,Tyler Lockett,WR,7.1
3,449.l.808129.t.9,449.p.30614,Taysom Hill,"QB,TE",0.0
3,449.l.808129.t.9,449.p.26699,Keenan Allen,WR,0.0
3,449.l.808129.t.9,449.p.30121,Christian McCaffrey,RB,0.0
3,449.l.808129.t.9,449.p.34062,Cade Otton,TE,6.2
3,449.l.808129.t.9,449.p.41009,Troy Franklin,WR,2.1
3,449.l.808129.t.9,449.p.30248,Joshua Dobbs,QB,0.0
3,449.l.808129.t.9,449.p.28188,Chris Boswell,K,8.0
3,449.l.808129.t.9,449.p.9526,Graham Gano,K,0.0
3,449.l.808129.t.9,449.p.100025,49ers,DEF,3.0
3,449.l.808129.t.14,449.p.32723,Jalen Hurts,QB,11.94
3,449.l.808129.t.14,449.p.33963,Drake London,WR,15.7
3,449.l.808129.t.14,449.p.33398,DeVonta Smith,WR,11.4
3,449.l.808129.t.14,449.p.34447,Jaylen Warren,RB,0.6
3,449.l.808129.t.14,449.p.29238,Ezekiel Elliott,RB,1.7
3,449.l.808129.t.14,449.p.34085,Jake Ferguson,TE,12.5
3,449.l.808129.t.14,449.p.40097,Tank Dell,WR,8.7
3,449.l.808129.t.14,449.p.40040,Anthony Richardson Sr.,QB,7.08
3,449.l.808129.t.14,449.p.40958,Trey Benson,RB,0.8
3,449.l.808129.t.14,449.p.33989,Christian Watson,WR,7.7
3,449.l.808129.t.14,449.p.8795,Joe Flacco,QB,0.0
3,449.l.808129.t.14,449.p.40201,Dontayvion Wicks,WR,0.0
3,449.l.808129.t.14,449.p.33975,Kenny Pickett,QB,0.0
3,449.l.808129.t.14,449.p.40981,Braelon Allen,RB,8.3
3,449.l.808129.t.14,449.p.32858,Tyler Bass,K,12.0
3,449.l.808129.t.14,449.p.100005,Browns,DEF,6.0
3,449.l.808129.t.3,449.p.40030,C.J. Stroud,QB,11.8
3,449.l.808129.t.3,449.p.27581,Davante Adams,WR,6.0
3,449.l.808129.t.3,449.p.40908,Ladd McConkey,WR,5.9
3,449.l.808129.t.3,449.p.34078,Zamir White,RB,3.4
3,449.l.808129.t.3,449.p.33423,Javonte Williams,RB,4.1
3,449.l.808129.t.3,449.p.26658,Zach Ertz,TE,6.3
3,449.l.808129.t.3,449.p.32831,Tyler Johnson,WR,3.5
3,449.l.808129.t.3,449.p.25812,Kirk Cousins,QB,12.1
3,449.l.808129.t.3,449.p.30142,David Njoku,TE,0.0
3,449.l.808129.t.3,449.p.31268,Allen Lazard,WR,12.3
3,449.l.808129.t.3,449.p.26650,DeAndre Hopkins,WR,16.3
3,449.l.808129.t.3,449.p.40168,Puka Nacua,WR,0.0
3,449.l.808129.t.3,449.p.32736,Antonio Gibson,RB,5.2
3,449.l.808129.t.3,449.p.34157,Keaontay Ingram,RB,0.0
3,449.l.808129.t.3,449.p.40296,Blake Grupe,K,6.0
3,449.l.808129.t.3,449.p.100026,Seahawks,DEF,14.0
3,449.l.808129.t.16,449.p.31002,Lamar Jackson,QB,25.98
3,449.l.808129.t.16,449.p.40893,Marvin Harrison Jr.,WR,14.9
3,449.l.808129.t.16,449.p.32687,CeeDee Lamb,WR,6.7
3,449.l.808129.t.16,449.p.30295,Aaron Jones Sr.,RB,23.3
3,449.l.808129.t.16,449.p.32725,J.K. Dobbins,RB,6.9
3,449.l.808129.t.16,449.p.40064,Sam LaPorta,TE,4.6
3,449.l.808129.t.16,449.p.32704,Michael Pittman Jr.,WR,5.6
3,449.l.808129.t.16,449.p.40877,Xavier Worthy,WR,4.0
3,449.l.808129.t.16,449.p.40138,Aidan O'Connell,QB,7.28
3,449.l.808129.t.16,449.p.27277,Adam Thielen,WR,11.5
3,449.l.808129.t.16,449.p.31934,Alexander Mattison,RB,11.9
3,449.l.808129.t.16,449.p.29236,Carson Wentz,QB,0.0
3,449.l.808129.t.16,449.p.31945,Justice Hill,RB,6.4
3,449.l.808129.t.16,449.p.32993,Tyler Huntley,QB,0.0
3,449.l.808129.t.16,449.p.40835,Jake Bates,K,2.0
3,449.l.808129.t.16,449.p.100002,Bills,DEF,13.0
4,449.l.808129.t.5,449.p.30977,Josh Allen,QB,7.3
4,449.l.808129.t.5,449.p.40051,Quentin Johnston,WR,1.8
4,449.l.808129.t.5,449.p.40883,Brian Thomas Jr.,WR,18.9
4,449.l.808129.t.5,449.p.40055,Bijan Robinson,RB,9.4
4,449.l.808129.t.5,449.p.33508,Rhamondre Stevenson,RB,6.2
4,449.l.808129.t.5,449.p.29269,Hunter Henry,TE,2.2
4,449.l.808129.t.5,449.p.31960,Tony Pollard,RB,17.8
4,449.l.808129.t.5,449.p.29235,Jared Goff,QB,26.68
4,449.l.808129.t.5,449.p.33465,Joshua Palmer,WR,5.1
4,449.l.808129.t.5,449.p.40196,Chase Brown,RB,22.2
4,449.l.808129.t.5,449.p.40890,Xavier Legette,WR,16.6
4,449.l.808129.t.5,449.p.24822,Andy Dalton,QB,16.7
4,449.l.808129.t.5,449.p.40211,Andrei Iosivas,WR,3.4
4,449.l.808129.t.5,449.p.31127,Tyler Conklin,TE,3.7
4,449.l.808129.t.5,449.p.28378,Jason Myers,K,3.0
4,449.l.808129.t.5,449.p.100016,Vikings,DEF,8.0
4,449.l.808129.t.8,449.p.30125,Deshaun Watson,QB,13.24
4,449.l.808129.t.8,449.p.28534,Stefon Diggs,WR,16.0
4,449.l.808129.t.8,449.p.30996,Calvin Ridley,WR,2.0
4,449.l.808129.t.8,449.p.31856,Josh Jacobs,RB,9.8
4,449.l.808129.t.8,449.p.34047,Rachaad White,RB,9.4
4,449.l.808129.t.8,449.p.30213,Jonnu Smith,TE,0.0
4,449.l.808129.t.8,449.p.32685,Jerry Jeudy,WR,10.2
4,449.l.808129.t.8,449.p.40041,Jaxon Smith-Njigba,WR,9.1
4,449.l.808129.t.8,449.p.32675,Tua Tagovailoa,QB,0.0
4,449.l.808129.t.8,449.p.41010,Jaylen Wright,RB,3.2
4,449.l.808129.t.8,449.p.25785,Russell Wilson,QB,0.0
4,449.l.808129.t.8,449.p.40911,Keon Coleman,WR,6.6
4,449.l.808129.t.8,449.p.40889,Michael Penix Jr.,QB,0.0
4,449.l.808129.t.8,449.p.40095,Tank Bigsby,RB,9.0
4,449.l.808129.t.8,449.p.33537,Evan McPherson,K,13.0
4,449.l.808129.t.8,449.p.100011,Colts,DEF,8.0
4,449.l.808129.t.1,449.p.7200,Aaron Rodgers,QB,11.6
4,449.l.808129.t.1,449.p.31896,DK Metcalf,WR,11.9
4,449.l.808129.t.1,449.p.34104,Khalil Shakir,WR,8.2
4,449.l.808129.t.1,449.p.33413,Travis Etienne Jr.,RB,6.5
4,449.l.808129.t.1,449.p.40059,Jahmyr Gibbs,RB,19.8
4,449.l.808129.t.1,449.p.31019,Dallas Goedert,TE,9.7
4,449.l.808129.t.1,449.p.40118,De'Von Achane,RB,4.4
4,449.l.808129.t.1,449.p.30971,Baker Mayfield,QB,28.88
4,449.l.808129.t.1,449.p.34659,Rashid Shaheed,WR,11.7
4,449.l.808129.t.1,449.p.40696,Jaleel McLaughlin,RB,5.1
4,449.l.808129.t.1,449.p.31840,T.J. Hockenson,TE,0.0
4,449.l.808129.t.1,449.p.40892,Ricky Pearsall,WR,0.0
4,449.l.808129.t.1,449.p.24967,Tyrod Taylor,QB,0.0
4,449.l.808129.t.1,449.p.33452,Kyle Trask,QB,0.0
4,449.l.808129.t.1,449.p.34344,Cameron Dicker,K,6.0
4,449.l.808129.t.1,449.p.100034,Texans,DEF,2.0
4,449.l.808129.t.15,449.p.40900,Caleb Williams,QB,11.48
4,449.l.808129.t.15,449.p.28392,Amari Cooper,WR,5.5
4,449.l.808129.t.15,449.p.31908,Terry McLaurin,WR,14.7
4,449.l.808129.t.15,449.p.30218,James Conner,RB,17.8
4,449.l.808129.t.15,449.p.33412,Najee Harris,RB,8.8
4,449.l.808129.t.15,449.p.33392,Kyle Pitts Sr.,TE,0.0
4,449.l.808129.t.15,449.p.32798,Gabe Davis,WR,0.3
4,449.l.808129.t.15,449.p.9265,Matthew Stafford,QB,5.86
4,449.l.808129.t.15,449.p.30161,Joe Mixon,RB,0.0
4,449.l.808129.t.15,449.p.40121,Michael Wilson,WR,3.3
4,449.l.808129.t.15,449.p.40119,Tyjae Spears,RB,10.9
4,449.l.808129.t.15,449.p.40926,Jonathon Brooks,RB,0.0
4,449.l.808129.t.15,449.p.27590,Jimmy Garoppolo,QB,0.0
4,449.l.808129.t.15,449.p.34203,Skylar Thompson,QB,0.0
4,449.l.808129.t.15,449.p.40819,Brandon Aubrey,K,11.0
4,449.l.808129.t.15,449.p.100023,Steelers,DEF,2.0
4,449.l.808129.t.2,449.p.32671,Joe Burrow,QB,17.28
4,449.l.808129.t.2,449.p.32692,Justin Jefferson,WR,17.5
4,449.l.808129.t.2,449.p.40042,Jordan Addison,WR,21.4
4,449.l.808129.t.2,449.p.34112,Jerome Ford,RB,12.0
4,449.l.808129.t.2,449.p.33996,Kenneth Walker III,RB,31.6
4,449.l.808129.t.2,449.p.31107,Dalton Schultz,TE,4.9
4,449.l.808129.t.2,449.p.34019,James Cook III,RB,5.3
4,449.l.808129.t.2,449.p.26662,Geno Smith,QB,22.6
4,449.l.808129.t.2,449.p.30202,D'Onta Foreman,RB,1.2
4,449.l.808129.t.2,449.p.29360,Demarcus Robinson,WR,4.7
4,449.l.808129.t.2,449.p.34099,Chig Okonkwo,TE,1.0
4,449.l.808129.t.2,449.p.40074,Luke Musgrave,TE,2.8
4,449.l.808129.t.2,449.p.30120,Mike Williams,WR,8.7
4,449.l.808129.t.2,449.p.32138,Jake Browning,QB,0.0
4,449.l.808129.t.2,449.p.29792,Ka'imi Fairbairn,K,6.0
4,449.l.808129.t.2,449.p.100003,Bears,DEF,8.0
4,449.l.808129.t.10,449.p.30973,Sam Darnold,QB,21.5
4,449.l.808129.t.10,449.p.33500,Amon-Ra St. Brown,WR,17.78
4,449.l.808129.t.10,449.p.34008,Alec Pierce,WR,1.4
4,449.l.808129.t.10,449.p.31906,Devin Singletary,RB,4.3
4,449.l.808129.t.10,449.p.41464,Carson Steele,RB,-0.9
4,449.l.808129.t.10,449.p.32713,Cole Kmet,TE,4.9
4,449.l.808129.t.10,449.p.30994,DJ Moore,WR,9.7
4,449.l.808129.t.10,449.p.40068,Will Levis,QB,0.5
4,449.l.808129.t.10,449.p.30423,Austin Ekeler,RB,0.0
4,449.l.808129.t.10,449.p.30182,Cooper Kupp,WR,0.0
4,449.l.808129.t.10,449.p.34207,Isiah Pacheco,RB,0.0
4,449.l.808129.t.10,449.p.40029,Bryce Young,QB,0.0
4,449.l.808129.t.10,449.p.34125,Ty Chandler,RB,1.8
4,449.l.808129.t.10,449.p.30346,Harrison Butker,K,5.0
4,449.l.808129.t.10,449.p.100006,Cowboys,DEF,4.0
4,449.l.808129.t.10,449.p.100012,Chiefs,DEF,6.0
4,449.l.808129.t.7,449.p.40896,Jayden Daniels,QB,25.02
4,449.l.808129.t.7,449.p.33965,Garrett Wilson,WR,4.6
4,449.l.808129.t.7,449.p.27535,Mike Evans,WR,19.4
4,449.l.808129.t.7,449.p.30972,Saquon Barkley,RB,12.6
4,449.l.808129.t.7,449.p.30180,Alvin Kamara,RB,21.4
4,449.l.808129.t.7,449.p.40878,Brock Bowers,TE,4.1
4,449.l.808129.t.7,449.p.33967,Jameson Williams,WR,15.0
4,449.l.808129.t.7,449.p.32010,Gardner Minshew,QB,5.0
4,449.l.808129.t.7,449.p.40881,Drake Maye,QB,0.0
4,449.l.808129.t.7,449.p.34107,Tyler Allgeier,RB,9.0
4,449.l.808129.t.7,449.p.27548,Brandin Cooks,WR,2.1
4,449.l.808129.t.7,449.p.33538,Kenneth Gainwell,RB,0.9
4,449.l.808129.t.7,449.p.34100,Sam Howell,QB,0.0
4,449.l.808129.t.7,449.p.30247,Jamaal Williams,RB,2.9
4,449.l.808129.t.7,449.p.30266,Jake Elliott,K,2.0
4,449.l.808129.t.7,449.p.100008,Lions,DEF,7.0
4,449.l.808129.t.13,449.p.33389,Trevor Lawrence,QB,14.76
4,449.l.808129.t.13,449.p.33393,Ja'Marr Chase,WR,16.0
4,449.l.808129.t.13,449.p.33394,Jaylen Waddle,WR,5.6
4,449.l.808129.t.13,449.p.29279,Derrick Henry,RB,34.4
4,449.l.808129.t.13,449.p.31905,David Montgomery,RB,14.5
4,449.l.808129.t.13,449.p.30259,George Kittle,TE,12.5
4,449.l.808129.t.13,449.p.34007,George Pickens,WR,12.8
4,449.l.808129.t.13,449.p.33399,Justin Fields,QB,31.98
4,449.l.808129.t.13,449.p.31012,Mike Gesicki,TE,-0.4
4,449.l.808129.t.13,449.p.40707,Emanuel Wilson,RB,2.7
4,449.l.808129.t.13,449.p.40875,Bo Nix,QB,6.7
4,449.l.808129.t.13,449.p.31005,Nick Chubb,RB,0.0
4,449.l.808129.t.13,449.p.34088,Romeo Doubs,WR,5.9
4,449.l.808129.t.13,449.p.40222,DeMario Douglas,WR,2.8
4,449.l.808129.t.13,449.p.41235,Brayden Narveson,K,3.0
4,449.l.808129.t.13,449.p.100014,Rams,DEF,3.0
4,449.l.808129.t.4,449.p.30123,Patrick Mahomes,QB,14.0
4,449.l.808129.t.4,449.p.32695,Brandon Aiyuk,WR,5.8
4,449.l.808129.t.4,449.p.30197,Chris Godwin Jr.,WR,9.9
4,449.l.808129.t.4,449.p.33991,Breece Hall,RB,2.8
4,449.l.808129.t.4,449.p.34320,Jordan Mason,RB,23.0
4,449.l.808129.t.4,449.p.40226,Elijah Higgins,TE,2.2
4,449.l.808129.t.4,449.p.31898,Diontae Johnson,WR,17.8
4,449.l.808129.t.4,449.p.29369,Dak Prescott,QB,16.74
4,449.l.808129.t.4,449.p.32722,Cam Akers,RB,5.3
4,449.l.808129.t.4,449.p.32843,Darnell Mooney,WR,7.1
4,449.l.808129.t.4,449.p.33100,Rico Dowdle,RB,12.6
4,449.l.808129.t.4,449.p.33605,Khalil Herbert,RB,0.0
4,449.l.808129.t.4,449.p.30199,Kareem Hunt,RB,9.5
4,449.l.808129.t.4,449.p.30136,Evan Engram,TE,0.0
4,449.l.808129.t.4,449.p.40129,Jake Moody,K,13.0
4,449.l.808129.t.4,449.p.100010,Titans,DEF,10.0
4,449.l.808129.t.11,449.p.31838,Daniel Jones,QB,10.54
4,449.l.808129.t.11,449.p.33477,Nico Collins,WR,27.1
4,449.l.808129.t.11,449.p.40063,Jayden Reed,WR,23.6
4,449.l.808129.t.11,449.p.32705,D'Andre Swift,RB,26.0
4,449.l.808129.t.11,449.p.40075,Zach Charbonnet,RB,7.9
4,449.l.808129.t.11,449.p.31068,Jordan Akins,TE,1.5
4,449.l.808129.t.11,449.p.33966,Chris Olave,WR,12.7
4,449.l.808129.t.11,449.p.32676,Justin Herbert,QB,11.16
4,449.l.808129.t.11,449.p.34010,Trey McBride,TE,0.0
4,449.l.808129.t.11,449.p.31868,Deebo Samuel,WR,8.7
4,449.l.808129.t.11,449.p.31424,Gus Edwards,RB,1.9
4,449.l.808129.t.11,449.p.40901,Rome Odunze,WR,1.5
4,449.l.808129.t.11,449.p.31874,Drew Lock,QB,0.0
4,449.l.808129.t.11,449.p.28839,Taylor Heinicke,QB,0.0
4,449.l.808129.t.11,449.p.26534,Justin Tucker,K,5.0
4,449.l.808129.t.11,449.p.100015,Dolphins,DEF,2.0
4,449.l.808129.t.12,449.p.31833,Kyler Murray,QB,9.98
4,449.l.808129.t.12,449.p.40039,Zay Flowers,WR,1.5
4,449.l.808129.t.12,449.p.40084,Rashee Rice,WR,0.0
4,449.l.808129.t.12,449.p.32711,Jonathan Taylor,RB,18.3
4,449.l.808129.t.12,449.p.34120,Kyren Williams,RB,18.4
4,449.l.808129.t.12,449.p.40048,Dalton Kincaid,TE,7.2
4,449.l.808129.t.12,449.p.34054,Brian Robinson Jr.,RB,18.8
4,449.l.808129.t.12,449.p.27564,Derek Carr,QB,9.06
4,449.l.808129.t.12,449.p.32703,Tee Higgins,WR,9.0
4,449.l.808129.t.12,449.p.31017,Christian Kirk,WR,15.6
4,449.l.808129.t.12,449.p.40962,Blake Corum,RB,0.0
4,449.l.808129.t.12,449.p.31010,Courtland Sutton,WR,13.5
4,449.l.808129.t.12,449.p.33443,Pat Freiermuth,TE,14.2
4,449.l.808129.t.12,449.p.31885,Miles Sanders,RB,6.1
4,449.l.808129.t.12,449.p.30426,Younghoe Koo,K,20.0
4,449.l.808129.t.12,449.p.100020,Jets,DEF,6.0
4,449.l.808129.t.6,449.p.29325,Jacoby Brissett,QB,8.02
4,449.l.808129.t.6,449.p.29399,Tyreek Hill,WR,6.2
4,449.l.808129.t.6,449.p.32231,Jakobi Meyers,WR,7.4
4,449.l.808129.t.6,449.p.40993,Bucky Irving,RB,12.0
4,449.l.808129.t.6,449.p.30227,Samaje Perine,RB,7.4
4,449.l.808129.t.6,449.p.34095,Isaiah Likely,TE,3.1
4,449.l.808129.t.6,449.p.31056,Mark Andrews,TE,0.0
4,449.l.808129.t.6,449.p.32696,Jordan Love,QB,31.16
4,449.l.808129.t.6,449.p.28654,Raheem Mostert,RB,0.0
4,449.l.808129.t.6,449.p.31883,A.J. Brown,WR,0.0
4,449.l.808129.t.6,449.p.34042,Malik Willis,QB,0.0
4,449.l.808129.t.6,449.p.33998,Wan'Dale Robinson,WR,12.6
4,449.l.808129.t.6,449.p.40952,Roman Wilson,WR,0.0
4,449.l.808129.t.6,449.p.28389,Jameis Winston,QB,0.0
4,449.l.808129.t.6,449.p.25881,Greg Zuerlein,K,10.0
4,449.l.808129.t.6,449.p.100013,Raiders,DEF,9.0
4,449.l.808129.t.9,449.p.34218,Brock Purdy,QB,15.62
4,449.l.808129.t.9,449.p.40899,Malik Nabers,WR,17.1
4,449.l.808129.t.9,449.p.28457,Tyler Lockett,WR,8.6
4,449.l.808129.t.9,449.p.32756,Zack Moss,RB,15.8
4,449.l.808129.t.9,449.p.33514,Chuba Hubbard,RB,20.1
4,449.l.808129.t.9,449.p.26686,Travis Kelce,TE,12.4
4,449.l.808129.t.9,449.p.32887,Jauan Jennings,WR,10.3
4,449.l.808129.t.9,449.p.30614,Taysom Hill,"QB,TE",14.4
4,449.l.808129.t.9,449.p.40126,Josh Downs,WR,18.2
4,449.l.808129.t.9,449.p.26699,Keenan Allen,WR,3.4
4,449.l.808129.t.9,449.p.30121,Christian McCaffrey,RB,0.0
4,449.l.808129.t.9,449.p.34062,Cade Otton,TE,8.2
4,449.l.808129.t.9,449.p.30248,Joshua Dobbs,QB,0.0
4,449.l.808129.t.9,449.p.28188,Chris Boswell,K,8.0
4,449.l.808129.t.9,449.p.9526,Graham Gano,K,0.0
4,449.l.808129.t.9,449.p.100025,49ers,DEF,22.0
4,449.l.808129.t.14,449.p.32723,Jalen Hurts,QB,16.32
4,449.l.808129.t.14,449.p.33963,Drake London,WR,9.4
4,449.l.808129.t.14,449.p.33971,Jahan Dotson,WR,2.1
4,449.l.808129.t.14,449.p.29238,Ezekiel Elliott,RB,2.9
4,449.l.808129.t.14,449.p.40981,Braelon Allen,RB,5.1
4,449.l.808129.t.14,449.p.34085,Jake Ferguson,TE,8.4
4,449.l.808129.t.14,449.p.33989,Christian Watson,WR,0.0
4,449.l.808129.t.14,449.p.40040,Anthony Richardson Sr.,QB,5.24
4,449.l.808129.t.14,449.p.40201,Dontayvion Wicks,WR,22.3
4,449.l.808129.t.14,449.p.33398,DeVonta Smith,WR,0.0
4,449.l.808129.t.14,449.p.40097,Tank Dell,WR,0.0
4,449.l.808129.t.14,449.p.34447,Jaylen Warren,RB,0.0
4,449.l.808129.t.14,449.p.40958,Trey Benson,RB,5.0
4,449.l.808129.t.14,449.p.8795,Joe Flacco,QB,15.02
4,449.l.808129.t.14,449.p.32858,Tyler Bass,K,6.0
4,449.l.808129.t.14,449.p.100005,Browns,DEF,11.0
4,449.l.808129.t.3,449.p.40030,C.J. Stroud,QB,23.5
4,449.l.808129.t.3,449.p.40908,Ladd McConkey,WR,15.2
4,449.l.808129.t.3,449.p.26650,DeAndre Hopkins,WR,4.1
4,449.l.808129.t.3,449.p.33423,Javonte Williams,RB,9.0
4,449.l.808129.t.3,449.p.34078,Zamir White,RB,3.0
4,449.l.808129.t.3,449.p.26658,Zach Ertz,TE,5.7
4,449.l.808129.t.3,449.p.40162,Roschon Johnson,RB,8.6
4,449.l.808129.t.3,449.p.25812,Kirk Cousins,QB,8.52
4,449.l.808129.t.3,449.p.31268,Allen Lazard,WR,8.3
4,449.l.808129.t.3,449.p.27581,Davante Adams,WR,0.0
4,449.l.808129.t.3,449.p.30142,David Njoku,TE,0.0
4,449.l.808129.t.3,449.p.40168,Puka Nacua,WR,0.0
4,449.l.808129.t.3,449.p.32736,Antonio Gibson,RB,9.4
4,449.l.808129.t.3,449.p.33445,Tutu Atwell,WR,10.2
4,449.l.808129.t.3,449.p.40296,Blake Grupe,K,7.0
4,449.l.808129.t.3,449.p.100021,Eagles,DEF,5.0
4,449.l.808129.t.16,449.p.31002,Lamar Jackson,QB,23.64
4,449.l.808129.t.16,449.p.40893,Marvin Harrison Jr.,WR,13.0
4,449.l.808129.t.16,449.p.32687,CeeDee Lamb,WR,20.1
4,449.l.808129.t.16,449.p.30295,Aaron Jones Sr.,RB,15.9
4,449.l.808129.t.16,449.p.32725,J.K. Dobbins,RB,7.7
4,449.l.808129.t.16,449.p.40064,Sam LaPorta,TE,7.3
4,449.l.808129.t.16,449.p.40877,Xavier Worthy,WR,14.8
4,449.l.808129.t.16,449.p.32993,Tyler Huntley,QB,11.84
4,449.l.808129.t.16,449.p.32704,Michael Pittman Jr.,WR,14.3
4,449.l.808129.t.16,449.p.40138,Aidan O'Connell,QB,0.0
4,449.l.808129.t.16,449.p.31934,Alexander Mattison,RB,6.0
4,449.l.808129.t.16,449.p.29236,Carson Wentz,QB,0.0
4,449.l.808129.t.16,449.p.31945,Justice Hill,RB,18.6
4,449.l.808129.t.16,449.p.31852,Noah Fant,TE,3.6
4,449.l.808129.t.16,449.p.40835,Jake Bates,K,6.0
4,449.l.808129.t.16,449.p.100002,Bills,DEF,-1.0
5,449.l.808129.t.5,449.p.30977,Josh Allen,QB,14.64
5,449.l.808129.t.5,449.p.40883,Brian Thomas Jr.,WR,20.7
5,449.l.808129.t.5,449.p.40890,Xavier Legette,WR,1.3
5,449.l.808129.t.5,449.p.40055,Bijan Robinson,RB,9.2
5,449.l.808129.t.5,449.p.33508,Rhamondre Stevenson,RB,17.2
5,449.l.808129.t.5,449.p.29269,Hunter Henry,TE,4.2
5,449.l.808129.t.5,449.p.40196,Chase Brown,RB,14.9
5,449.l.808129.t.5,449.p.24822,Andy Dalton,QB,4.74
5,449.l.808129.t.5,449.p.29235,Jared Goff,QB,0.0
5,449.l.808129.t.5,449.p.31960,Tony Pollard,RB,0.0
5,449.l.808129.t.5,449.p.40051,Quentin Johnston,WR,0.0
5,449.l.808129.t.5,449.p.33465,Joshua Palmer,WR,0.0
5,449.l.808129.t.5,449.p.40211,Andrei Iosivas,WR,4.4
5,449.l.808129.t.5,449.p.31127,Tyler Conklin,TE,8.5
5,449.l.808129.t.5,449.p.28378,Jason Myers,K,10.0
5,449.l.808129.t.5,449.p.100016,Vikings,DEF,16.0
5,449.l.808129.t.8,449.p.30125,Deshaun Watson,QB,8.4
5,449.l.808129.t.8,449.p.28534,Stefon Diggs,WR,11.2
5,449.l.808129.t.8,449.p.40041,Jaxon Smith-Njigba,WR,11.1
5,449.l.808129.t.8,449.p.31856,Josh Jacobs,RB,15.9
5,449.l.808129.t.8,449.p.34047,Rachaad White,RB,8.1
5,449.l.808129.t.8,449.p.30213,Jonnu Smith,TE,8.6
5,449.l.808129.t.8,449.p.32685,Jerry Jeudy,WR,2.1
5,449.l.808129.t.8,449.p.40911,Keon Coleman,WR,11.4
5,449.l.808129.t.8,449.p.30996,Calvin Ridley,WR,0.0
5,449.l.808129.t.8,449.p.32675,Tua Tagovailoa,QB,0.0
5,449.l.808129.t.8,449.p.25785,Russell Wilson,QB,0.0
5,449.l.808129.t.8,449.p.40889,Michael Penix Jr.,QB,0.0
5,449.l.808129.t.8,449.p.40095,Tank Bigsby,RB,25.4
5,449.l.808129.t.8,449.p.27540,Odell Beckham Jr.,WR,0.0
5,449.l.808129.t.8,449.p.33537,Evan McPherson,K,4.0
5,449.l.808129.t.8,449.p.100011,Colts,DEF,0.0
5,449.l.808129.t.1,449.p.7200,Aaron Rodgers,QB,14.76
5,449.l.808129.t.1,449.p.31896,DK Metcalf,WR,5.5
5,449.l.808129.t.1,449.p.34659,Rashid Shaheed,WR,16.6
5,449.l.808129.t.1,449.p.33413,Travis Etienne Jr.,RB,9.0
5,449.l.808129.t.1,449.p.40118,De'Von Achane,RB,2.2
5,449.l.808129.t.1,449.p.40102,Tucker Kraft,TE,22.8
5,449.l.808129.t.1,449.p.40696,Jaleel McLaughlin,RB,10.0
5,449.l.808129.t.1,449.p.30971,Baker Mayfield,QB,23.4
5,449.l.808129.t.1,449.p.34104,Khalil Shakir,WR,0.0
5,449.l.808129.t.1,449.p.31019,Dallas Goedert,TE,0.0
5,449.l.808129.t.1,449.p.40059,Jahmyr Gibbs,RB,0.0
5,449.l.808129.t.1,449.p.31840,T.J. Hockenson,TE,0.0
5,449.l.808129.t.1,449.p.40892,Ricky Pearsall,WR,0.0
5,449.l.808129.t.1,449.p.24967,Tyrod Taylor,QB,0.0
5,449.l.808129.t.1,449.p.28227,Cairo Santos,K,6.0
5,449.l.808129.t.1,449.p.100034,Texans,DEF,2.0
5,449.l.808129.t.15,449.p.40900,Caleb Williams,QB,23.56
5,449.l.808129.t.15,449.p.28392,Amari Cooper,WR,8.0
5,449.l.808129.t.15,449.p.31908,Terry McLaurin,WR,11.4
5,449.l.808129.t.15,449.p.30218,James Conner,RB,13.0
5,449.l.808129.t.15,449.p.33412,Najee Harris,RB,8.7
5,449.l.808129.t.15,449.p.33392,Kyle Pitts Sr.,TE,12.3
5,449.l.808129.t.15,449.p.32798,Gabe Davis,WR,3.3
5,449.l.808129.t.15,449.p.9265,Matthew Stafford,QB,13.4
5,449.l.808129.t.15,449.p.30161,Joe Mixon,RB,0.0
5,449.l.808129.t.15,449.p.40121,Michael Wilson,WR,10.3
5,449.l.808129.t.15,449.p.40119,Tyjae Spears,RB,0.0
5,449.l.808129.t.15,449.p.40926,Jonathon Brooks,RB,0.0
5,449.l.808129.t.15,449.p.27590,Jimmy Garoppolo,QB,0.0
5,449.l.808129.t.15,449.p.34203,Skylar Thompson,QB,0.0
5,449.l.808129.t.15,449.p.40819,Brandon Aubrey,K,10.0
5,449.l.808129.t.15,449.p.100023,Steelers,DEF,11.0
5,449.l.808129.t.2,449.p.32671,Joe Burrow,QB,34.78
5,449.l.808129.t.2,449.p.32692,Justin Jefferson,WR,12.2
5,449.l.808129.t.2,449.p.40042,Jordan Addison,WR,5.1
5,449.l.808129.t.2,449.p.33996,Kenneth Walker III,RB,11.1
5,449.l.808129.t.2,449.p.34019,James Cook III,RB,16.9
5,449.l.808129.t.2,449.p.31107,Dalton Schultz,TE,5.4
5,449.l.808129.t.2,449.p.34112,Jerome Ford,RB,6.4
5,449.l.808129.t.2,449.p.26662,Geno Smith,QB,22.56
5,449.l.808129.t.2,449.p.30202,D'Onta Foreman,RB,6.5
5,449.l.808129.t.2,449.p.29360,Demarcus Robinson,WR,10.3
5,449.l.808129.t.2,449.p.34099,Chig Okonkwo,TE,0.0
5,449.l.808129.t.2,449.p.40074,Luke Musgrave,TE,0.0
5,449.l.808129.t.2,449.p.30120,Mike Williams,WR,3.5
5,449.l.808129.t.2,449.p.32138,Jake Browning,QB,0.0
5,449.l.808129.t.2,449.p.29792,Ka'imi Fairbairn,K,16.0
5,449.l.808129.t.2,449.p.100003,Bears,DEF,14.0
5,449.l.808129.t.10,449.p.30973,Sam Darnold,QB,5.26
5,449.l.808129.t.10,449.p.30994,DJ Moore,WR,25.0
5,449.l.808129.t.10,449.p.41083,Jordan Whittington,WR,12.4
5,449.l.808129.t.10,449.p.30423,Austin Ekeler,RB,10.7
5,449.l.808129.t.10,449.p.41048,Tyrone Tracy Jr.,RB,13.5
5,449.l.808129.t.10,449.p.32713,Cole Kmet,TE,7.2
5,449.l.808129.t.10,449.p.40114,Tre Tucker,WR,3.6
5,449.l.808129.t.10,449.p.30175,JuJu Smith-Schuster,WR,16.5
5,449.l.808129.t.10,449.p.31906,Devin Singletary,RB,0.0
5,449.l.808129.t.10,449.p.40068,Will Levis,QB,0.0
5,449.l.808129.t.10,449.p.30182,Cooper Kupp,WR,0.0
5,449.l.808129.t.10,449.p.33500,Amon-Ra St. Brown,WR,0.0
5,449.l.808129.t.10,449.p.34207,Isiah Pacheco,RB,0.0
5,449.l.808129.t.10,449.p.40029,Bryce Young,QB,3.12
5,449.l.808129.t.10,449.p.30346,Harrison Butker,K,14.0
5,449.l.808129.t.10,449.p.100012,Chiefs,DEF,7.0
5,449.l.808129.t.7,449.p.40896,Jayden Daniels,QB,20.72
5,449.l.808129.t.7,449.p.33965,Garrett Wilson,WR,22.6
5,449.l.808129.t.7,449.p.27535,Mike Evans,WR,20.7
5,449.l.808129.t.7,449.p.30180,Alvin Kamara,RB,9.6
5,449.l.808129.t.7,449.p.34107,Tyler Allgeier,RB,4.0
5,449.l.808129.t.7,449.p.40878,Brock Bowers,TE,19.7
5,449.l.808129.t.7,449.p.32523,Greg Dortch,WR,1.2
5,449.l.808129.t.7,449.p.32010,Gardner Minshew,QB,9.68
5,449.l.808129.t.7,449.p.33967,Jameson Williams,WR,0.0
5,449.l.808129.t.7,449.p.30972,Saquon Barkley,RB,0.0
5,449.l.808129.t.7,449.p.40881,Drake Maye,QB,0.0
5,449.l.808129.t.7,449.p.34100,Sam Howell,QB,0.0
5,449.l.808129.t.7,449.p.30247,Jamaal Williams,RB,0.9
5,449.l.808129.t.7,449.p.34044,Jalen Tolbert,WR,18.2
5,449.l.808129.t.7,449.p.41093,Will Reichard,K,16.0
5,449.l.808129.t.7,449.p.100026,Seahawks,DEF,11.0
5,449.l.808129.t.13,449.p.33389,Trevor Lawrence,QB,22.24
5,449.l.808129.t.13,449.p.33393,Ja'Marr Chase,WR,36.3
5,449.l.808129.t.13,449.p.33394,Jaylen Waddle,WR,6.6
5,449.l.808129.t.13,449.p.29279,Derrick Henry,RB,16.1
5,449.l.808129.t.13,449.p.40707,Emanuel Wilson,RB,2.0
5,449.l.808129.t.13,449.p.30259,George Kittle,TE,16.4
5,449.l.808129.t.13,449.p.34007,George Pickens,WR,4.1
5,449.l.808129.t.13,449.p.33399,Justin Fields,QB,15.94
5,449.l.808129.t.13,449.p.31905,David Montgomery,RB,0.0
5,449.l.808129.t.13,449.p.40875,Bo Nix,QB,23.14
5,449.l.808129.t.13,449.p.31005,Nick Chubb,RB,0.0
5,449.l.808129.t.13,449.p.34088,Romeo Doubs,WR,0.0
5,449.l.808129.t.13,449.p.40222,DeMario Douglas,WR,8.9
5,449.l.808129.t.13,449.p.26652,Cordarrelle Patterson,RB,0.0
5,449.l.808129.t.13,449.p.32384,Joey Slye,K,4.0
5,449.l.808129.t.13,449.p.100028,Commanders,DEF,13.0
5,449.l.808129.t.4,449.p.30123,Patrick Mahomes,QB,14.44
5,449.l.808129.t.4,449.p.30197,Chris Godwin Jr.,WR,9.1
5,449.l.808129.t.4,449.p.31898,Diontae Johnson,WR,4.4
5,449.l.808129.t.4,449.p.33991,Breece Hall,RB,5.2
5,449.l.808129.t.4,449.p.34320,Jordan Mason,RB,8.3
5,449.l.808129.t.4,449.p.31012,Mike Gesicki,TE,4.1
5,449.l.808129.t.4,449.p.30199,Kareem Hunt,RB,18.2
5,449.l.808129.t.4,449.p.29369,Dak Prescott,QB,18.38
5,449.l.808129.t.4,449.p.32695,Brandon Aiyuk,WR,18.7
5,449.l.808129.t.4,449.p.30136,Evan Engram,TE,0.0
5,449.l.808129.t.4,449.p.32722,Cam Akers,RB,11.7
5,449.l.808129.t.4,449.p.32843,Darnell Mooney,WR,27.0
5,449.l.808129.t.4,449.p.33100,Rico Dowdle,RB,18.4
5,449.l.808129.t.4,449.p.31046,Mason Rudolph,QB,0.0
5,449.l.808129.t.4,449.p.40129,Jake Moody,K,8.0
5,449.l.808129.t.4,449.p.100017,Patriots,DEF,10.0
5,449.l.808129.t.11,449.p.31838,Daniel Jones,QB,22.08
5,449.l.808129.t.11,449.p.33477,Nico Collins,WR,14.8
5,449.l.808129.t.11,449.p.40063,Jayden Reed,WR,11.7
5,449.l.808129.t.11,449.p.32705,D'Andre Swift,RB,19.0
5,449.l.808129.t.11,449.p.40075,Zach Charbonnet,RB,4.5
5,449.l.808129.t.11,449.p.34010,Trey McBride,TE,8.3
5,449.l.808129.t.11,449.p.33966,Chris Olave,WR,2.0
5,449.l.808129.t.11,449.p.31868,Deebo Samuel,WR,2.5
5,449.l.808129.t.11,449.p.32676,Justin Herbert,QB,0.0
5,449.l.808129.t.11,449.p.31424,Gus Edwards,RB,0.0
5,449.l.808129.t.11,449.p.40901,Rome Odunze,WR,6.5
5,449.l.808129.t.11,449.p.31874,Drew Lock,QB,0.0
5,449.l.808129.t.11,449.p.28839,Taylor Heinicke,QB,0.0
5,449.l.808129.t.11,449.p.40430,Emari Demercado,RB,0.5
5,449.l.808129.t.11,449.p.26534,Justin Tucker,K,13.0
5,449.l.808129.t.11,449.p.100015,Dolphins,DEF,6.0
5,449.l.808129.t.12,449.p.31833,Kyler Murray,QB,25.1
5,449.l.808129.t.12,449.p.40039,Zay Flowers,WR,15.5
5,449.l.808129.t.12,449.p.32703,Tee Higgins,WR,24.8
5,449.l.808129.t.12,449.p.34120,Kyren Williams,RB,15.0
5,449.l.808129.t.12,449.p.34054,Brian Robinson Jr.,RB,13.8
5,449.l.808129.t.12,449.p.40048,Dalton Kincaid,TE,4.4
5,449.l.808129.t.12,449.p.31017,Christian Kirk,WR,10.8
5,449.l.808129.t.12,449.p.27564,Derek Carr,QB,13.6
5,449.l.808129.t.12,449.p.32711,Jonathan Taylor,RB,0.0
5,449.l.808129.t.12,449.p.40084,Rashee Rice,WR,0.0
5,449.l.808129.t.12,449.p.40962,Blake Corum,RB,3.8
5,449.l.808129.t.12,449.p.31010,Courtland Sutton,WR,4.2
5,449.l.808129.t.12,449.p.33443,Pat Freiermuth,TE,7.7
5,449.l.808129.t.12,449.p.31885,Miles Sanders,RB,4.3
5,449.l.808129.t.12,449.p.30426,Younghoe Koo,K,17.0
5,449.l.808129.t.12,449.p.100020,Jets,DEF,9.0
5,449.l.808129.t.6,449.p.29325,Jacoby Brissett,QB,7.4
5,449.l.808129.t.6,449.p.29399,Tyreek Hill,WR,9.9
5,449.l.808129.t.6,449.p.32231,Jakobi Meyers,WR,10.2
5,449.l.808129.t.6,449.p.40993,Bucky Irving,RB,4.6
5,449.l.808129.t.6,449.p.30227,Samaje Perine,RB,2.9
5,449.l.808129.t.6,449.p.34095,Isaiah Likely,TE,14.8
5,449.l.808129.t.6,449.p.33998,Wan'Dale Robinson,WR,13.0
5,449.l.808129.t.6,449.p.32696,Jordan Love,QB,16.96
5,449.l.808129.t.6,449.p.31056,Mark Andrews,TE,7.5
5,449.l.808129.t.6,449.p.28654,Raheem Mostert,RB,10.8
5,449.l.808129.t.6,449.p.31883,A.J. Brown,WR,0.0
5,449.l.808129.t.6,449.p.34042,Malik Willis,QB,0.0
5,449.l.808129.t.6,449.p.40952,Roman Wilson,WR,0.0
5,449.l.808129.t.6,449.p.28389,Jameis Winston,QB,0.34
5,449.l.808129.t.6,449.p.25881,Greg Zuerlein,K,5.0
5,449.l.808129.t.6,449.p.100013,Raiders,DEF,2.0
5,449.l.808129.t.9,449.p.34218,Brock Purdy,QB,15.06
5,449.l.808129.t.9,449.p.28457,Tyler Lockett,WR,9.5
5,449.l.808129.t.9,449.p.26699,Keenan Allen,WR,4.8
5,449.l.808129.t.9,449.p.32756,Zack Moss,RB,6.7
5,449.l.808129.t.9,449.p.33514,Chuba Hubbard,RB,15.5
5,449.l.808129.t.9,449.p.26686,Travis Kelce,TE,11.5
5,449.l.808129.t.9,449.p.32887,Jauan Jennings,WR,1.8
5,449.l.808129.t.9,449.p.30614,Taysom Hill,"QB,TE",0.0
5,449.l.808129.t.9,449.p.40899,Malik Nabers,WR,0.0
5,449.l.808129.t.9,449.p.40126,Josh Downs,WR,11.4
5,449.l.808129.t.9,449.p.30121,Christian McCaffrey,RB,0.0
5,449.l.808129.t.9,449.p.34062,Cade Otton,TE,5.9
5,449.l.808129.t.9,449.p.30248,Joshua Dobbs,QB,0.0
5,449.l.808129.t.9,449.p.28188,Chris Boswell,K,6.0
5,449.l.808129.t.9,449.p.9526,Graham Gano,K,0.0
5,449.l.808129.t.9,449.p.100025,49ers,DEF,11.0
5,449.l.808129.t.14,449.p.8795,Joe Flacco,QB,26.56
5,449.l.808129.t.14,449.p.33963,Drake London,WR,27.4
5,449.l.808129.t.14,449.p.40201,Dontayvion Wicks,WR,3.0
5,449.l.808129.t.14,449.p.40981,Braelon Allen,RB,3.3
5,449.l.808129.t.14,449.p.33476,Trey Sermon,RB,15.3
5,449.l.808129.t.14,449.p.34085,Jake Ferguson,TE,10.0
5,449.l.808129.t.14,449.p.31157,Ray-Ray McCloud,WR,9.6
5,449.l.808129.t.14,449.p.40097,Tank Dell,WR,5.3
5,449.l.808129.t.14,449.p.40040,Anthony Richardson Sr.,QB,0.0
5,449.l.808129.t.14,449.p.29238,Ezekiel Elliott,RB,1.7
5,449.l.808129.t.14,449.p.32723,Jalen Hurts,QB,0.0
5,449.l.808129.t.14,449.p.33398,DeVonta Smith,WR,0.0
5,449.l.808129.t.14,449.p.34447,Jaylen Warren,RB,0.0
5,449.l.808129.t.14,449.p.40958,Trey Benson,RB,0.0
5,449.l.808129.t.14,449.p.32858,Tyler Bass,K,8.0
5,449.l.808129.t.14,449.p.100007,Broncos,DEF,16.0
5,449.l.808129.t.3,449.p.40030,C.J. Stroud,QB,16.94
5,449.l.808129.t.3,449.p.33445,Tutu Atwell,WR,9.5
5,449.l.808129.t.3,449.p.31268,Allen Lazard,WR,11.4
5,449.l.808129.t.3,449.p.33423,Javonte Williams,RB,13.6
5,449.l.808129.t.3,449.p.32736,Antonio Gibson,RB,6.1
5,449.l.808129.t.3,449.p.30142,David Njoku,TE,1.9
5,449.l.808129.t.3,449.p.40162,Roschon Johnson,RB,14.5
5,449.l.808129.t.3,449.p.25812,Kirk Cousins,QB,38.36
5,449.l.808129.t.3,449.p.34078,Zamir White,RB,0.0
5,449.l.808129.t.3,449.p.27581,Davante Adams,WR,0.0
5,449.l.808129.t.3,449.p.26650,DeAndre Hopkins,WR,0.0
5,449.l.808129.t.3,449.p.40908,Ladd McConkey,WR,0.0
5,449.l.808129.t.3,449.p.40168,Puka Nacua,WR,0.0
5,449.l.808129.t.3,449.p.31114,Justin Watson,WR,0.0
5,449.l.808129.t.3,449.p.32002,Austin Seibert,K,10.0
5,449.l.808129.t.3,449.p.100033,Ravens,DEF,1.0
5,449.l.808129.t.16,449.p.31002,Lamar Jackson,QB,33.42
5,449.l.808129.t.16,449.p.40893,Marvin Harrison Jr.,WR,4.6
5,449.l.808129.t.16,449.p.32687,CeeDee Lamb,WR,8.9
5,449.l.808129.t.16,449.p.30295,Aaron Jones Sr.,RB,5.8
5,449.l.808129.t.16,449.p.31934,Alexander Mattison,RB,9.1
5,449.l.808129.t.16,449.p.31852,Noah Fant,TE,3.9
5,449.l.808129.t.16,449.p.40877,Xavier Worthy,WR,10.3
5,449.l.808129.t.16,449.p.32993,Tyler Huntley,QB,7.46
5,449.l.808129.t.16,449.p.32704,Michael Pittman Jr.,WR,12.2
5,449.l.808129.t.16,449.p.31945,Justice Hill,RB,3.0
5,449.l.808129.t.16,449.p.32725,J.K. Dobbins,RB,0.0
5,449.l.808129.t.16,449.p.40064,Sam LaPorta,TE,0.0
5,449.l.808129.t.16,449.p.40138,Aidan O'Connell,QB,2.76
5,449.l.808129.t.16,449.p.29236,Carson Wentz,QB,0.0
5,449.l.808129.t.16,449.p.26800,Dustin Hopkins,K,9.0
5,449.l.808129.t.16,449.p.100009,Packers,DEF,13.0
6,449.l.808129.t.5,449.p.29235,Jared Goff,QB,25.1
6,449.l.808129.t.5,449.p.40883,Brian Thomas Jr.,WR,4.2
6,449.l.808129.t.5,449.p.40890,Xavier Legette,WR,9.8
6,449.l.808129.t.5,449.p.40055,Bijan Robinson,RB,24.0
6,449.l.808129.t.5,449.p.31960,Tony Pollard,RB,16.3
6,449.l.808129.t.5,449.p.31127,Tyler Conklin,TE,2.0
6,449.l.808129.t.5,449.p.40196,Chase Brown,RB,13.4
6,449.l.808129.t.5,449.p.30977,Josh Allen,QB,24.4
6,449.l.808129.t.5,449.p.33508,Rhamondre Stevenson,RB,0.0
6,449.l.808129.t.5,449.p.24822,Andy Dalton,QB,16.94
6,449.l.808129.t.5,449.p.40051,Quentin Johnston,WR,3.7
6,449.l.808129.t.5,449.p.33465,Joshua Palmer,WR,4.8
6,449.l.808129.t.5,449.p.40211,Andrei Iosivas,WR,4.6
6,449.l.808129.t.5,449.p.28378,Jason Myers,K,6.0
6,449.l.808129.t.5,449.p.100005,Browns,DEF,10.0
6,449.l.808129.t.5,449.p.100016,Vikings,DEF,0.0
6,449.l.808129.t.8,449.p.30125,Deshaun Watson,QB,8.42
6,449.l.808129.t.8,449.p.28534,Stefon Diggs,WR,16.7
6,449.l.808129.t.8,449.p.40041,Jaxon Smith-Njigba,WR,7.8
6,449.l.808129.t.8,449.p.31856,Josh Jacobs,RB,10.5
6,449.l.808129.t.8,449.p.40095,Tank Bigsby,RB,2.4
6,449.l.808129.t.8,449.p.26658,Zach Ertz,TE,8.8
6,449.l.808129.t.8,449.p.32685,Jerry Jeudy,WR,4.0
6,449.l.808129.t.8,449.p.30996,Calvin Ridley,WR,0.9
6,449.l.808129.t.8,449.p.34047,Rachaad White,RB,0.0
6,449.l.808129.t.8,449.p.30213,Jonnu Smith,TE,0.0
6,449.l.808129.t.8,449.p.25785,Russell Wilson,QB,0.0
6,449.l.808129.t.8,449.p.40911,Keon Coleman,WR,4.1
6,449.l.808129.t.8,449.p.32675,Tua Tagovailoa,QB,0.0
6,449.l.808129.t.8,449.p.40889,Michael Penix Jr.,QB,0.0
6,449.l.808129.t.8,449.p.33537,Evan McPherson,K,5.0
6,449.l.808129.t.8,449.p.100011,Colts,DEF,3.0
6,449.l.808129.t.1,449.p.7200,Aaron Rodgers,QB,18.76
6,449.l.808129.t.1,449.p.31896,DK Metcalf,WR,6.3
6,449.l.808129.t.1,449.p.34659,Rashid Shaheed,WR,7.8
6,449.l.808129.t.1,449.p.33413,Travis Etienne Jr.,RB,-0.1
6,449.l.808129.t.1,449.p.40059,Jahmyr Gibbs,RB,10.6
6,449.l.808129.t.1,449.p.31019,Dallas Goedert,TE,0.0
6,449.l.808129.t.1,449.p.34104,Khalil Shakir,WR,2.9
6,449.l.808129.t.1,449.p.30971,Baker Mayfield,QB,28.9
6,449.l.808129.t.1,449.p.40102,Tucker Kraft,TE,2.5
6,449.l.808129.t.1,449.p.40696,Jaleel McLaughlin,RB,3.5
6,449.l.808129.t.1,449.p.40118,De'Von Achane,RB,0.0
6,449.l.808129.t.1,449.p.31840,T.J. Hockenson,TE,0.0
6,449.l.808129.t.1,449.p.24967,Tyrod Taylor,QB,0.0
6,449.l.808129.t.1,449.p.33989,Christian Watson,WR,14.3
6,449.l.808129.t.1,449.p.28227,Cairo Santos,K,5.0
6,449.l.808129.t.1,449.p.100034,Texans,DEF,12.0
6,449.l.808129.t.15,449.p.40900,Caleb Williams,QB,29.64
6,449.l.808129.t.15,449.p.28392,Amari Cooper,WR,6.2
6,449.l.808129.t.15,449.p.31908,Terry McLaurin,WR,20.3
6,449.l.808129.t.15,449.p.30218,James Conner,RB,4.6
6,449.l.808129.t.15,449.p.33412,Najee Harris,RB,19.2
6,449.l.808129.t.15,449.p.33392,Kyle Pitts Sr.,TE,8.5
6,449.l.808129.t.15,449.p.30161,Joe Mixon,RB,26.2
6,449.l.808129.t.15,449.p.40119,Tyjae Spears,RB,2.7
6,449.l.808129.t.15,449.p.9265,Matthew Stafford,QB,0.0
6,449.l.808129.t.15,449.p.32798,Gabe Davis,WR,19.0
6,449.l.808129.t.15,449.p.40121,Michael Wilson,WR,9.1
6,449.l.808129.t.15,449.p.40926,Jonathon Brooks,RB,0.0
6,449.l.808129.t.15,449.p.27590,Jimmy Garoppolo,QB,0.0
6,449.l.808129.t.15,449.p.34203,Skylar Thompson,QB,0.0
6,449.l.808129.t.15,449.p.40819,Brandon Aubrey,K,12.0
6,449.l.808129.t.15,449.p.100023,Steelers,DEF,13.0
6,449.l.808129.t.2,449.p.32671,Joe Burrow,QB,19.82
6,449.l.808129.t.2,449.p.30120,Mike Williams,WR,0.0
6,449.l.808129.t.2,449.p.33415,Rashod Bateman,WR,9.1
6,449.l.808129.t.2,449.p.33996,Kenneth Walker III,RB,16.9
6,449.l.808129.t.2,449.p.32018,Ty Johnson,RB,3.4
6,449.l.808129.t.2,449.p.31107,Dalton Schultz,TE,4.7
6,449.l.808129.t.2,449.p.34112,Jerome Ford,RB,1.4
6,449.l.808129.t.2,449.p.26662,Geno Smith,QB,14.48
6,449.l.808129.t.2,449.p.34019,James Cook III,RB,0.0
6,449.l.808129.t.2,449.p.40042,Jordan Addison,WR,0.0
6,449.l.808129.t.2,449.p.32692,Justin Jefferson,WR,0.0
6,449.l.808129.t.2,449.p.30202,D'Onta Foreman,RB,5.7
6,449.l.808129.t.2,449.p.29360,Demarcus Robinson,WR,0.0
6,449.l.808129.t.2,449.p.32138,Jake Browning,QB,0.0
6,449.l.808129.t.2,449.p.29792,Ka'imi Fairbairn,K,12.0
6,449.l.808129.t.2,449.p.100003,Bears,DEF,9.0
6,449.l.808129.t.10,449.p.40068,Will Levis,QB,8.3
6,449.l.808129.t.10,449.p.30994,DJ Moore,WR,4.0
6,449.l.808129.t.10,449.p.33500,Amon-Ra St. Brown,WR,11.7
6,449.l.808129.t.10,449.p.30423,Austin Ekeler,RB,8.8
6,449.l.808129.t.10,449.p.41048,Tyrone Tracy Jr.,RB,19.7
6,449.l.808129.t.10,449.p.32713,Cole Kmet,TE,21.5
6,449.l.808129.t.10,449.p.40114,Tre Tucker,WR,0.0
6,449.l.808129.t.10,449.p.32003,Darius Slayton,WR,8.7
6,449.l.808129.t.10,449.p.31906,Devin Singletary,RB,0.0
6,449.l.808129.t.10,449.p.30175,JuJu Smith-Schuster,WR,0.0
6,449.l.808129.t.10,449.p.30973,Sam Darnold,QB,0.0
6,449.l.808129.t.10,449.p.30182,Cooper Kupp,WR,0.0
6,449.l.808129.t.10,449.p.34207,Isiah Pacheco,RB,0.0
6,449.l.808129.t.10,449.p.40029,Bryce Young,QB,0.0
6,449.l.808129.t.10,449.p.32417,Chase McLaughlin,K,9.0
6,449.l.808129.t.10,449.p.100024,Chargers,DEF,7.0
6,449.l.808129.t.7,449.p.40896,Jayden Daniels,QB,20.96
6,449.l.808129.t.7,449.p.33965,Garrett Wilson,WR,20.7
6,449.l.808129.t.7,449.p.27535,Mike Evans,WR,4.4
6,449.l.808129.t.7,449.p.30180,Alvin Kamara,RB,14.9
6,449.l.808129.t.7,449.p.30972,Saquon Barkley,RB,6.4
6,449.l.808129.t.7,449.p.40878,Brock Bowers,TE,11.6
6,449.l.808129.t.7,449.p.33967,Jameson Williams,WR,16.2
6,449.l.808129.t.7,449.p.40881,Drake Maye,QB,21.52
6,449.l.808129.t.7,449.p.32010,Gardner Minshew,QB,0.0
6,449.l.808129.t.7,449.p.34107,Tyler Allgeier,RB,19.3
6,449.l.808129.t.7,449.p.34100,Sam Howell,QB,0.0
6,449.l.808129.t.7,449.p.30247,Jamaal Williams,RB,0.7
6,449.l.808129.t.7,449.p.34044,Jalen Tolbert,WR,6.3
6,449.l.808129.t.7,449.p.30266,Jake Elliott,K,10.0
6,449.l.808129.t.7,449.p.41093,Will Reichard,K,0.0
6,449.l.808129.t.7,449.p.100001,Falcons,DEF,5.0
6,449.l.808129.t.13,449.p.33389,Trevor Lawrence,QB,18.06
6,449.l.808129.t.13,449.p.33393,Ja'Marr Chase,WR,9.7
6,449.l.808129.t.13,449.p.34007,George Pickens,WR,6.8
6,449.l.808129.t.13,449.p.29279,Derrick Henry,RB,25.2
6,449.l.808129.t.13,449.p.31905,David Montgomery,RB,20.5
6,449.l.808129.t.13,449.p.30259,George Kittle,TE,20.3
6,449.l.808129.t.13,449.p.34088,Romeo Doubs,WR,18.4
6,449.l.808129.t.13,449.p.33399,Justin Fields,QB,23.7
6,449.l.808129.t.13,449.p.31005,Nick Chubb,RB,0.0
6,449.l.808129.t.13,449.p.40707,Emanuel Wilson,RB,7.8
6,449.l.808129.t.13,449.p.33394,Jaylen Waddle,WR,0.0
6,449.l.808129.t.13,449.p.40875,Bo Nix,QB,21.74
6,449.l.808129.t.13,449.p.40222,DeMario Douglas,WR,18.2
6,449.l.808129.t.13,449.p.26652,Cordarrelle Patterson,RB,0.0
6,449.l.808129.t.13,449.p.32384,Joey Slye,K,3.0
6,449.l.808129.t.13,449.p.100021,Eagles,DEF,9.0
6,449.l.808129.t.4,449.p.29369,Dak Prescott,QB,5.22
6,449.l.808129.t.4,449.p.30197,Chris Godwin Jr.,WR,30.0
6,449.l.808129.t.4,449.p.31898,Diontae Johnson,WR,16.8
6,449.l.808129.t.4,449.p.33991,Breece Hall,RB,19.4
6,449.l.808129.t.4,449.p.34320,Jordan Mason,RB,8.7
6,449.l.808129.t.4,449.p.30136,Evan Engram,TE,13.2
6,449.l.808129.t.4,449.p.33100,Rico Dowdle,RB,8.0
6,449.l.808129.t.4,449.p.32695,Brandon Aiyuk,WR,4.7
6,449.l.808129.t.4,449.p.31012,Mike Gesicki,TE,0.0
6,449.l.808129.t.4,449.p.30123,Patrick Mahomes,QB,0.0
6,449.l.808129.t.4,449.p.30199,Kareem Hunt,RB,0.0
6,449.l.808129.t.4,449.p.32722,Cam Akers,RB,-0.1
6,449.l.808129.t.4,449.p.32843,Darnell Mooney,WR,5.3
6,449.l.808129.t.4,449.p.31046,Mason Rudolph,QB,0.0
6,449.l.808129.t.4,449.p.41235,Brayden Narveson,K,11.0
6,449.l.808129.t.4,449.p.100027,Buccaneers,DEF,17.0
6,449.l.808129.t.11,449.p.31838,Daniel Jones,QB,12.8
6,449.l.808129.t.11,449.p.40063,Jayden Reed,WR,11.8
6,449.l.808129.t.11,449.p.31868,Deebo Samuel,WR,19.2
6,449.l.808129.t.11,449.p.32705,D'Andre Swift,RB,19.9
6,449.l.808129.t.11,449.p.40075,Zach Charbonnet,RB,4.0
6,449.l.808129.t.11,449.p.34010,Trey McBride,TE,13.6
6,449.l.808129.t.11,449.p.33966,Chris Olave,WR,-1.0
6,449.l.808129.t.11,449.p.32676,Justin Herbert,QB,13.68
6,449.l.808129.t.11,449.p.33477,Nico Collins,WR,0.0
6,449.l.808129.t.11,449.p.31424,Gus Edwards,RB,0.0
6,449.l.808129.t.11,449.p.40901,Rome Odunze,WR,5.0
6,449.l.808129.t.11,449.p.31874,Drew Lock,QB,0.0
6,449.l.808129.t.11,449.p.28839,Taylor Heinicke,QB,0.0
6,449.l.808129.t.11,449.p.40962,Blake Corum,RB,0.0
6,449.l.808129.t.11,449.p.26534,Justin Tucker,K,13.0
6,449.l.808129.t.11,449.p.100018,Saints,DEF,9.0
6,449.l.808129.t.12,449.p.31833,Kyler Murray,QB,11.96
6,449.l.808129.t.12,449.p.40039,Zay Flowers,WR,17.9
6,449.l.808129.t.12,449.p.32703,Tee Higgins,WR,11.2
6,449.l.808129.t.12,449.p.31885,Miles Sanders,RB,1.8
6,449.l.808129.t.12,449.p.34261,Tyler Goodson,RB,8.5
6,449.l.808129.t.12,449.p.40048,Dalton Kincaid,TE,8.1
6,449.l.808129.t.12,449.p.31017,Christian Kirk,WR,5.4
6,449.l.808129.t.12,449.p.41043,Spencer Rattler,QB,14.42
6,449.l.808129.t.12,449.p.34054,Brian Robinson Jr.,RB,0.0
6,449.l.808129.t.12,449.p.32711,Jonathan Taylor,RB,0.0
6,449.l.808129.t.12,449.p.31010,Courtland Sutton,WR,13.3
6,449.l.808129.t.12,449.p.27564,Derek Carr,QB,0.0
6,449.l.808129.t.12,449.p.34120,Kyren Williams,RB,0.0
6,449.l.808129.t.12,449.p.33443,Pat Freiermuth,TE,2.6
6,449.l.808129.t.12,449.p.30426,Younghoe Koo,K,12.0
6,449.l.808129.t.12,449.p.100020,Jets,DEF,2.0
6,449.l.808129.t.6,449.p.32696,Jordan Love,QB,26.62
6,449.l.808129.t.6,449.p.33998,Wan'Dale Robinson,WR,7.5
6,449.l.808129.t.6,449.p.31883,A.J. Brown,WR,20.6
6,449.l.808129.t.6,449.p.40993,Bucky Irving,RB,17.5
6,449.l.808129.t.6,449.p.30275,Jeremy McNichols,RB,0.9
6,449.l.808129.t.6,449.p.34095,Isaiah Likely,TE,3.7
6,449.l.808129.t.6,449.p.31056,Mark Andrews,TE,14.1
6,449.l.808129.t.6,449.p.41052,Kimani Vidal,RB,12.1
6,449.l.808129.t.6,449.p.32231,Jakobi Meyers,WR,0.0
6,449.l.808129.t.6,449.p.29325,Jacoby Brissett,QB,0.0
6,449.l.808129.t.6,449.p.29399,Tyreek Hill,WR,0.0
6,449.l.808129.t.6,449.p.28654,Raheem Mostert,RB,0.0
6,449.l.808129.t.6,449.p.34042,Malik Willis,QB,0.0
6,449.l.808129.t.6,449.p.28389,Jameis Winston,QB,0.0
6,449.l.808129.t.6,449.p.29754,Wil Lutz,K,5.0
6,449.l.808129.t.6,449.p.100013,Raiders,DEF,2.0
6,449.l.808129.t.9,449.p.34218,Brock Purdy,QB,24.1
6,449.l.808129.t.9,449.p.28457,Tyler Lockett,WR,14.5
6,449.l.808129.t.9,449.p.40126,Josh Downs,WR,16.0
6,449.l.808129.t.9,449.p.32756,Zack Moss,RB,0.0
6,449.l.808129.t.9,449.p.33514,Chuba Hubbard,RB,12.8
6,449.l.808129.t.9,449.p.34062,Cade Otton,TE,8.5
6,449.l.808129.t.9,449.p.32887,Jauan Jennings,WR,4.2
6,449.l.808129.t.9,449.p.30614,Taysom Hill,"QB,TE",0.0
6,449.l.808129.t.9,449.p.40899,Malik Nabers,WR,0.0
6,449.l.808129.t.9,449.p.26686,Travis Kelce,TE,0.0
6,449.l.808129.t.9,449.p.26699,Keenan Allen,WR,18.6
6,449.l.808129.t.9,449.p.30121,Christian McCaffrey,RB,0.0
6,449.l.808129.t.9,449.p.30248,Joshua Dobbs,QB,0.0
6,449.l.808129.t.9,449.p.28188,Chris Boswell,K,17.0
6,449.l.808129.t.9,449.p.9526,Graham Gano,K,0.0
6,449.l.808129.t.9,449.p.100025,49ers,DEF,7.0
6,449.l.808129.t.14,449.p.32723,Jalen Hurts,QB,21.86
6,449.l.808129.t.14,449.p.33963,Drake London,WR,16.4
6,449.l.808129.t.14,449.p.33398,DeVonta Smith,WR,13.9
6,449.l.808129.t.14,449.p.40981,Braelon Allen,RB,0.8
6,449.l.808129.t.14,449.p.33476,Trey Sermon,RB,2.9
6,449.l.808129.t.14,449.p.34085,Jake Ferguson,TE,2.6
6,449.l.808129.t.14,449.p.40097,Tank Dell,WR,15.2
6,449.l.808129.t.14,449.p.8795,Joe Flacco,QB,14.66
6,449.l.808129.t.14,449.p.40040,Anthony Richardson Sr.,QB,0.0
6,449.l.808129.t.14,449.p.40201,Dontayvion Wicks,WR,1.4
6,449.l.808129.t.14,449.p.31157,Ray-Ray McCloud,WR,2.8
6,449.l.808129.t.14,449.p.29238,Ezekiel Elliott,RB,1.7
6,449.l.808129.t.14,449.p.34447,Jaylen Warren,RB,3.3
6,449.l.808129.t.14,449.p.40958,Trey Benson,RB,2.6
6,449.l.808129.t.14,449.p.32858,Tyler Bass,K,5.0
6,449.l.808129.t.14,449.p.100007,Broncos,DEF,3.0
6,449.l.808129.t.3,449.p.40030,C.J. Stroud,QB,19.38
6,449.l.808129.t.3,449.p.31268,Allen Lazard,WR,20.4
6,449.l.808129.t.3,449.p.26650,DeAndre Hopkins,WR,7.4
6,449.l.808129.t.3,449.p.33423,Javonte Williams,RB,3.1
6,449.l.808129.t.3,449.p.32736,Antonio Gibson,RB,5.8
6,449.l.808129.t.3,449.p.30142,David Njoku,TE,5.6
6,449.l.808129.t.3,449.p.40908,Ladd McConkey,WR,6.3
6,449.l.808129.t.3,449.p.25812,Kirk Cousins,QB,12.5
6,449.l.808129.t.3,449.p.40162,Roschon Johnson,RB,4.3
6,449.l.808129.t.3,449.p.34078,Zamir White,RB,0.0
6,449.l.808129.t.3,449.p.27581,Davante Adams,WR,0.0
6,449.l.808129.t.3,449.p.40168,Puka Nacua,WR,0.0
6,449.l.808129.t.3,449.p.41010,Jaylen Wright,RB,0.0
6,449.l.808129.t.3,449.p.40914,Ja'Lynn Polk,WR,0.9
6,449.l.808129.t.3,449.p.32002,Austin Seibert,K,15.0
6,449.l.808129.t.3,449.p.100002,Bills,DEF,6.0
6,449.l.808129.t.16,449.p.31002,Lamar Jackson,QB,19.92
6,449.l.808129.t.16,449.p.40893,Marvin Harrison Jr.,WR,0.0
6,449.l.808129.t.16,449.p.32687,CeeDee Lamb,WR,12.6
6,449.l.808129.t.16,449.p.31934,Alexander Mattison,RB,15.0
6,449.l.808129.t.16,449.p.32725,J.K. Dobbins,RB,17.2
6,449.l.808129.t.16,449.p.40064,Sam LaPorta,TE,11.7
6,449.l.808129.t.16,449.p.31945,Justice Hill,RB,0.9
6,449.l.808129.t.16,449.p.40138,Aidan O'Connell,QB,12.08
6,449.l.808129.t.16,449.p.32704,Michael Pittman Jr.,WR,11.0
6,449.l.808129.t.16,449.p.31852,Noah Fant,TE,9.3
6,449.l.808129.t.16,449.p.32993,Tyler Huntley,QB,0.0
6,449.l.808129.t.16,449.p.40877,Xavier Worthy,WR,0.0
6,449.l.808129.t.16,449.p.30295,Aaron Jones Sr.,RB,0.0
6,449.l.808129.t.16,449.p.29236,Carson Wentz,QB,0.0
6,449.l.808129.t.16,449.p.26800,Dustin Hopkins,K,12.0
6,449.l.808129.t.16,449.p.100009,Packers,DEF,10.0
7,449.l.808129.t.5,449.p.30977,Josh Allen,QB,21.02
7,449.l.808129.t.5,449.p.40883,Brian Thomas Jr.,WR,19.6
7,449.l.808129.t.5,449.p.40890,Xavier Legette,WR,1.9
7,449.l.808129.t.5,449.p.40055,Bijan Robinson,RB,21.8
7,449.l.808129.t.5,449.p.31960,Tony Pollard,RB,7.5
7,449.l.808129.t.5,449.p.32803,Colby Parkinson,TE,4.2
7,449.l.808129.t.5,449.p.40196,Chase Brown,RB,6.3
7,449.l.808129.t.5,449.p.29235,Jared Goff,QB,18.8
7,449.l.808129.t.5,449.p.40051,Quentin Johnston,WR,0.0
7,449.l.808129.t.5,449.p.33508,Rhamondre Stevenson,RB,3.5
7,449.l.808129.t.5,449.p.24822,Andy Dalton,QB,2.02
7,449.l.808129.t.5,449.p.33465,Joshua Palmer,WR,8.3
7,449.l.808129.t.5,449.p.40211,Andrei Iosivas,WR,0.0
7,449.l.808129.t.5,449.p.28378,Jason Myers,K,12.0
7,449.l.808129.t.5,449.p.100019,Giants,DEF,4.0
7,449.l.808129.t.5,449.p.100016,Vikings,DEF,11.0
7,449.l.808129.t.8,449.p.30125,Deshaun Watson,QB,5.12
7,449.l.808129.t.8,449.p.28534,Stefon Diggs,WR,4.8
7,449.l.808129.t.8,449.p.40041,Jaxon Smith-Njigba,WR,3.8
7,449.l.808129.t.8,449.p.31856,Josh Jacobs,RB,17.7
7,449.l.808129.t.8,449.p.40095,Tank Bigsby,RB,23.8
7,449.l.808129.t.8,449.p.30213,Jonnu Smith,TE,19.1
7,449.l.808129.t.8,449.p.32685,Jerry Jeudy,WR,2.3
7,449.l.808129.t.8,449.p.25785,Russell Wilson,QB,24.86
7,449.l.808129.t.8,449.p.30996,Calvin Ridley,WR,5.7
7,449.l.808129.t.8,449.p.34047,Rachaad White,RB,26.1
7,449.l.808129.t.8,449.p.40911,Keon Coleman,WR,14.5
7,449.l.808129.t.8,449.p.32675,Tua Tagovailoa,QB,0.0
7,449.l.808129.t.8,449.p.40889,Michael Penix Jr.,QB,0.56
7,449.l.808129.t.8,449.p.27540,Odell Beckham Jr.,WR,0.0
7,449.l.808129.t.8,449.p.33537,Evan McPherson,K,3.0
7,449.l.808129.t.8,449.p.100011,Colts,DEF,10.0
7,449.l.808129.t.1,449.p.7200,Aaron Rodgers,QB,15.04
7,449.l.808129.t.1,449.p.31896,DK Metcalf,WR,17.9
7,449.l.808129.t.1,449.p.33989,Christian Watson,WR,1.0
7,449.l.808129.t.1,449.p.40059,Jahmyr Gibbs,RB,30.0
7,449.l.808129.t.1,449.p.40118,De'Von Achane,RB,9.5
7,449.l.808129.t.1,449.p.40102,Tucker Kraft,TE,10.8
7,449.l.808129.t.1,449.p.34104,Khalil Shakir,WR,10.0
7,449.l.808129.t.1,449.p.30971,Baker Mayfield,QB,29.0
7,449.l.808129.t.1,449.p.31019,Dallas Goedert,TE,0.0
7,449.l.808129.t.1,449.p.33413,Travis Etienne Jr.,RB,0.0
7,449.l.808129.t.1,449.p.40696,Jaleel McLaughlin,RB,3.5
7,449.l.808129.t.1,449.p.31840,T.J. Hockenson,TE,0.0
7,449.l.808129.t.1,449.p.24967,Tyrod Taylor,QB,0.0
7,449.l.808129.t.1,449.p.34008,Alec Pierce,WR,2.5
7,449.l.808129.t.1,449.p.31977,Matt Gay,K,12.0
7,449.l.808129.t.1,449.p.100034,Texans,DEF,9.0
7,449.l.808129.t.15,449.p.9265,Matthew Stafford,QB,4.96
7,449.l.808129.t.15,449.p.28392,Amari Cooper,WR,14.6
7,449.l.808129.t.15,449.p.31908,Terry McLaurin,WR,12.8
7,449.l.808129.t.15,449.p.30161,Joe Mixon,RB,25.4
7,449.l.808129.t.15,449.p.30218,James Conner,RB,16.2
7,449.l.808129.t.15,449.p.33392,Kyle Pitts Sr.,TE,10.0
7,449.l.808129.t.15,449.p.33412,Najee Harris,RB,16.2
7,449.l.808129.t.15,449.p.40121,Michael Wilson,WR,2.0
7,449.l.808129.t.15,449.p.40119,Tyjae Spears,RB,0.0
7,449.l.808129.t.15,449.p.40900,Caleb Williams,QB,0.0
7,449.l.808129.t.15,449.p.32798,Gabe Davis,WR,1.8
7,449.l.808129.t.15,449.p.40926,Jonathon Brooks,RB,0.0
7,449.l.808129.t.15,449.p.27590,Jimmy Garoppolo,QB,0.0
7,449.l.808129.t.15,449.p.34344,Cameron Dicker,K,21.0
7,449.l.808129.t.15,449.p.40819,Brandon Aubrey,K,0.0
7,449.l.808129.t.15,449.p.100023,Steelers,DEF,8.0
7,449.l.808129.t.2,449.p.32671,Joe Burrow,QB,14.94
7,449.l.808129.t.2,449.p.32692,Justin Jefferson,WR,17.9
7,449.l.808129.t.2,449.p.40042,Jordan Addison,WR,8.1
7,449.l.808129.t.2,449.p.33996,Kenneth Walker III,RB,22.3
7,449.l.808129.t.2,449.p.34019,James Cook III,RB,9.2
7,449.l.808129.t.2,449.p.31107,Dalton Schultz,TE,3.3
7,449.l.808129.t.2,449.p.33415,Rashod Bateman,WR,20.1
7,449.l.808129.t.2,449.p.26662,Geno Smith,QB,17.78
7,449.l.808129.t.2,449.p.34112,Jerome Ford,RB,0.0
7,449.l.808129.t.2,449.p.32018,Ty Johnson,RB,6.9
7,449.l.808129.t.2,449.p.30202,D'Onta Foreman,RB,0.5
7,449.l.808129.t.2,449.p.29360,Demarcus Robinson,WR,1.4
7,449.l.808129.t.2,449.p.32138,Jake Browning,QB,0.0
7,449.l.808129.t.2,449.p.29792,Ka'imi Fairbairn,K,12.0
7,449.l.808129.t.2,449.p.100028,Commanders,DEF,16.0
7,449.l.808129.t.2,449.p.100003,Bears,DEF,0.0
7,449.l.808129.t.10,449.p.30973,Sam Darnold,QB,17.26
7,449.l.808129.t.10,449.p.33500,Amon-Ra St. Brown,WR,21.2
7,449.l.808129.t.10,449.p.33445,Tutu Atwell,WR,8.1
7,449.l.808129.t.10,449.p.30423,Austin Ekeler,RB,3.0
7,449.l.808129.t.10,449.p.41048,Tyrone Tracy Jr.,RB,4.7
7,449.l.808129.t.10,449.p.29269,Hunter Henry,TE,13.2
7,449.l.808129.t.10,449.p.30175,JuJu Smith-Schuster,WR,0.0
7,449.l.808129.t.10,449.p.40998,Isaac Guerendo,RB,1.2
7,449.l.808129.t.10,449.p.30182,Cooper Kupp,WR,0.0
7,449.l.808129.t.10,449.p.40068,Will Levis,QB,0.0
7,449.l.808129.t.10,449.p.32713,Cole Kmet,TE,0.0
7,449.l.808129.t.10,449.p.30994,DJ Moore,WR,0.0
7,449.l.808129.t.10,449.p.31906,Devin Singletary,RB,2.6
7,449.l.808129.t.10,449.p.34207,Isiah Pacheco,RB,0.0
7,449.l.808129.t.10,449.p.32417,Chase McLaughlin,K,5.0
7,449.l.808129.t.10,449.p.100024,Chargers,DEF,3.0
7,449.l.808129.t.7,449.p.40896,Jayden Daniels,QB,5.24
7,449.l.808129.t.7,449.p.33965,Garrett Wilson,WR,10.6
7,449.l.808129.t.7,449.p.27535,Mike Evans,WR,9.0
7,449.l.808129.t.7,449.p.30180,Alvin Kamara,RB,5.4
7,449.l.808129.t.7,449.p.30972,Saquon Barkley,RB,25.7
7,449.l.808129.t.7,449.p.40878,Brock Bowers,TE,14.3
7,449.l.808129.t.7,449.p.33967,Jameson Williams,WR,0.1
7,449.l.808129.t.7,449.p.40881,Drake Maye,QB,20.84
7,449.l.808129.t.7,449.p.32010,Gardner Minshew,QB,1.36
7,449.l.808129.t.7,449.p.34107,Tyler Allgeier,RB,5.0
7,449.l.808129.t.7,449.p.34100,Sam Howell,QB,0.0
7,449.l.808129.t.7,449.p.30247,Jamaal Williams,RB,1.7
7,449.l.808129.t.7,449.p.34044,Jalen Tolbert,WR,0.0
7,449.l.808129.t.7,449.p.30266,Jake Elliott,K,4.0
7,449.l.808129.t.7,449.p.41093,Will Reichard,K,15.0
7,449.l.808129.t.7,449.p.100004,Bengals,DEF,15.0
7,449.l.808129.t.13,449.p.33389,Trevor Lawrence,QB,15.02
7,449.l.808129.t.13,449.p.33393,Ja'Marr Chase,WR,15.1
7,449.l.808129.t.13,449.p.34007,George Pickens,WR,19.6
7,449.l.808129.t.13,449.p.29279,Derrick Henry,RB,24.7
7,449.l.808129.t.13,449.p.31905,David Montgomery,RB,6.5
7,449.l.808129.t.13,449.p.30259,George Kittle,TE,12.2
7,449.l.808129.t.13,449.p.31005,Nick Chubb,RB,9.7
7,449.l.808129.t.13,449.p.40875,Bo Nix,QB,14.06
7,449.l.808129.t.13,449.p.33394,Jaylen Waddle,WR,1.6
7,449.l.808129.t.13,449.p.33399,Justin Fields,QB,0.0
7,449.l.808129.t.13,449.p.34088,Romeo Doubs,WR,13.4
7,449.l.808129.t.13,449.p.40707,Emanuel Wilson,RB,1.1
7,449.l.808129.t.13,449.p.40222,DeMario Douglas,WR,2.4
7,449.l.808129.t.13,449.p.26652,Cordarrelle Patterson,RB,0.0
7,449.l.808129.t.13,449.p.30346,Harrison Butker,K,4.0
7,449.l.808129.t.13,449.p.100014,Rams,DEF,17.0
7,449.l.808129.t.4,449.p.30123,Patrick Mahomes,QB,14.06
7,449.l.808129.t.4,449.p.30197,Chris Godwin Jr.,WR,10.0
7,449.l.808129.t.4,449.p.31898,Diontae Johnson,WR,2.2
7,449.l.808129.t.4,449.p.33991,Breece Hall,RB,23.1
7,449.l.808129.t.4,449.p.34320,Jordan Mason,RB,7.9
7,449.l.808129.t.4,449.p.30136,Evan Engram,TE,6.0
7,449.l.808129.t.4,449.p.30199,Kareem Hunt,RB,21.3
7,449.l.808129.t.4,449.p.31046,Mason Rudolph,QB,10.9
7,449.l.808129.t.4,449.p.32695,Brandon Aiyuk,WR,3.3
7,449.l.808129.t.4,449.p.33100,Rico Dowdle,RB,0.0
7,449.l.808129.t.4,449.p.29369,Dak Prescott,QB,0.0
7,449.l.808129.t.4,449.p.32843,Darnell Mooney,WR,7.1
7,449.l.808129.t.4,449.p.40742,Sean Tucker,RB,4.3
7,449.l.808129.t.4,449.p.40835,Jake Bates,K,8.0
7,449.l.808129.t.4,449.p.100030,Jaguars,DEF,9.0
7,449.l.808129.t.4,449.p.100033,Ravens,DEF,6.0
7,449.l.808129.t.11,449.p.31838,Daniel Jones,QB,5.96
7,449.l.808129.t.11,449.p.40063,Jayden Reed,WR,2.0
7,449.l.808129.t.11,449.p.31868,Deebo Samuel,WR,0.0
7,449.l.808129.t.11,449.p.40075,Zach Charbonnet,RB,1.4
7,449.l.808129.t.11,449.p.40962,Blake Corum,RB,1.1
7,449.l.808129.t.11,449.p.34010,Trey McBride,TE,7.6
7,449.l.808129.t.11,449.p.30352,Noah Brown,WR,2.1
7,449.l.808129.t.11,449.p.32676,Justin Herbert,QB,14.76
7,449.l.808129.t.11,449.p.33966,Chris Olave,WR,0.0
7,449.l.808129.t.11,449.p.32705,D'Andre Swift,RB,0.0
7,449.l.808129.t.11,449.p.33477,Nico Collins,WR,0.0
7,449.l.808129.t.11,449.p.40901,Rome Odunze,WR,0.0
7,449.l.808129.t.11,449.p.31874,Drew Lock,QB,1.54
7,449.l.808129.t.11,449.p.28839,Taylor Heinicke,QB,0.0
7,449.l.808129.t.11,449.p.26534,Justin Tucker,K,13.0
7,449.l.808129.t.11,449.p.100018,Saints,DEF,2.0
7,449.l.808129.t.12,449.p.31833,Kyler Murray,QB,21.2
7,449.l.808129.t.12,449.p.40039,Zay Flowers,WR,3.5
7,449.l.808129.t.12,449.p.32703,Tee Higgins,WR,16.2
7,449.l.808129.t.12,449.p.34120,Kyren Williams,RB,19.6
7,449.l.808129.t.12,449.p.34054,Brian Robinson Jr.,RB,13.1
7,449.l.808129.t.12,449.p.40048,Dalton Kincaid,TE,6.7
7,449.l.808129.t.12,449.p.31017,Christian Kirk,WR,2.9
7,449.l.808129.t.12,449.p.41043,Spencer Rattler,QB,6.28
7,449.l.808129.t.12,449.p.32608,D'Ernest Johnson,RB,8.5
7,449.l.808129.t.12,449.p.32711,Jonathan Taylor,RB,0.0
7,449.l.808129.t.12,449.p.34261,Tyler Goodson,RB,11.1
7,449.l.808129.t.12,449.p.31010,Courtland Sutton,WR,0.0
7,449.l.808129.t.12,449.p.27564,Derek Carr,QB,0.0
7,449.l.808129.t.12,449.p.33443,Pat Freiermuth,TE,6.1
7,449.l.808129.t.12,449.p.30426,Younghoe Koo,K,2.0
7,449.l.808129.t.12,449.p.100020,Jets,DEF,-3.0
7,449.l.808129.t.6,449.p.32696,Jordan Love,QB,18.8
7,449.l.808129.t.6,449.p.33998,Wan'Dale Robinson,WR,5.3
7,449.l.808129.t.6,449.p.31883,A.J. Brown,WR,17.4
7,449.l.808129.t.6,449.p.40993,Bucky Irving,RB,15.2
7,449.l.808129.t.6,449.p.28654,Raheem Mostert,RB,3.0
7,449.l.808129.t.6,449.p.34095,Isaiah Likely,TE,2.7
7,449.l.808129.t.6,449.p.31056,Mark Andrews,TE,18.1
7,449.l.808129.t.6,449.p.29399,Tyreek Hill,WR,1.8
7,449.l.808129.t.6,449.p.41052,Kimani Vidal,RB,2.4
7,449.l.808129.t.6,449.p.32231,Jakobi Meyers,WR,0.0
7,449.l.808129.t.6,449.p.29325,Jacoby Brissett,QB,0.0
7,449.l.808129.t.6,449.p.34042,Malik Willis,QB,0.0
7,449.l.808129.t.6,449.p.28389,Jameis Winston,QB,8.68
7,449.l.808129.t.6,449.p.40980,Ray Davis,RB,11.2
7,449.l.808129.t.6,449.p.29754,Wil Lutz,K,18.0
7,449.l.808129.t.6,449.p.100013,Raiders,DEF,4.0
7,449.l.808129.t.9,449.p.34218,Brock Purdy,QB,20.18
7,449.l.808129.t.9,449.p.28457,Tyler Lockett,WR,6.5
7,449.l.808129.t.9,449.p.40126,Josh Downs,WR,0.8
7,449.l.808129.t.9,449.p.32756,Zack Moss,RB,5.5
7,449.l.808129.t.9,449.p.33514,Chuba Hubbard,RB,11.2
7,449.l.808129.t.9,449.p.26686,Travis Kelce,TE,3.7
7,449.l.808129.t.9,449.p.40899,Malik Nabers,WR,6.1
7,449.l.808129.t.9,449.p.34062,Cade Otton,TE,14.0
7,449.l.808129.t.9,449.p.32887,Jauan Jennings,WR,0.0
7,449.l.808129.t.9,449.p.30614,Taysom Hill,"QB,TE",0.0
7,449.l.808129.t.9,449.p.26699,Keenan Allen,WR,0.0
7,449.l.808129.t.9,449.p.30121,Christian McCaffrey,RB,0.0
7,449.l.808129.t.9,449.p.30248,Joshua Dobbs,QB,0.0
7,449.l.808129.t.9,449.p.28188,Chris Boswell,K,14.0
7,449.l.808129.t.9,449.p.9526,Graham Gano,K,0.0
7,449.l.808129.t.9,449.p.100025,49ers,DEF,5.0
7,449.l.808129.t.14,449.p.32723,Jalen Hurts,QB,22.76
7,449.l.808129.t.14,449.p.33963,Drake London,WR,15.3
7,449.l.808129.t.14,449.p.33398,DeVonta Smith,WR,0.3
7,449.l.808129.t.14,449.p.40981,Braelon Allen,RB,1.1
7,449.l.808129.t.14,449.p.33476,Trey Sermon,RB,5.4
7,449.l.808129.t.14,449.p.26658,Zach Ertz,TE,12.0
7,449.l.808129.t.14,449.p.40097,Tank Dell,WR,0.0
7,449.l.808129.t.14,449.p.40040,Anthony Richardson Sr.,QB,8.76
7,449.l.808129.t.14,449.p.34447,Jaylen Warren,RB,6.9
7,449.l.808129.t.14,449.p.34085,Jake Ferguson,TE,0.0
7,449.l.808129.t.14,449.p.8795,Joe Flacco,QB,0.0
7,449.l.808129.t.14,449.p.40201,Dontayvion Wicks,WR,12.3
7,449.l.808129.t.14,449.p.29238,Ezekiel Elliott,RB,0.0
7,449.l.808129.t.14,449.p.40958,Trey Benson,RB,0.0
7,449.l.808129.t.14,449.p.32858,Tyler Bass,K,10.0
7,449.l.808129.t.14,449.p.100007,Broncos,DEF,20.0
7,449.l.808129.t.3,449.p.40030,C.J. Stroud,QB,5.34
7,449.l.808129.t.3,449.p.26650,DeAndre Hopkins,WR,0.3
7,449.l.808129.t.3,449.p.27581,Davante Adams,WR,4.5
7,449.l.808129.t.3,449.p.33423,Javonte Williams,RB,24.6
7,449.l.808129.t.3,449.p.32736,Antonio Gibson,RB,1.8
7,449.l.808129.t.3,449.p.30142,David Njoku,TE,18.6
7,449.l.808129.t.3,449.p.40908,Ladd McConkey,WR,7.1
7,449.l.808129.t.3,449.p.25812,Kirk Cousins,QB,9.18
7,449.l.808129.t.3,449.p.31268,Allen Lazard,WR,7.8
7,449.l.808129.t.3,449.p.34078,Zamir White,RB,3.2
7,449.l.808129.t.3,449.p.40168,Puka Nacua,WR,0.0
7,449.l.808129.t.3,449.p.41010,Jaylen Wright,RB,3.3
7,449.l.808129.t.3,449.p.41045,Bub Means,WR,5.2
7,449.l.808129.t.3,449.p.34125,Ty Chandler,RB,0.4
7,449.l.808129.t.3,449.p.32002,Austin Seibert,K,17.0
7,449.l.808129.t.3,449.p.100002,Bills,DEF,11.0
7,449.l.808129.t.16,449.p.31002,Lamar Jackson,QB,34.44
7,449.l.808129.t.16,449.p.40893,Marvin Harrison Jr.,WR,3.6
7,449.l.808129.t.16,449.p.40877,Xavier Worthy,WR,3.9
7,449.l.808129.t.16,449.p.32725,J.K. Dobbins,RB,8.1
7,449.l.808129.t.16,449.p.30295,Aaron Jones Sr.,RB,19.1
7,449.l.808129.t.16,449.p.40064,Sam LaPorta,TE,3.0
7,449.l.808129.t.16,449.p.31934,Alexander Mattison,RB,13.8
7,449.l.808129.t.16,449.p.32993,Tyler Huntley,QB,9.48
7,449.l.808129.t.16,449.p.40138,Aidan O'Connell,QB,2.08
7,449.l.808129.t.16,449.p.32704,Michael Pittman Jr.,WR,7.8
7,449.l.808129.t.16,449.p.31945,Justice Hill,RB,12.3
7,449.l.808129.t.16,449.p.32687,CeeDee Lamb,WR,0.0
7,449.l.808129.t.16,449.p.31852,Noah Fant,TE,8.5
7,449.l.808129.t.16,449.p.29236,Carson Wentz,QB,0.0
7,449.l.808129.t.16,449.p.26800,Dustin Hopkins,K,0.0
7,449.l.808129.t.16,449.p.100009,Packers,DEF,4.0
8,449.l.808129.t.5,449.p.30977,Josh Allen,QB,20.82
8,449.l.808129.t.5,449.p.40883,Brian Thomas Jr.,WR,13.5
8,449.l.808129.t.5,449.p.40954,Jalen McMillan,WR,7.2
8,449.l.808129.t.5,449.p.40055,Bijan Robinson,RB,20.1
8,449.l.808129.t.5,449.p.31960,Tony Pollard,RB,13.2
8,449.l.808129.t.5,449.p.32803,Colby Parkinson,TE,2.7
8,449.l.808129.t.5,449.p.40196,Chase Brown,RB,10.4
8,449.l.808129.t.5,449.p.29235,Jared Goff,QB,15.5
8,449.l.808129.t.5,449.p.40890,Xavier Legette,WR,11.4
8,449.l.808129.t.5,449.p.40051,Quentin Johnston,WR,0.0
8,449.l.808129.t.5,449.p.33508,Rhamondre Stevenson,RB,22.0
8,449.l.808129.t.5,449.p.24822,Andy Dalton,QB,0.0
8,449.l.808129.t.5,449.p.33465,Joshua Palmer,WR,8.2
8,449.l.808129.t.5,449.p.40995,Ja'Tavion Sanders,TE,1.2
8,449.l.808129.t.5,449.p.31199,Jason Sanders,K,11.0
8,449.l.808129.t.5,449.p.100016,Vikings,DEF,1.0
8,449.l.808129.t.8,449.p.32675,Tua Tagovailoa,QB,14.66
8,449.l.808129.t.8,449.p.28534,Stefon Diggs,WR,10.2
8,449.l.808129.t.8,449.p.40041,Jaxon Smith-Njigba,WR,9.9
8,449.l.808129.t.8,449.p.31856,Josh Jacobs,RB,25.0
8,449.l.808129.t.8,449.p.40095,Tank Bigsby,RB,9.6
8,449.l.808129.t.8,449.p.30213,Jonnu Smith,TE,4.0
8,449.l.808129.t.8,449.p.32685,Jerry Jeudy,WR,10.4
8,449.l.808129.t.8,449.p.25785,Russell Wilson,QB,13.82
8,449.l.808129.t.8,449.p.40911,Keon Coleman,WR,15.5
8,449.l.808129.t.8,449.p.34047,Rachaad White,RB,13.2
8,449.l.808129.t.8,449.p.30996,Calvin Ridley,WR,17.6
8,449.l.808129.t.8,449.p.40889,Michael Penix Jr.,QB,0.0
8,449.l.808129.t.8,449.p.27540,Odell Beckham Jr.,WR,0.0
8,449.l.808129.t.8,449.p.40029,Bryce Young,QB,15.56
8,449.l.808129.t.8,449.p.33537,Evan McPherson,K,5.0
8,449.l.808129.t.8,449.p.100011,Colts,DEF,4.0
8,449.l.808129.t.1,449.p.7200,Aaron Rodgers,QB,17.32
8,449.l.808129.t.1,449.p.33989,Christian Watson,WR,5.9
8,449.l.808129.t.1,449.p.34104,Khalil Shakir,WR,15.4
8,449.l.808129.t.1,449.p.40059,Jahmyr Gibbs,RB,19.8
8,449.l.808129.t.1,449.p.40118,De'Von Achane,RB,23.7
8,449.l.808129.t.1,449.p.40102,Tucker Kraft,TE,15.3
8,449.l.808129.t.1,449.p.34008,Alec Pierce,WR,1.6
8,449.l.808129.t.1,449.p.30971,Baker Mayfield,QB,24.3
8,449.l.808129.t.1,449.p.33413,Travis Etienne Jr.,RB,0.0
8,449.l.808129.t.1,449.p.31896,DK Metcalf,WR,0.0
8,449.l.808129.t.1,449.p.31019,Dallas Goedert,TE,0.0
8,449.l.808129.t.1,449.p.31840,T.J. Hockenson,TE,0.0
8,449.l.808129.t.1,449.p.24967,Tyrod Taylor,QB,0.0
8,449.l.808129.t.1,449.p.40114,Tre Tucker,WR,4.3
8,449.l.808129.t.1,449.p.31977,Matt Gay,K,9.0
8,449.l.808129.t.1,449.p.100034,Texans,DEF,10.0
8,449.l.808129.t.15,449.p.9265,Matthew Stafford,QB,25.76
8,449.l.808129.t.15,449.p.28392,Amari Cooper,WR,0.8
8,449.l.808129.t.15,449.p.31908,Terry McLaurin,WR,15.0
8,449.l.808129.t.15,449.p.30161,Joe Mixon,RB,21.4
8,449.l.808129.t.15,449.p.30218,James Conner,RB,13.9
8,449.l.808129.t.15,449.p.33392,Kyle Pitts Sr.,TE,23.1
8,449.l.808129.t.15,449.p.33412,Najee Harris,RB,14.6
8,449.l.808129.t.15,449.p.40900,Caleb Williams,QB,9.94
8,449.l.808129.t.15,449.p.40121,Michael Wilson,WR,11.6
8,449.l.808129.t.15,449.p.40119,Tyjae Spears,RB,0.0
8,449.l.808129.t.15,449.p.32798,Gabe Davis,WR,0.0
8,449.l.808129.t.15,449.p.40926,Jonathon Brooks,RB,0.0
8,449.l.808129.t.15,449.p.27590,Jimmy Garoppolo,QB,0.0
8,449.l.808129.t.15,449.p.40819,Brandon Aubrey,K,6.0
8,449.l.808129.t.15,449.p.34344,Cameron Dicker,K,9.0
8,449.l.808129.t.15,449.p.100023,Steelers,DEF,15.0
8,449.l.808129.t.2,449.p.32671,Joe Burrow,QB,13.86
8,449.l.808129.t.2,449.p.32692,Justin Jefferson,WR,15.5
8,449.l.808129.t.2,449.p.40042,Jordan Addison,WR,3.2
8,449.l.808129.t.2,449.p.33996,Kenneth Walker III,RB,6.5
8,449.l.808129.t.2,449.p.34019,James Cook III,RB,26.8
8,449.l.808129.t.2,449.p.31107,Dalton Schultz,TE,7.2
8,449.l.808129.t.2,449.p.33415,Rashod Bateman,WR,3.3
8,449.l.808129.t.2,449.p.26662,Geno Smith,QB,9.08
8,449.l.808129.t.2,449.p.34112,Jerome Ford,RB,0.0
8,449.l.808129.t.2,449.p.32018,Ty Johnson,RB,0.0
8,449.l.808129.t.2,449.p.30202,D'Onta Foreman,RB,2.6
8,449.l.808129.t.2,449.p.29360,Demarcus Robinson,WR,16.5
8,449.l.808129.t.2,449.p.32138,Jake Browning,QB,0.0
8,449.l.808129.t.2,449.p.29792,Ka'imi Fairbairn,K,11.0
8,449.l.808129.t.2,449.p.100003,Bears,DEF,3.0
8,449.l.808129.t.2,449.p.100028,Commanders,DEF,6.0
8,449.l.808129.t.10,449.p.30973,Sam Darnold,QB,18.2
8,449.l.808129.t.10,449.p.33500,Amon-Ra St. Brown,WR,7.7
8,449.l.808129.t.10,449.p.30182,Cooper Kupp,WR,13.6
8,449.l.808129.t.10,449.p.30423,Austin Ekeler,RB,6.8
8,449.l.808129.t.10,449.p.41048,Tyrone Tracy Jr.,RB,22.0
8,449.l.808129.t.10,449.p.32713,Cole Kmet,TE,3.9
8,449.l.808129.t.10,449.p.30994,DJ Moore,WR,4.4
8,449.l.808129.t.10,449.p.29288,Tyler Boyd,WR,2.9
8,449.l.808129.t.10,449.p.31888,Mecole Hardman Jr.,WR,1.3
8,449.l.808129.t.10,449.p.40068,Will Levis,QB,0.0
8,449.l.808129.t.10,449.p.29269,Hunter Henry,TE,7.0
8,449.l.808129.t.10,449.p.31906,Devin Singletary,RB,3.3
8,449.l.808129.t.10,449.p.34207,Isiah Pacheco,RB,0.0
8,449.l.808129.t.10,449.p.28390,Marcus Mariota,QB,0.0
8,449.l.808129.t.10,449.p.32417,Chase McLaughlin,K,8.0
8,449.l.808129.t.10,449.p.100008,Lions,DEF,16.0
8,449.l.808129.t.7,449.p.40896,Jayden Daniels,QB,22.24
8,449.l.808129.t.7,449.p.33965,Garrett Wilson,WR,13.8
8,449.l.808129.t.7,449.p.34044,Jalen Tolbert,WR,5.9
8,449.l.808129.t.7,449.p.30180,Alvin Kamara,RB,15.2
8,449.l.808129.t.7,449.p.30972,Saquon Barkley,RB,11.6
8,449.l.808129.t.7,449.p.40878,Brock Bowers,TE,8.3
8,449.l.808129.t.7,449.p.34107,Tyler Allgeier,RB,3.3
8,449.l.808129.t.7,449.p.40881,Drake Maye,QB,11.52
8,449.l.808129.t.7,449.p.33967,Jameson Williams,WR,0.0
8,449.l.808129.t.7,449.p.27535,Mike Evans,WR,0.0
8,449.l.808129.t.7,449.p.32010,Gardner Minshew,QB,14.96
8,449.l.808129.t.7,449.p.34100,Sam Howell,QB,0.0
8,449.l.808129.t.7,449.p.30247,Jamaal Williams,RB,0.4
8,449.l.808129.t.7,449.p.30266,Jake Elliott,K,15.0
8,449.l.808129.t.7,449.p.41093,Will Reichard,K,8.0
8,449.l.808129.t.7,449.p.100021,Eagles,DEF,6.0
8,449.l.808129.t.13,449.p.33389,Trevor Lawrence,QB,24.32
8,449.l.808129.t.13,449.p.33393,Ja'Marr Chase,WR,15.9
8,449.l.808129.t.13,449.p.34007,George Pickens,WR,9.4
8,449.l.808129.t.13,449.p.29279,Derrick Henry,RB,14.2
8,449.l.808129.t.13,449.p.31905,David Montgomery,RB,14.42
8,449.l.808129.t.13,449.p.30259,George Kittle,TE,21.8
8,449.l.808129.t.13,449.p.31005,Nick Chubb,RB,5.2
8,449.l.808129.t.13,449.p.40875,Bo Nix,QB,29.76
8,449.l.808129.t.13,449.p.33394,Jaylen Waddle,WR,6.5
8,449.l.808129.t.13,449.p.33399,Justin Fields,QB,0.0
8,449.l.808129.t.13,449.p.34088,Romeo Doubs,WR,8.7
8,449.l.808129.t.13,449.p.40222,DeMario Douglas,WR,2.2
8,449.l.808129.t.13,449.p.34030,Desmond Ridder,QB,0.0
8,449.l.808129.t.13,449.p.31127,Tyler Conklin,TE,11.7
8,449.l.808129.t.13,449.p.30346,Harrison Butker,K,10.0
8,449.l.808129.t.13,449.p.100012,Chiefs,DEF,8.0
8,449.l.808129.t.4,449.p.30123,Patrick Mahomes,QB,19.18
8,449.l.808129.t.4,449.p.32843,Darnell Mooney,WR,16.6
8,449.l.808129.t.4,449.p.40093,Cedric Tillman,WR,25.4
8,449.l.808129.t.4,449.p.33991,Breece Hall,RB,9.4
8,449.l.808129.t.4,449.p.34320,Jordan Mason,RB,1.8
8,449.l.808129.t.4,449.p.30136,Evan Engram,TE,11.6
8,449.l.808129.t.4,449.p.30199,Kareem Hunt,RB,12.8
8,449.l.808129.t.4,449.p.29369,Dak Prescott,QB,15.62
8,449.l.808129.t.4,449.p.31898,Diontae Johnson,WR,0.0
8,449.l.808129.t.4,449.p.31046,Mason Rudolph,QB,21.54
8,449.l.808129.t.4,449.p.33100,Rico Dowdle,RB,0.0
8,449.l.808129.t.4,449.p.40742,Sean Tucker,RB,2.0
8,449.l.808129.t.4,449.p.29274,Sterling Shepard,WR,3.3
8,449.l.808129.t.4,449.p.27277,Adam Thielen,WR,0.0
8,449.l.808129.t.4,449.p.40835,Jake Bates,K,12.0
8,449.l.808129.t.4,449.p.100033,Ravens,DEF,3.0
8,449.l.808129.t.11,449.p.31838,Daniel Jones,QB,7.66
8,449.l.808129.t.11,449.p.40063,Jayden Reed,WR,6.5
8,449.l.808129.t.11,449.p.31868,Deebo Samuel,WR,10.6
8,449.l.808129.t.11,449.p.40075,Zach Charbonnet,RB,9.9
8,449.l.808129.t.11,449.p.32705,D'Andre Swift,RB,18.9
8,449.l.808129.t.11,449.p.34010,Trey McBride,TE,16.9
8,449.l.808129.t.11,449.p.33966,Chris Olave,WR,14.7
8,449.l.808129.t.11,449.p.32676,Justin Herbert,QB,24.06
8,449.l.808129.t.11,449.p.30352,Noah Brown,WR,14.8
8,449.l.808129.t.11,449.p.40962,Blake Corum,RB,2.3
8,449.l.808129.t.11,449.p.33477,Nico Collins,WR,0.0
8,449.l.808129.t.11,449.p.40901,Rome Odunze,WR,6.9
8,449.l.808129.t.11,449.p.31874,Drew Lock,QB,0.0
8,449.l.808129.t.11,449.p.28839,Taylor Heinicke,QB,0.0
8,449.l.808129.t.11,449.p.26534,Justin Tucker,K,7.0
8,449.l.808129.t.11,449.p.100018,Saints,DEF,5.0
8,449.l.808129.t.12,449.p.31833,Kyler Murray,QB,22.18
8,449.l.808129.t.12,449.p.40039,Zay Flowers,WR,15.0
8,449.l.808129.t.12,449.p.31010,Courtland Sutton,WR,13.12
8,449.l.808129.t.12,449.p.34120,Kyren Williams,RB,20.1
8,449.l.808129.t.12,449.p.34054,Brian Robinson Jr.,RB,8.1
8,449.l.808129.t.12,449.p.40048,Dalton Kincaid,TE,11.1
8,449.l.808129.t.12,449.p.32711,Jonathan Taylor,RB,18.2
8,449.l.808129.t.12,449.p.41043,Spencer Rattler,QB,6.24
8,449.l.808129.t.12,449.p.32703,Tee Higgins,WR,0.0
8,449.l.808129.t.12,449.p.27564,Derek Carr,QB,0.0
8,449.l.808129.t.12,449.p.31017,Christian Kirk,WR,6.9
8,449.l.808129.t.12,449.p.32608,D'Ernest Johnson,RB,2.8
8,449.l.808129.t.12,449.p.33443,Pat Freiermuth,TE,2.9
8,449.l.808129.t.12,449.p.40223,Trey Palmer,WR,3.9
8,449.l.808129.t.12,449.p.30426,Younghoe Koo,K,7.0
8,449.l.808129.t.12,449.p.100020,Jets,DEF,2.0
8,449.l.808129.t.6,449.p.32696,Jordan Love,QB,6.74
8,449.l.808129.t.6,449.p.31883,A.J. Brown,WR,10.9
8,449.l.808129.t.6,449.p.29399,Tyreek Hill,WR,10.2
8,449.l.808129.t.6,449.p.40993,Bucky Irving,RB,11.9
8,449.l.808129.t.6,449.p.28654,Raheem Mostert,RB,15.5
8,449.l.808129.t.6,449.p.34095,Isaiah Likely,TE,6.7
8,449.l.808129.t.6,449.p.31056,Mark Andrews,TE,12.1
8,449.l.808129.t.6,449.p.28389,Jameis Winston,QB,23.56
8,449.l.808129.t.6,449.p.40980,Ray Davis,RB,2.9
8,449.l.808129.t.6,449.p.33998,Wan'Dale Robinson,WR,5.5
8,449.l.808129.t.6,449.p.41052,Kimani Vidal,RB,1.6
8,449.l.808129.t.6,449.p.32231,Jakobi Meyers,WR,14.2
8,449.l.808129.t.6,449.p.34042,Malik Willis,QB,8.54
8,449.l.808129.t.6,449.p.40195,Dorian Thompson-Robinson,QB,0.0
8,449.l.808129.t.6,449.p.29754,Wil Lutz,K,4.0
8,449.l.808129.t.6,449.p.100013,Raiders,DEF,3.0
8,449.l.808129.t.9,449.p.34218,Brock Purdy,QB,26.0
8,449.l.808129.t.9,449.p.28457,Tyler Lockett,WR,1.4
8,449.l.808129.t.9,449.p.40126,Josh Downs,WR,20.2
8,449.l.808129.t.9,449.p.32756,Zack Moss,RB,5.9
8,449.l.808129.t.9,449.p.33514,Chuba Hubbard,RB,8.1
8,449.l.808129.t.9,449.p.26686,Travis Kelce,TE,20.0
8,449.l.808129.t.9,449.p.40899,Malik Nabers,WR,10.6
8,449.l.808129.t.9,449.p.34062,Cade Otton,TE,24.6
8,449.l.808129.t.9,449.p.32887,Jauan Jennings,WR,0.0
8,449.l.808129.t.9,449.p.30614,Taysom Hill,"QB,TE",5.22
8,449.l.808129.t.9,449.p.26699,Keenan Allen,WR,4.9
8,449.l.808129.t.9,449.p.30121,Christian McCaffrey,RB,0.0
8,449.l.808129.t.9,449.p.30248,Joshua Dobbs,QB,0.0
8,449.l.808129.t.9,449.p.28188,Chris Boswell,K,14.0
8,449.l.808129.t.9,449.p.9526,Graham Gano,K,0.0
8,449.l.808129.t.9,449.p.100025,49ers,DEF,6.0
8,449.l.808129.t.14,449.p.32723,Jalen Hurts,QB,35.14
8,449.l.808129.t.14,449.p.33963,Drake London,WR,5.4
8,449.l.808129.t.14,449.p.33398,DeVonta Smith,WR,17.5
8,449.l.808129.t.14,449.p.40981,Braelon Allen,RB,9.2
8,449.l.808129.t.14,449.p.34447,Jaylen Warren,RB,6.9
8,449.l.808129.t.14,449.p.34085,Jake Ferguson,TE,5.3
8,449.l.808129.t.14,449.p.40097,Tank Dell,WR,11.5
8,449.l.808129.t.14,449.p.40040,Anthony Richardson Sr.,QB,12.5
8,449.l.808129.t.14,449.p.33476,Trey Sermon,RB,1.9
8,449.l.808129.t.14,449.p.8795,Joe Flacco,QB,0.0
8,449.l.808129.t.14,449.p.40201,Dontayvion Wicks,WR,2.1
8,449.l.808129.t.14,449.p.40958,Trey Benson,RB,1.0
8,449.l.808129.t.14,449.p.40892,Ricky Pearsall,WR,9.7
8,449.l.808129.t.14,449.p.40162,Roschon Johnson,RB,6.6
8,449.l.808129.t.14,449.p.27120,Brandon McManus,K,12.0
8,449.l.808129.t.14,449.p.100007,Broncos,DEF,7.0
8,449.l.808129.t.3,449.p.40030,C.J. Stroud,QB,12.4
8,449.l.808129.t.3,449.p.27581,Davante Adams,WR,7.4
8,449.l.808129.t.3,449.p.40168,Puka Nacua,WR,14.6
8,449.l.808129.t.3,449.p.33423,Javonte Williams,RB,7.2
8,449.l.808129.t.3,449.p.32736,Antonio Gibson,RB,0.7
8,449.l.808129.t.3,449.p.30142,David Njoku,TE,14.6
8,449.l.808129.t.3,449.p.40908,Ladd McConkey,WR,26.1
8,449.l.808129.t.3,449.p.25812,Kirk Cousins,QB,28.64
8,449.l.808129.t.3,449.p.26650,DeAndre Hopkins,WR,3.9
8,449.l.808129.t.3,449.p.31268,Allen Lazard,WR,0.0
8,449.l.808129.t.3,449.p.34078,Zamir White,RB,-0.1
8,449.l.808129.t.3,449.p.41010,Jaylen Wright,RB,1.8
8,449.l.808129.t.3,449.p.41045,Bub Means,WR,4.1
8,449.l.808129.t.3,449.p.41009,Troy Franklin,WR,1.4
8,449.l.808129.t.3,449.p.32002,Austin Seibert,K,13.0
8,449.l.808129.t.3,449.p.100002,Bills,DEF,9.0
8,449.l.808129.t.16,449.p.31002,Lamar Jackson,QB,24.16
8,449.l.808129.t.16,449.p.40893,Marvin Harrison Jr.,WR,20.1
8,449.l.808129.t.16,449.p.32687,CeeDee Lamb,WR,33.1
8,449.l.808129.t.16,449.p.32725,J.K. Dobbins,RB,14.8
8,449.l.808129.t.16,449.p.30295,Aaron Jones Sr.,RB,10.5
8,449.l.808129.t.16,449.p.40064,Sam LaPorta,TE,13.8
8,449.l.808129.t.16,449.p.31934,Alexander Mattison,RB,6.9
8,449.l.808129.t.16,449.p.32704,Michael Pittman Jr.,WR,2.1
8,449.l.808129.t.16,449.p.40877,Xavier Worthy,WR,11.7
8,449.l.808129.t.16,449.p.31945,Justice Hill,RB,2.4
8,449.l.808129.t.16,449.p.31852,Noah Fant,TE,3.7
8,449.l.808129.t.16,449.p.29236,Carson Wentz,QB,0.0
8,449.l.808129.t.16,449.p.30154,Dalvin Cook,RB,2.7
8,449.l.808129.t.16,449.p.29238,Ezekiel Elliott,RB,10.3
8,449.l.808129.t.16,449.p.26800,Dustin Hopkins,K,12.0
8,449.l.808129.t.16,449.p.100009,Packers,DEF,5.0
9,449.l.808129.t.5,449.p.30977,Josh Allen,QB,23.1
9,449.l.808129.t.5,449.p.40883,Brian Thomas Jr.,WR,5.2
9,449.l.808129.t.5,449.p.40890,Xavier Legette,WR,11.9
9,449.l.808129.t.5,449.p.40055,Bijan Robinson,RB,18.0
9,449.l.808129.t.5,449.p.31960,Tony Pollard,RB,16.9
9,449.l.808129.t.5,449.p.32803,Colby Parkinson,TE,0.0
9,449.l.808129.t.5,449.p.40196,Chase Brown,RB,24.2
9,449.l.808129.t.5,449.p.29235,Jared Goff,QB,9.6
9,449.l.808129.t.5,449.p.40954,Jalen McMillan,WR,0.0
9,449.l.808129.t.5,449.p.40051,Quentin Johnston,WR,20.0
9,449.l.808129.t.5,449.p.33508,Rhamondre Stevenson,RB,19.9
9,449.l.808129.t.5,449.p.24822,Andy Dalton,QB,0.0
9,449.l.808129.t.5,449.p.33465,Joshua Palmer,WR,13.3
9,449.l.808129.t.5,449.p.40995,Ja'Tavion Sanders,TE,10.7
9,449.l.808129.t.5,449.p.31199,Jason Sanders,K,9.0
9,449.l.808129.t.5,449.p.100016,Vikings,DEF,11.0
9,449.l.808129.t.8,449.p.32675,Tua Tagovailoa,QB,17.54
9,449.l.808129.t.8,449.p.40041,Jaxon Smith-Njigba,WR,33.5
9,449.l.808129.t.8,449.p.40911,Keon Coleman,WR,4.6
9,449.l.808129.t.8,449.p.31856,Josh Jacobs,RB,11.8
9,449.l.808129.t.8,449.p.34047,Rachaad White,RB,11.0
9,449.l.808129.t.8,449.p.30213,Jonnu Smith,TE,7.1
9,449.l.808129.t.8,449.p.30996,Calvin Ridley,WR,9.8
9,449.l.808129.t.8,449.p.40029,Bryce Young,QB,10.74
9,449.l.808129.t.8,449.p.40095,Tank Bigsby,RB,2.2
9,449.l.808129.t.8,449.p.25785,Russell Wilson,QB,0.0
9,449.l.808129.t.8,449.p.32685,Jerry Jeudy,WR,10.8
9,449.l.808129.t.8,449.p.28534,Stefon Diggs,WR,0.0
9,449.l.808129.t.8,449.p.40889,Michael Penix Jr.,QB,0.0
9,449.l.808129.t.8,449.p.27540,Odell Beckham Jr.,WR,3.0
9,449.l.808129.t.8,449.p.33537,Evan McPherson,K,12.0
9,449.l.808129.t.8,449.p.100011,Colts,DEF,16.0
9,449.l.808129.t.1,449.p.7200,Aaron Rodgers,QB,20.34
9,449.l.808129.t.1,449.p.34104,Khalil Shakir,WR,8.0
9,449.l.808129.t.1,449.p.33989,Christian Watson,WR,7.2
9,449.l.808129.t.1,449.p.40059,Jahmyr Gibbs,RB,14.1
9,449.l.808129.t.1,449.p.40118,De'Von Achane,RB,28.1
9,449.l.808129.t.1,449.p.40102,Tucker Kraft,TE,5.6
9,449.l.808129.t.1,449.p.33413,Travis Etienne Jr.,RB,4.0
9,449.l.808129.t.1,449.p.30971,Baker Mayfield,QB,18.0
9,449.l.808129.t.1,449.p.31896,DK Metcalf,WR,0.0
9,449.l.808129.t.1,449.p.31019,Dallas Goedert,TE,0.0
9,449.l.808129.t.1,449.p.31840,T.J. Hockenson,TE,4.2
9,449.l.808129.t.1,449.p.24967,Tyrod Taylor,QB,0.0
9,449.l.808129.t.1,449.p.40114,Tre Tucker,WR,1.5
9,449.l.808129.t.1,449.p.33999,John Metchie III,WR,0.0
9,449.l.808129.t.1,449.p.31977,Matt Gay,K,10.0
9,449.l.808129.t.1,449.p.100034,Texans,DEF,2.0
9,449.l.808129.t.15,449.p.9265,Matthew Stafford,QB,18.92
9,449.l.808129.t.15,449.p.31908,Terry McLaurin,WR,14.9
9,449.l.808129.t.15,449.p.40121,Michael Wilson,WR,0.0
9,449.l.808129.t.15,449.p.30161,Joe Mixon,RB,16.6
9,449.l.808129.t.15,449.p.30218,James Conner,RB,13.4
9,449.l.808129.t.15,449.p.33392,Kyle Pitts Sr.,TE,1.6
9,449.l.808129.t.15,449.p.40234,Parker Washington,WR,5.6
9,449.l.808129.t.15,449.p.40900,Caleb Williams,QB,9.18
9,449.l.808129.t.15,449.p.32798,Gabe Davis,WR,0.0
9,449.l.808129.t.15,449.p.28392,Amari Cooper,WR,0.0
9,449.l.808129.t.15,449.p.33412,Najee Harris,RB,0.0
9,449.l.808129.t.15,449.p.40926,Jonathon Brooks,RB,0.0
9,449.l.808129.t.15,449.p.27590,Jimmy Garoppolo,QB,0.0
9,449.l.808129.t.15,449.p.40819,Brandon Aubrey,K,9.0
9,449.l.808129.t.15,449.p.100010,Titans,DEF,11.0
9,449.l.808129.t.15,449.p.100023,Steelers,DEF,0.0
9,449.l.808129.t.2,449.p.32671,Joe Burrow,QB,30.14
9,449.l.808129.t.2,449.p.32692,Justin Jefferson,WR,18.08
9,449.l.808129.t.2,449.p.40042,Jordan Addison,WR,13.6
9,449.l.808129.t.2,449.p.33996,Kenneth Walker III,RB,12.2
9,449.l.808129.t.2,449.p.34019,James Cook III,RB,9.4
9,449.l.808129.t.2,449.p.31107,Dalton Schultz,TE,3.6
9,449.l.808129.t.2,449.p.29360,Demarcus Robinson,WR,24.4
9,449.l.808129.t.2,449.p.26662,Geno Smith,QB,25.12
9,449.l.808129.t.2,449.p.33415,Rashod Bateman,WR,4.0
9,449.l.808129.t.2,449.p.34112,Jerome Ford,RB,1.2
9,449.l.808129.t.2,449.p.32018,Ty Johnson,RB,2.3
9,449.l.808129.t.2,449.p.30202,D'Onta Foreman,RB,0.0
9,449.l.808129.t.2,449.p.32138,Jake Browning,QB,-0.1
9,449.l.808129.t.2,449.p.29792,Ka'imi Fairbairn,K,9.0
9,449.l.808129.t.2,449.p.100028,Commanders,DEF,4.0
9,449.l.808129.t.2,449.p.100003,Bears,DEF,7.0
9,449.l.808129.t.10,449.p.30973,Sam Darnold,QB,21.0
9,449.l.808129.t.10,449.p.33500,Amon-Ra St. Brown,WR,15.1
9,449.l.808129.t.10,449.p.30182,Cooper Kupp,WR,15.9
9,449.l.808129.t.10,449.p.30423,Austin Ekeler,RB,15.8
9,449.l.808129.t.10,449.p.41048,Tyrone Tracy Jr.,RB,7.4
9,449.l.808129.t.10,449.p.32713,Cole Kmet,TE,0.0
9,449.l.808129.t.10,449.p.30994,DJ Moore,WR,5.3
9,449.l.808129.t.10,449.p.41293,Jalen Coker,WR,4.6
9,449.l.808129.t.10,449.p.40068,Will Levis,QB,0.0
9,449.l.808129.t.10,449.p.31906,Devin Singletary,RB,3.3
9,449.l.808129.t.10,449.p.29269,Hunter Henry,TE,9.1
9,449.l.808129.t.10,449.p.34207,Isiah Pacheco,RB,0.0
9,449.l.808129.t.10,449.p.28390,Marcus Mariota,QB,0.0
9,449.l.808129.t.10,449.p.32417,Chase McLaughlin,K,7.0
9,449.l.808129.t.10,449.p.100004,Bengals,DEF,10.0
9,449.l.808129.t.10,449.p.100008,Lions,DEF,9.0
9,449.l.808129.t.7,449.p.40896,Jayden Daniels,QB,19.86
9,449.l.808129.t.7,449.p.33965,Garrett Wilson,WR,25.5
9,449.l.808129.t.7,449.p.34044,Jalen Tolbert,WR,9.4
9,449.l.808129.t.7,449.p.30180,Alvin Kamara,RB,24.5
9,449.l.808129.t.7,449.p.30972,Saquon Barkley,RB,31.4
9,449.l.808129.t.7,449.p.40878,Brock Bowers,TE,13.0
9,449.l.808129.t.7,449.p.34107,Tyler Allgeier,RB,7.8
9,449.l.808129.t.7,449.p.40881,Drake Maye,QB,17.74
9,449.l.808129.t.7,449.p.33967,Jameson Williams,WR,0.0
9,449.l.808129.t.7,449.p.27535,Mike Evans,WR,0.0
9,449.l.808129.t.7,449.p.32010,Gardner Minshew,QB,2.96
9,449.l.808129.t.7,449.p.34100,Sam Howell,QB,0.0
9,449.l.808129.t.7,449.p.30247,Jamaal Williams,RB,0.0
9,449.l.808129.t.7,449.p.30266,Jake Elliott,K,5.0
9,449.l.808129.t.7,449.p.41093,Will Reichard,K,3.0
9,449.l.808129.t.7,449.p.100021,Eagles,DEF,9.0
9,449.l.808129.t.13,449.p.33389,Trevor Lawrence,QB,21.56
9,449.l.808129.t.13,449.p.33393,Ja'Marr Chase,WR,7.8
9,449.l.808129.t.13,449.p.33394,Jaylen Waddle,WR,6.6
9,449.l.808129.t.13,449.p.29279,Derrick Henry,RB,25.8
9,449.l.808129.t.13,449.p.31905,David Montgomery,RB,11.1
9,449.l.808129.t.13,449.p.26658,Zach Ertz,TE,1.0
9,449.l.808129.t.13,449.p.31005,Nick Chubb,RB,4.0
9,449.l.808129.t.13,449.p.40875,Bo Nix,QB,18.22
9,449.l.808129.t.13,449.p.30259,George Kittle,TE,0.0
9,449.l.808129.t.13,449.p.34007,George Pickens,WR,0.0
9,449.l.808129.t.13,449.p.33399,Justin Fields,QB,0.0
9,449.l.808129.t.13,449.p.34088,Romeo Doubs,WR,4.8
9,449.l.808129.t.13,449.p.40222,DeMario Douglas,WR,7.0
9,449.l.808129.t.13,449.p.34030,Desmond Ridder,QB,5.16
9,449.l.808129.t.13,449.p.30346,Harrison Butker,K,7.0
9,449.l.808129.t.13,449.p.100017,Patriots,DEF,4.0
9,449.l.808129.t.4,449.p.30123,Patrick Mahomes,QB,24.54
9,449.l.808129.t.4,449.p.32843,Darnell Mooney,WR,17.3
9,449.l.808129.t.4,449.p.40093,Cedric Tillman,WR,16.5
9,449.l.808129.t.4,449.p.33991,Breece Hall,RB,9.5
9,449.l.808129.t.4,449.p.30199,Kareem Hunt,RB,18.2
9,449.l.808129.t.4,449.p.30136,Evan Engram,TE,9.0
9,449.l.808129.t.4,449.p.33100,Rico Dowdle,RB,19.2
9,449.l.808129.t.4,449.p.29369,Dak Prescott,QB,12.32
9,449.l.808129.t.4,449.p.31898,Diontae Johnson,WR,0.0
9,449.l.808129.t.4,449.p.34320,Jordan Mason,RB,0.0
9,449.l.808129.t.4,449.p.31046,Mason Rudolph,QB,18.5
9,449.l.808129.t.4,449.p.40742,Sean Tucker,RB,2.2
9,449.l.808129.t.4,449.p.29274,Sterling Shepard,WR,8.9
9,449.l.808129.t.4,449.p.27277,Adam Thielen,WR,0.0
9,449.l.808129.t.4,449.p.40835,Jake Bates,K,6.0
9,449.l.808129.t.4,449.p.100033,Ravens,DEF,10.0
9,449.l.808129.t.11,449.p.31838,Daniel Jones,QB,24.36
9,449.l.808129.t.11,449.p.40063,Jayden Reed,WR,13.8
9,449.l.808129.t.11,449.p.33966,Chris Olave,WR,1.8
9,449.l.808129.t.11,449.p.40075,Zach Charbonnet,RB,4.3
9,449.l.808129.t.11,449.p.32705,D'Andre Swift,RB,11.2
9,449.l.808129.t.11,449.p.34010,Trey McBride,TE,11.2
9,449.l.808129.t.11,449.p.40901,Rome Odunze,WR,12.9
9,449.l.808129.t.11,449.p.32676,Justin Herbert,QB,19.48
9,449.l.808129.t.11,449.p.30352,Noah Brown,WR,8.5
9,449.l.808129.t.11,449.p.31868,Deebo Samuel,WR,0.0
9,449.l.808129.t.11,449.p.40962,Blake Corum,RB,-0.1
9,449.l.808129.t.11,449.p.33477,Nico Collins,WR,0.0
9,449.l.808129.t.11,449.p.31874,Drew Lock,QB,0.0
9,449.l.808129.t.11,449.p.28839,Taylor Heinicke,QB,0.0
9,449.l.808129.t.11,449.p.26534,Justin Tucker,K,11.0
9,449.l.808129.t.11,449.p.100018,Saints,DEF,3.0
9,449.l.808129.t.12,449.p.31833,Kyler Murray,QB,4.76
9,449.l.808129.t.12,449.p.40039,Zay Flowers,WR,27.2
9,449.l.808129.t.12,449.p.31010,Courtland Sutton,WR,19.78
9,449.l.808129.t.12,449.p.34120,Kyren Williams,RB,10.0
9,449.l.808129.t.12,449.p.32711,Jonathan Taylor,RB,7.4
9,449.l.808129.t.12,449.p.40048,Dalton Kincaid,TE,5.2
9,449.l.808129.t.12,449.p.32003,Darius Slayton,WR,7.5
9,449.l.808129.t.12,449.p.27564,Derek Carr,QB,13.44
9,449.l.808129.t.12,449.p.34054,Brian Robinson Jr.,RB,0.0
9,449.l.808129.t.12,449.p.32703,Tee Higgins,WR,0.0
9,449.l.808129.t.12,449.p.41043,Spencer Rattler,QB,0.0
9,449.l.808129.t.12,449.p.33443,Pat Freiermuth,TE,0.0
9,449.l.808129.t.12,449.p.31157,Ray-Ray McCloud,WR,11.0
9,449.l.808129.t.12,449.p.34451,Julius Chestnut,RB,2.2
9,449.l.808129.t.12,449.p.30426,Younghoe Koo,K,3.0
9,449.l.808129.t.12,449.p.100024,Chargers,DEF,18.0
9,449.l.808129.t.6,449.p.32696,Jordan Love,QB,11.92
9,449.l.808129.t.6,449.p.31883,A.J. Brown,WR,4.6
9,449.l.808129.t.6,449.p.29399,Tyreek Hill,WR,10.0
9,449.l.808129.t.6,449.p.40993,Bucky Irving,RB,4.9
9,449.l.808129.t.6,449.p.28654,Raheem Mostert,RB,7.8
9,449.l.808129.t.6,449.p.34095,Isaiah Likely,TE,0.0
9,449.l.808129.t.6,449.p.31056,Mark Andrews,TE,3.6
9,449.l.808129.t.6,449.p.28389,Jameis Winston,QB,13.1
9,449.l.808129.t.6,449.p.40980,Ray Davis,RB,16.0
9,449.l.808129.t.6,449.p.33998,Wan'Dale Robinson,WR,2.5
9,449.l.808129.t.6,449.p.41052,Kimani Vidal,RB,0.7
9,449.l.808129.t.6,449.p.32231,Jakobi Meyers,WR,14.5
9,449.l.808129.t.6,449.p.34042,Malik Willis,QB,0.0
9,449.l.808129.t.6,449.p.40195,Dorian Thompson-Robinson,QB,0.0
9,449.l.808129.t.6,449.p.29754,Wil Lutz,K,4.0
9,449.l.808129.t.6,449.p.100013,Raiders,DEF,5.0
9,449.l.808129.t.9,449.p.34218,Brock Purdy,QB,0.0
9,449.l.808129.t.9,449.p.28457,Tyler Lockett,WR,13.8
9,449.l.808129.t.9,449.p.40126,Josh Downs,WR,9.0
9,449.l.808129.t.9,449.p.32756,Zack Moss,RB,0.0
9,449.l.808129.t.9,449.p.33514,Chuba Hubbard,RB,20.2
9,449.l.808129.t.9,449.p.26686,Travis Kelce,TE,15.0
9,449.l.808129.t.9,449.p.40899,Malik Nabers,WR,10.4
9,449.l.808129.t.9,449.p.34062,Cade Otton,TE,17.7
9,449.l.808129.t.9,449.p.32887,Jauan Jennings,WR,0.0
9,449.l.808129.t.9,449.p.30614,Taysom Hill,"QB,TE",14.0
9,449.l.808129.t.9,449.p.26699,Keenan Allen,WR,5.6
9,449.l.808129.t.9,449.p.30121,Christian McCaffrey,RB,0.0
9,449.l.808129.t.9,449.p.30248,Joshua Dobbs,QB,0.0
9,449.l.808129.t.9,449.p.28188,Chris Boswell,K,0.0
9,449.l.808129.t.9,449.p.9526,Graham Gano,K,0.0
9,449.l.808129.t.9,449.p.100025,49ers,DEF,0.0
9,449.l.808129.t.14,449.p.32723,Jalen Hurts,QB,29.9
9,449.l.808129.t.14,449.p.33963,Drake London,WR,9.7
9,449.l.808129.t.14,449.p.33398,DeVonta Smith,WR,16.7
9,449.l.808129.t.14,449.p.40981,Braelon Allen,RB,0.9
9,449.l.808129.t.14,449.p.40162,Roschon Johnson,RB,3.1
9,449.l.808129.t.14,449.p.34085,Jake Ferguson,TE,10.6
9,449.l.808129.t.14,449.p.40097,Tank Dell,WR,15.6
9,449.l.808129.t.14,449.p.8795,Joe Flacco,QB,4.06
9,449.l.808129.t.14,449.p.40040,Anthony Richardson Sr.,QB,0.0
9,449.l.808129.t.14,449.p.34447,Jaylen Warren,RB,0.0
9,449.l.808129.t.14,449.p.33476,Trey Sermon,RB,1.8
9,449.l.808129.t.14,449.p.40201,Dontayvion Wicks,WR,0.0
9,449.l.808129.t.14,449.p.40958,Trey Benson,RB,12.0
9,449.l.808129.t.14,449.p.40892,Ricky Pearsall,WR,0.0
9,449.l.808129.t.14,449.p.27120,Brandon McManus,K,6.0
9,449.l.808129.t.14,449.p.100007,Broncos,DEF,-3.0
9,449.l.808129.t.3,449.p.40030,C.J. Stroud,QB,11.54
9,449.l.808129.t.3,449.p.27581,Davante Adams,WR,18.6
9,449.l.808129.t.3,449.p.40168,Puka Nacua,WR,1.6
9,449.l.808129.t.3,449.p.33423,Javonte Williams,RB,9.4
9,449.l.808129.t.3,449.p.32736,Antonio Gibson,RB,1.6
9,449.l.808129.t.3,449.p.30142,David Njoku,TE,5.4
9,449.l.808129.t.3,449.p.40908,Ladd McConkey,WR,8.9
9,449.l.808129.t.3,449.p.25812,Kirk Cousins,QB,17.78
9,449.l.808129.t.3,449.p.26650,DeAndre Hopkins,WR,24.6
9,449.l.808129.t.3,449.p.41010,Jaylen Wright,RB,1.8
9,449.l.808129.t.3,449.p.40998,Isaac Guerendo,RB,0.0
9,449.l.808129.t.3,449.p.33422,Elijah Moore,WR,4.3
9,449.l.808129.t.3,449.p.40232,Xavier Hutchinson,WR,0.0
9,449.l.808129.t.3,449.p.40696,Jaleel McLaughlin,RB,3.5
9,449.l.808129.t.3,449.p.32002,Austin Seibert,K,9.0
9,449.l.808129.t.3,449.p.100002,Bills,DEF,3.0
9,449.l.808129.t.16,449.p.31002,Lamar Jackson,QB,23.6
9,449.l.808129.t.16,449.p.40893,Marvin Harrison Jr.,WR,2.4
9,449.l.808129.t.16,449.p.32687,CeeDee Lamb,WR,12.2
9,449.l.808129.t.16,449.p.32725,J.K. Dobbins,RB,23.5
9,449.l.808129.t.16,449.p.30295,Aaron Jones Sr.,RB,10.2
9,449.l.808129.t.16,449.p.40064,Sam LaPorta,TE,3.8
9,449.l.808129.t.16,449.p.31934,Alexander Mattison,RB,3.6
9,449.l.808129.t.16,449.p.32704,Michael Pittman Jr.,WR,1.9
9,449.l.808129.t.16,449.p.40877,Xavier Worthy,WR,-1.0
9,449.l.808129.t.16,449.p.31945,Justice Hill,RB,7.3
9,449.l.808129.t.16,449.p.29236,Carson Wentz,QB,0.0
9,449.l.808129.t.16,449.p.30154,Dalvin Cook,RB,0.8
9,449.l.808129.t.16,449.p.34125,Ty Chandler,RB,0.0
9,449.l.808129.t.16,449.p.31012,Mike Gesicki,TE,24.5
9,449.l.808129.t.16,449.p.26800,Dustin Hopkins,K,4.0
9,449.l.808129.t.16,449.p.100001,Falcons,DEF,3.0
10,449.l.808129.t.5,449.p.30977,Josh Allen,QB,20.2
10,449.l.808129.t.5,449.p.40883,Brian Thomas Jr.,WR,2.2
10,449.l.808129.t.5,449.p.40890,Xavier Legette,WR,5.5
10,449.l.808129.t.5,449.p.40055,Bijan Robinson,RB,27.9
10,449.l.808129.t.5,449.p.31960,Tony Pollard,RB,8.3
10,449.l.808129.t.5,449.p.40995,Ja'Tavion Sanders,TE,7.8
10,449.l.808129.t.5,449.p.40196,Chase Brown,RB,17.9
10,449.l.808129.t.5,449.p.29235,Jared Goff,QB,12.8
10,449.l.808129.t.5,449.p.40954,Jalen McMillan,WR,0.0
10,449.l.808129.t.5,449.p.40051,Quentin Johnston,WR,9.4
10,449.l.808129.t.5,449.p.33508,Rhamondre Stevenson,RB,8.2
10,449.l.808129.t.5,449.p.24822,Andy Dalton,QB,0.0
10,449.l.808129.t.5,449.p.33465,Joshua Palmer,WR,4.1
10,449.l.808129.t.5,449.p.31127,Tyler Conklin,TE,1.3
10,449.l.808129.t.5,449.p.31199,Jason Sanders,K,15.0
10,449.l.808129.t.5,449.p.100016,Vikings,DEF,13.0
10,449.l.808129.t.8,449.p.32675,Tua Tagovailoa,QB,9.18
10,449.l.808129.t.8,449.p.30996,Calvin Ridley,WR,22.9
10,449.l.808129.t.8,449.p.27540,Odell Beckham Jr.,WR,2.7
10,449.l.808129.t.8,449.p.34047,Rachaad White,RB,16.0
10,449.l.808129.t.8,449.p.40095,Tank Bigsby,RB,0.4
10,449.l.808129.t.8,449.p.33113,Juwan Johnson,TE,3.2
10,449.l.808129.t.8,449.p.30213,Jonnu Smith,TE,6.0
10,449.l.808129.t.8,449.p.25785,Russell Wilson,QB,19.1
10,449.l.808129.t.8,449.p.40911,Keon Coleman,WR,0.0
10,449.l.808129.t.8,449.p.40041,Jaxon Smith-Njigba,WR,0.0
10,449.l.808129.t.8,449.p.40029,Bryce Young,QB,12.04
10,449.l.808129.t.8,449.p.31856,Josh Jacobs,RB,0.0
10,449.l.808129.t.8,449.p.32685,Jerry Jeudy,WR,0.0
10,449.l.808129.t.8,449.p.40889,Michael Penix Jr.,QB,0.0
10,449.l.808129.t.8,449.p.33537,Evan McPherson,K,4.0
10,449.l.808129.t.8,449.p.100017,Patriots,DEF,17.0
10,449.l.808129.t.1,449.p.7200,Aaron Rodgers,QB,4.04
10,449.l.808129.t.1,449.p.34104,Khalil Shakir,WR,8.8
10,449.l.808129.t.1,449.p.33999,John Metchie III,WR,15.9
10,449.l.808129.t.1,449.p.40059,Jahmyr Gibbs,RB,11.8
10,449.l.808129.t.1,449.p.40118,De'Von Achane,RB,7.7
10,449.l.808129.t.1,449.p.31840,T.J. Hockenson,TE,11.2
10,449.l.808129.t.1,449.p.31019,Dallas Goedert,TE,9.5
10,449.l.808129.t.1,449.p.30971,Baker Mayfield,QB,8.94
10,449.l.808129.t.1,449.p.33413,Travis Etienne Jr.,RB,4.8
10,449.l.808129.t.1,449.p.33989,Christian Watson,WR,0.0
10,449.l.808129.t.1,449.p.40102,Tucker Kraft,TE,0.0
10,449.l.808129.t.1,449.p.31896,DK Metcalf,WR,0.0
10,449.l.808129.t.1,449.p.24967,Tyrod Taylor,QB,0.0
10,449.l.808129.t.1,449.p.29274,Sterling Shepard,WR,1.5
10,449.l.808129.t.1,449.p.31977,Matt Gay,K,8.0
10,449.l.808129.t.1,449.p.100034,Texans,DEF,10.0
10,449.l.808129.t.15,449.p.9265,Matthew Stafford,QB,10.72
10,449.l.808129.t.15,449.p.31908,Terry McLaurin,WR,13.8
10,449.l.808129.t.15,449.p.28392,Amari Cooper,WR,0.0
10,449.l.808129.t.15,449.p.30161,Joe Mixon,RB,16.0
10,449.l.808129.t.15,449.p.30218,James Conner,RB,19.8
10,449.l.808129.t.15,449.p.33392,Kyle Pitts Sr.,TE,7.5
10,449.l.808129.t.15,449.p.33412,Najee Harris,RB,11.3
10,449.l.808129.t.15,449.p.40900,Caleb Williams,QB,6.3
10,449.l.808129.t.15,449.p.40234,Parker Washington,WR,0.0
10,449.l.808129.t.15,449.p.40121,Michael Wilson,WR,3.9
10,449.l.808129.t.15,449.p.32798,Gabe Davis,WR,2.4
10,449.l.808129.t.15,449.p.40926,Jonathon Brooks,RB,0.0
10,449.l.808129.t.15,449.p.27590,Jimmy Garoppolo,QB,0.0
10,449.l.808129.t.15,449.p.40819,Brandon Aubrey,K,7.0
10,449.l.808129.t.15,449.p.100023,Steelers,DEF,5.0
10,449.l.808129.t.15,449.p.100010,Titans,DEF,0.0
10,449.l.808129.t.2,449.p.32671,Joe Burrow,QB,33.72
10,449.l.808129.t.2,449.p.32692,Justin Jefferson,WR,7.3
10,449.l.808129.t.2,449.p.40042,Jordan Addison,WR,3.9
10,449.l.808129.t.2,449.p.34019,James Cook III,RB,15.0
10,449.l.808129.t.2,449.p.33605,Khalil Herbert,RB,0.0
10,449.l.808129.t.2,449.p.31107,Dalton Schultz,TE,8.1
10,449.l.808129.t.2,449.p.29360,Demarcus Robinson,WR,2.8
10,449.l.808129.t.2,449.p.33415,Rashod Bateman,WR,14.4
10,449.l.808129.t.2,449.p.32018,Ty Johnson,RB,4.7
10,449.l.808129.t.2,449.p.26662,Geno Smith,QB,0.0
10,449.l.808129.t.2,449.p.33996,Kenneth Walker III,RB,0.0
10,449.l.808129.t.2,449.p.34112,Jerome Ford,RB,0.0
10,449.l.808129.t.2,449.p.32138,Jake Browning,QB,0.0
10,449.l.808129.t.2,449.p.29792,Ka'imi Fairbairn,K,13.0
10,449.l.808129.t.2,449.p.100003,Bears,DEF,4.0
10,449.l.808129.t.2,449.p.100028,Commanders,DEF,6.0
10,449.l.808129.t.10,449.p.30973,Sam Darnold,QB,9.44
10,449.l.808129.t.10,449.p.33500,Amon-Ra St. Brown,WR,15.0
10,449.l.808129.t.10,449.p.30182,Cooper Kupp,WR,11.5
10,449.l.808129.t.10,449.p.30423,Austin Ekeler,RB,17.6
10,449.l.808129.t.10,449.p.41048,Tyrone Tracy Jr.,RB,14.9
10,449.l.808129.t.10,449.p.29269,Hunter Henry,TE,1.9
10,449.l.808129.t.10,449.p.30994,DJ Moore,WR,4.2
10,449.l.808129.t.10,449.p.40068,Will Levis,QB,19.1
10,449.l.808129.t.10,449.p.32713,Cole Kmet,TE,2.3
10,449.l.808129.t.10,449.p.31906,Devin Singletary,RB,5.0
10,449.l.808129.t.10,449.p.34207,Isiah Pacheco,RB,0.0
10,449.l.808129.t.10,449.p.28390,Marcus Mariota,QB,0.0
10,449.l.808129.t.10,449.p.32722,Cam Akers,RB,5.2
10,449.l.808129.t.10,449.p.32417,Chase McLaughlin,K,8.0
10,449.l.808129.t.10,449.p.100008,Lions,DEF,8.0
10,449.l.808129.t.10,449.p.100004,Bengals,DEF,-4.0
10,449.l.808129.t.7,449.p.40896,Jayden Daniels,QB,8.58
10,449.l.808129.t.7,449.p.33965,Garrett Wilson,WR,6.6
10,449.l.808129.t.7,449.p.33967,Jameson Williams,WR,6.8
10,449.l.808129.t.7,449.p.30180,Alvin Kamara,RB,13.4
10,449.l.808129.t.7,449.p.30972,Saquon Barkley,RB,8.3
10,449.l.808129.t.7,449.p.26658,Zach Ertz,TE,5.1
10,449.l.808129.t.7,449.p.34107,Tyler Allgeier,RB,5.9
10,449.l.808129.t.7,449.p.40881,Drake Maye,QB,12.76
10,449.l.808129.t.7,449.p.34044,Jalen Tolbert,WR,2.9
10,449.l.808129.t.7,449.p.40878,Brock Bowers,TE,0.0
10,449.l.808129.t.7,449.p.27535,Mike Evans,WR,0.0
10,449.l.808129.t.7,449.p.32010,Gardner Minshew,QB,0.0
10,449.l.808129.t.7,449.p.34100,Sam Howell,QB,0.0
10,449.l.808129.t.7,449.p.30247,Jamaal Williams,RB,0.0
10,449.l.808129.t.7,449.p.30266,Jake Elliott,K,10.0
10,449.l.808129.t.7,449.p.100021,Eagles,DEF,21.0
10,449.l.808129.t.13,449.p.40875,Bo Nix,QB,16.1
10,449.l.808129.t.13,449.p.33393,Ja'Marr Chase,WR,52.9
10,449.l.808129.t.13,449.p.33394,Jaylen Waddle,WR,7.1
10,449.l.808129.t.13,449.p.29279,Derrick Henry,RB,13.6
10,449.l.808129.t.13,449.p.31905,David Montgomery,RB,12.1
10,449.l.808129.t.13,449.p.30259,George Kittle,TE,13.2
10,449.l.808129.t.13,449.p.34007,George Pickens,WR,18.0
10,449.l.808129.t.13,449.p.40222,DeMario Douglas,WR,7.0
10,449.l.808129.t.13,449.p.34008,Alec Pierce,WR,16.1
10,449.l.808129.t.13,449.p.33389,Trevor Lawrence,QB,0.0
10,449.l.808129.t.13,449.p.31005,Nick Chubb,RB,0.0
10,449.l.808129.t.13,449.p.33399,Justin Fields,QB,0.0
10,449.l.808129.t.13,449.p.34088,Romeo Doubs,WR,0.0
10,449.l.808129.t.13,449.p.34030,Desmond Ridder,QB,0.0
10,449.l.808129.t.13,449.p.30346,Harrison Butker,K,10.0
10,449.l.808129.t.13,449.p.100019,Giants,DEF,4.0
10,449.l.808129.t.4,449.p.30123,Patrick Mahomes,QB,16.54
10,449.l.808129.t.4,449.p.32843,Darnell Mooney,WR,12.1
10,449.l.808129.t.4,449.p.31898,Diontae Johnson,WR,1.1
10,449.l.808129.t.4,449.p.33991,Breece Hall,RB,10.3
10,449.l.808129.t.4,449.p.30199,Kareem Hunt,RB,13.5
10,449.l.808129.t.4,449.p.30136,Evan Engram,TE,7.0
10,449.l.808129.t.4,449.p.33100,Rico Dowdle,RB,7.1
10,449.l.808129.t.4,449.p.30788,Cooper Rush,QB,-2.0
10,449.l.808129.t.4,449.p.29369,Dak Prescott,QB,0.0
10,449.l.808129.t.4,449.p.40093,Cedric Tillman,WR,0.0
10,449.l.808129.t.4,449.p.34320,Jordan Mason,RB,0.5
10,449.l.808129.t.4,449.p.31046,Mason Rudolph,QB,0.0
10,449.l.808129.t.4,449.p.33348,Nick Westbrook-Ikhine,WR,4.6
10,449.l.808129.t.4,449.p.40641,Keaton Mitchell,RB,0.0
10,449.l.808129.t.4,449.p.40835,Jake Bates,K,12.0
10,449.l.808129.t.4,449.p.100012,Chiefs,DEF,5.0
10,449.l.808129.t.11,449.p.31838,Daniel Jones,QB,14.2
10,449.l.808129.t.11,449.p.31868,Deebo Samuel,WR,10.1
10,449.l.808129.t.11,449.p.30352,Noah Brown,WR,4.8
10,449.l.808129.t.11,449.p.32705,D'Andre Swift,RB,7.0
10,449.l.808129.t.11,449.p.40962,Blake Corum,RB,2.0
10,449.l.808129.t.11,449.p.34010,Trey McBride,TE,9.1
10,449.l.808129.t.11,449.p.40901,Rome Odunze,WR,3.8
10,449.l.808129.t.11,449.p.32676,Justin Herbert,QB,19.76
10,449.l.808129.t.11,449.p.33477,Nico Collins,WR,0.0
10,449.l.808129.t.11,449.p.33966,Chris Olave,WR,0.0
10,449.l.808129.t.11,449.p.40075,Zach Charbonnet,RB,0.0
10,449.l.808129.t.11,449.p.40063,Jayden Reed,WR,0.0
10,449.l.808129.t.11,449.p.31874,Drew Lock,QB,0.0
10,449.l.808129.t.11,449.p.28839,Taylor Heinicke,QB,0.0
10,449.l.808129.t.11,449.p.26534,Justin Tucker,K,3.0
10,449.l.808129.t.11,449.p.100018,Saints,DEF,8.0
10,449.l.808129.t.12,449.p.31833,Kyler Murray,QB,28.74
10,449.l.808129.t.12,449.p.40039,Zay Flowers,WR,5.4
10,449.l.808129.t.12,449.p.31010,Courtland Sutton,WR,16.0
10,449.l.808129.t.12,449.p.34120,Kyren Williams,RB,8.7
10,449.l.808129.t.12,449.p.32711,Jonathan Taylor,RB,13.2
10,449.l.808129.t.12,449.p.40048,Dalton Kincaid,TE,3.4
10,449.l.808129.t.12,449.p.31157,Ray-Ray McCloud,WR,5.1
10,449.l.808129.t.12,449.p.27564,Derek Carr,QB,20.46
10,449.l.808129.t.12,449.p.34054,Brian Robinson Jr.,RB,0.0
10,449.l.808129.t.12,449.p.32003,Darius Slayton,WR,0.0
10,449.l.808129.t.12,449.p.32703,Tee Higgins,WR,0.0
10,449.l.808129.t.12,449.p.41043,Spencer Rattler,QB,0.0
10,449.l.808129.t.12,449.p.33443,Pat Freiermuth,TE,9.2
10,449.l.808129.t.12,449.p.40119,Tyjae Spears,RB,6.6
10,449.l.808129.t.12,449.p.30426,Younghoe Koo,K,5.0
10,449.l.808129.t.12,449.p.100024,Chargers,DEF,8.0
10,449.l.808129.t.6,449.p.33403,Mac Jones,QB,7.24
10,449.l.808129.t.6,449.p.31883,A.J. Brown,WR,13.4
10,449.l.808129.t.6,449.p.29399,Tyreek Hill,WR,10.2
10,449.l.808129.t.6,449.p.40993,Bucky Irving,RB,16.2
10,449.l.808129.t.6,449.p.28654,Raheem Mostert,RB,4.4
10,449.l.808129.t.6,449.p.31056,Mark Andrews,TE,15.8
10,449.l.808129.t.6,449.p.40980,Ray Davis,RB,0.6
10,449.l.808129.t.6,449.p.33998,Wan'Dale Robinson,WR,7.6
10,449.l.808129.t.6,449.p.32696,Jordan Love,QB,0.0
10,449.l.808129.t.6,449.p.34095,Isaiah Likely,TE,0.0
10,449.l.808129.t.6,449.p.28389,Jameis Winston,QB,0.0
10,449.l.808129.t.6,449.p.32231,Jakobi Meyers,WR,0.0
10,449.l.808129.t.6,449.p.34042,Malik Willis,QB,0.0
10,449.l.808129.t.6,449.p.40195,Dorian Thompson-Robinson,QB,0.0
10,449.l.808129.t.6,449.p.29754,Wil Lutz,K,2.0
10,449.l.808129.t.6,449.p.100020,Jets,DEF,0.0
10,449.l.808129.t.9,449.p.34218,Brock Purdy,QB,23.82
10,449.l.808129.t.9,449.p.40126,Josh Downs,WR,10.7
10,449.l.808129.t.9,449.p.32887,Jauan Jennings,WR,12.8
10,449.l.808129.t.9,449.p.33514,Chuba Hubbard,RB,22.9
10,449.l.808129.t.9,449.p.30121,Christian McCaffrey,RB,13.7
10,449.l.808129.t.9,449.p.26686,Travis Kelce,TE,16.4
10,449.l.808129.t.9,449.p.40899,Malik Nabers,WR,7.8
10,449.l.808129.t.9,449.p.34062,Cade Otton,TE,6.0
10,449.l.808129.t.9,449.p.28457,Tyler Lockett,WR,0.0
10,449.l.808129.t.9,449.p.32756,Zack Moss,RB,0.0
10,449.l.808129.t.9,449.p.30614,Taysom Hill,"QB,TE",6.0
10,449.l.808129.t.9,449.p.26699,Keenan Allen,WR,6.9
10,449.l.808129.t.9,449.p.30248,Joshua Dobbs,QB,0.0
10,449.l.808129.t.9,449.p.28188,Chris Boswell,K,4.0
10,449.l.808129.t.9,449.p.9526,Graham Gano,K,6.0
10,449.l.808129.t.9,449.p.100025,49ers,DEF,3.0
10,449.l.808129.t.14,449.p.32723,Jalen Hurts,QB,30.68
10,449.l.808129.t.14,449.p.33963,Drake London,WR,13.7
10,449.l.808129.t.14,449.p.33398,DeVonta Smith,WR,2.4
10,449.l.808129.t.14,449.p.34447,Jaylen Warren,RB,8.5
10,449.l.808129.t.14,449.p.30295,Aaron Jones Sr.,RB,11.1
10,449.l.808129.t.14,449.p.40064,Sam LaPorta,TE,14.1
10,449.l.808129.t.14,449.p.40097,Tank Dell,WR,5.8
10,449.l.808129.t.14,449.p.40877,Xavier Worthy,WR,1.6
10,449.l.808129.t.14,449.p.40981,Braelon Allen,RB,3.9
10,449.l.808129.t.14,449.p.40162,Roschon Johnson,RB,0.6
10,449.l.808129.t.14,449.p.33476,Trey Sermon,RB,0.9
10,449.l.808129.t.14,449.p.40201,Dontayvion Wicks,WR,0.0
10,449.l.808129.t.14,449.p.40958,Trey Benson,RB,9.7
10,449.l.808129.t.14,449.p.40892,Ricky Pearsall,WR,15.3
10,449.l.808129.t.14,449.p.34344,Cameron Dicker,K,9.0
10,449.l.808129.t.14,449.p.100007,Broncos,DEF,5.0
10,449.l.808129.t.3,449.p.40030,C.J. Stroud,QB,11.78
10,449.l.808129.t.3,449.p.27581,Davante Adams,WR,6.1
10,449.l.808129.t.3,449.p.40168,Puka Nacua,WR,14.3
10,449.l.808129.t.3,449.p.33423,Javonte Williams,RB,1.7
10,449.l.808129.t.3,449.p.30227,Samaje Perine,RB,4.7
10,449.l.808129.t.3,449.p.41003,Theo Johnson,TE,5.7
10,449.l.808129.t.3,449.p.26650,DeAndre Hopkins,WR,7.6
10,449.l.808129.t.3,449.p.25812,Kirk Cousins,QB,11.24
10,449.l.808129.t.3,449.p.32736,Antonio Gibson,RB,2.6
10,449.l.808129.t.3,449.p.30142,David Njoku,TE,0.0
10,449.l.808129.t.3,449.p.40908,Ladd McConkey,WR,6.2
10,449.l.808129.t.3,449.p.41010,Jaylen Wright,RB,0.3
10,449.l.808129.t.3,449.p.40998,Isaac Guerendo,RB,0.0
10,449.l.808129.t.3,449.p.40696,Jaleel McLaughlin,RB,1.2
10,449.l.808129.t.3,449.p.32858,Tyler Bass,K,13.0
10,449.l.808129.t.3,449.p.100002,Bills,DEF,19.0
10,449.l.808129.t.16,449.p.31002,Lamar Jackson,QB,32.9
10,449.l.808129.t.16,449.p.40893,Marvin Harrison Jr.,WR,13.9
10,449.l.808129.t.16,449.p.32687,CeeDee Lamb,WR,5.4
10,449.l.808129.t.16,449.p.32725,J.K. Dobbins,RB,7.0
10,449.l.808129.t.16,449.p.31945,Justice Hill,RB,0.8
10,449.l.808129.t.16,449.p.31012,Mike Gesicki,TE,5.0
10,449.l.808129.t.16,449.p.34085,Jake Ferguson,TE,2.4
10,449.l.808129.t.16,449.p.8795,Joe Flacco,QB,13.88
10,449.l.808129.t.16,449.p.32704,Michael Pittman Jr.,WR,0.0
10,449.l.808129.t.16,449.p.31934,Alexander Mattison,RB,0.0
10,449.l.808129.t.16,449.p.33391,Trey Lance,QB,1.54
10,449.l.808129.t.16,449.p.30120,Mike Williams,WR,9.7
10,449.l.808129.t.16,449.p.40040,Anthony Richardson Sr.,QB,0.0
10,449.l.808129.t.16,449.p.31424,Gus Edwards,RB,5.5
10,449.l.808129.t.16,449.p.40129,Jake Moody,K,12.0
10,449.l.808129.t.16,449.p.100001,Falcons,DEF,1.0
11,449.l.808129.t.5,449.p.30977,Josh Allen,QB,24.98
11,449.l.808129.t.5,449.p.40883,Brian Thomas Jr.,WR,11.1
11,449.l.808129.t.5,449.p.40051,Quentin Johnston,WR,11.8
11,449.l.808129.t.5,449.p.40055,Bijan Robinson,RB,8.3
11,449.l.808129.t.5,449.p.33508,Rhamondre Stevenson,RB,10.9
11,449.l.808129.t.5,449.p.31127,Tyler Conklin,TE,1.2
11,449.l.808129.t.5,449.p.40196,Chase Brown,RB,16.8
11,449.l.808129.t.5,449.p.29235,Jared Goff,QB,34.58
11,449.l.808129.t.5,449.p.31960,Tony Pollard,RB,3.9
11,449.l.808129.t.5,449.p.40995,Ja'Tavion Sanders,TE,0.0
11,449.l.808129.t.5,449.p.40890,Xavier Legette,WR,0.0
11,449.l.808129.t.5,449.p.40954,Jalen McMillan,WR,0.0
11,449.l.808129.t.5,449.p.24822,Andy Dalton,QB,0.0
11,449.l.808129.t.5,449.p.33465,Joshua Palmer,WR,3.3
11,449.l.808129.t.5,449.p.31199,Jason Sanders,K,11.0
11,449.l.808129.t.5,449.p.100016,Vikings,DEF,11.0
11,449.l.808129.t.8,449.p.32675,Tua Tagovailoa,QB,23.52
11,449.l.808129.t.8,449.p.30996,Calvin Ridley,WR,7.8
11,449.l.808129.t.8,449.p.32685,Jerry Jeudy,WR,23.2
11,449.l.808129.t.8,449.p.31856,Josh Jacobs,RB,21.4
11,449.l.808129.t.8,449.p.40119,Tyjae Spears,RB,1.8
11,449.l.808129.t.8,449.p.30213,Jonnu Smith,TE,25.1
11,449.l.808129.t.8,449.p.40041,Jaxon Smith-Njigba,WR,16.8
11,449.l.808129.t.8,449.p.25785,Russell Wilson,QB,7.3
11,449.l.808129.t.8,449.p.40095,Tank Bigsby,RB,0.0
11,449.l.808129.t.8,449.p.27540,Odell Beckham Jr.,WR,2.3
11,449.l.808129.t.8,449.p.34047,Rachaad White,RB,0.0
11,449.l.808129.t.8,449.p.40911,Keon Coleman,WR,0.0
11,449.l.808129.t.8,449.p.40029,Bryce Young,QB,0.0
11,449.l.808129.t.8,449.p.40889,Michael Penix Jr.,QB,0.96
11,449.l.808129.t.8,449.p.33537,Evan McPherson,K,9.0
11,449.l.808129.t.8,449.p.100005,Browns,DEF,1.0
11,449.l.808129.t.1,449.p.7200,Aaron Rodgers,QB,16.06
11,449.l.808129.t.1,449.p.34104,Khalil Shakir,WR,11.0
11,449.l.808129.t.1,449.p.31896,DK Metcalf,WR,10.5
11,449.l.808129.t.1,449.p.40059,Jahmyr Gibbs,RB,18.8
11,449.l.808129.t.1,449.p.40118,De'Von Achane,RB,18.5
11,449.l.808129.t.1,449.p.31840,T.J. Hockenson,TE,2.3
11,449.l.808129.t.1,449.p.31019,Dallas Goedert,TE,8.6
11,449.l.808129.t.1,449.p.33413,Travis Etienne Jr.,RB,4.8
11,449.l.808129.t.1,449.p.40102,Tucker Kraft,TE,0.0
11,449.l.808129.t.1,449.p.33999,John Metchie III,WR,4.8
11,449.l.808129.t.1,449.p.30971,Baker Mayfield,QB,0.0
11,449.l.808129.t.1,449.p.33989,Christian Watson,WR,17.0
11,449.l.808129.t.1,449.p.24967,Tyrod Taylor,QB,0.0
11,449.l.808129.t.1,449.p.29274,Sterling Shepard,WR,0.0
11,449.l.808129.t.1,449.p.31977,Matt Gay,K,14.0
11,449.l.808129.t.1,449.p.100034,Texans,DEF,19.0
11,449.l.808129.t.15,449.p.9265,Matthew Stafford,QB,27.8
11,449.l.808129.t.15,449.p.31908,Terry McLaurin,WR,1.5
11,449.l.808129.t.15,449.p.28392,Amari Cooper,WR,6.5
11,449.l.808129.t.15,449.p.30161,Joe Mixon,RB,34.3
11,449.l.808129.t.15,449.p.33412,Najee Harris,RB,11.3
11,449.l.808129.t.15,449.p.33392,Kyle Pitts Sr.,TE,1.4
11,449.l.808129.t.15,449.p.32798,Gabe Davis,WR,0.8
11,449.l.808129.t.15,449.p.40900,Caleb Williams,QB,16.24
11,449.l.808129.t.15,449.p.30218,James Conner,RB,0.0
11,449.l.808129.t.15,449.p.40234,Parker Washington,WR,1.5
11,449.l.808129.t.15,449.p.40121,Michael Wilson,WR,0.0
11,449.l.808129.t.15,449.p.40926,Jonathon Brooks,RB,0.0
11,449.l.808129.t.15,449.p.27590,Jimmy Garoppolo,QB,0.0
11,449.l.808129.t.15,449.p.40819,Brandon Aubrey,K,6.0
11,449.l.808129.t.15,449.p.100023,Steelers,DEF,9.0
11,449.l.808129.t.15,449.p.100010,Titans,DEF,4.0
11,449.l.808129.t.2,449.p.32671,Joe Burrow,QB,29.04
11,449.l.808129.t.2,449.p.32692,Justin Jefferson,WR,11.1
11,449.l.808129.t.2,449.p.40042,Jordan Addison,WR,13.6
11,449.l.808129.t.2,449.p.34019,James Cook III,RB,17.2
11,449.l.808129.t.2,449.p.33996,Kenneth Walker III,RB,12.9
11,449.l.808129.t.2,449.p.31107,Dalton Schultz,TE,5.8
11,449.l.808129.t.2,449.p.29360,Demarcus Robinson,WR,2.9
11,449.l.808129.t.2,449.p.26662,Geno Smith,QB,16.74
11,449.l.808129.t.2,449.p.33605,Khalil Herbert,RB,0.0
11,449.l.808129.t.2,449.p.33415,Rashod Bateman,WR,4.0
11,449.l.808129.t.2,449.p.32018,Ty Johnson,RB,1.8
11,449.l.808129.t.2,449.p.34112,Jerome Ford,RB,5.9
11,449.l.808129.t.2,449.p.32138,Jake Browning,QB,0.0
11,449.l.808129.t.2,449.p.29792,Ka'imi Fairbairn,K,10.0
11,449.l.808129.t.2,449.p.100003,Bears,DEF,4.0
11,449.l.808129.t.2,449.p.100028,Commanders,DEF,2.0
11,449.l.808129.t.10,449.p.30973,Sam Darnold,QB,23.64
11,449.l.808129.t.10,449.p.33500,Amon-Ra St. Brown,WR,33.2
11,449.l.808129.t.10,449.p.30182,Cooper Kupp,WR,25.6
11,449.l.808129.t.10,449.p.30423,Austin Ekeler,RB,13.6
11,449.l.808129.t.10,449.p.32722,Cam Akers,RB,10.6
11,449.l.808129.t.10,449.p.29269,Hunter Henry,TE,9.3
11,449.l.808129.t.10,449.p.30994,DJ Moore,WR,10.2
11,449.l.808129.t.10,449.p.40068,Will Levis,QB,16.6
11,449.l.808129.t.10,449.p.41048,Tyrone Tracy Jr.,RB,0.0
11,449.l.808129.t.10,449.p.32713,Cole Kmet,TE,5.7
11,449.l.808129.t.10,449.p.31906,Devin Singletary,RB,0.0
11,449.l.808129.t.10,449.p.34207,Isiah Pacheco,RB,0.0
11,449.l.808129.t.10,449.p.28390,Marcus Mariota,QB,0.0
11,449.l.808129.t.10,449.p.26800,Dustin Hopkins,K,0.0
11,449.l.808129.t.10,449.p.100008,Lions,DEF,11.0
11,449.l.808129.t.7,449.p.40896,Jayden Daniels,QB,14.44
11,449.l.808129.t.7,449.p.33965,Garrett Wilson,WR,3.8
11,449.l.808129.t.7,449.p.33967,Jameson Williams,WR,20.6
11,449.l.808129.t.7,449.p.30180,Alvin Kamara,RB,10.9
11,449.l.808129.t.7,449.p.30972,Saquon Barkley,RB,32.8
11,449.l.808129.t.7,449.p.40878,Brock Bowers,TE,24.8
11,449.l.808129.t.7,449.p.34107,Tyler Allgeier,RB,0.4
11,449.l.808129.t.7,449.p.40881,Drake Maye,QB,18.98
11,449.l.808129.t.7,449.p.26658,Zach Ertz,TE,15.7
11,449.l.808129.t.7,449.p.34044,Jalen Tolbert,WR,3.1
11,449.l.808129.t.7,449.p.27535,Mike Evans,WR,0.0
11,449.l.808129.t.7,449.p.32010,Gardner Minshew,QB,18.98
11,449.l.808129.t.7,449.p.30247,Jamaal Williams,RB,0.0
11,449.l.808129.t.7,449.p.40533,Tommy DeVito,QB,0.0
11,449.l.808129.t.7,449.p.30266,Jake Elliott,K,8.0
11,449.l.808129.t.7,449.p.100021,Eagles,DEF,6.0
11,449.l.808129.t.13,449.p.40875,Bo Nix,QB,28.78
11,449.l.808129.t.13,449.p.33393,Ja'Marr Chase,WR,23.0
11,449.l.808129.t.13,449.p.34007,George Pickens,WR,12.9
11,449.l.808129.t.13,449.p.29279,Derrick Henry,RB,10.5
11,449.l.808129.t.13,449.p.31905,David Montgomery,RB,23.0
11,449.l.808129.t.13,449.p.33550,Noah Gray,TE,16.3
11,449.l.808129.t.13,449.p.31005,Nick Chubb,RB,5.0
11,449.l.808129.t.13,449.p.33394,Jaylen Waddle,WR,4.7
11,449.l.808129.t.13,449.p.30259,George Kittle,TE,0.0
11,449.l.808129.t.13,449.p.33389,Trevor Lawrence,QB,0.0
11,449.l.808129.t.13,449.p.40222,DeMario Douglas,WR,7.9
11,449.l.808129.t.13,449.p.34008,Alec Pierce,WR,8.9
11,449.l.808129.t.13,449.p.33399,Justin Fields,QB,1.7
11,449.l.808129.t.13,449.p.34088,Romeo Doubs,WR,2.2
11,449.l.808129.t.13,449.p.30337,Zane Gonzalez,K,5.0
11,449.l.808129.t.13,449.p.100015,Dolphins,DEF,6.0
11,449.l.808129.t.4,449.p.30123,Patrick Mahomes,QB,17.84
11,449.l.808129.t.4,449.p.32843,Darnell Mooney,WR,3.7
11,449.l.808129.t.4,449.p.40093,Cedric Tillman,WR,6.2
11,449.l.808129.t.4,449.p.33991,Breece Hall,RB,27.6
11,449.l.808129.t.4,449.p.30199,Kareem Hunt,RB,6.0
11,449.l.808129.t.4,449.p.30136,Evan Engram,TE,5.3
11,449.l.808129.t.4,449.p.33100,Rico Dowdle,RB,4.4
11,449.l.808129.t.4,449.p.30788,Cooper Rush,QB,17.36
11,449.l.808129.t.4,449.p.31898,Diontae Johnson,WR,0.0
11,449.l.808129.t.4,449.p.29369,Dak Prescott,QB,0.0
11,449.l.808129.t.4,449.p.34320,Jordan Mason,RB,1.3
11,449.l.808129.t.4,449.p.40641,Keaton Mitchell,RB,0.0
11,449.l.808129.t.4,449.p.31144,Marquez Valdes-Scantling,WR,15.7
11,449.l.808129.t.4,449.p.31090,Will Dissly,TE,16.0
11,449.l.808129.t.4,449.p.40835,Jake Bates,K,12.0
11,449.l.808129.t.4,449.p.100009,Packers,DEF,6.0
11,449.l.808129.t.11,449.p.32676,Justin Herbert,QB,24.38
11,449.l.808129.t.11,449.p.31868,Deebo Samuel,WR,4.1
11,449.l.808129.t.11,449.p.40063,Jayden Reed,WR,8.8
11,449.l.808129.t.11,449.p.32705,D'Andre Swift,RB,15.4
11,449.l.808129.t.11,449.p.40075,Zach Charbonnet,RB,1.5
11,449.l.808129.t.11,449.p.41001,AJ Barner,TE,2.5
11,449.l.808129.t.11,449.p.40901,Rome Odunze,WR,9.5
11,449.l.808129.t.11,449.p.33477,Nico Collins,WR,7.4
11,449.l.808129.t.11,449.p.34010,Trey McBride,TE,0.0
11,449.l.808129.t.11,449.p.40962,Blake Corum,RB,3.3
11,449.l.808129.t.11,449.p.31838,Daniel Jones,QB,0.0
11,449.l.808129.t.11,449.p.33966,Chris Olave,WR,0.0
11,449.l.808129.t.11,449.p.31874,Drew Lock,QB,0.0
11,449.l.808129.t.11,449.p.28839,Taylor Heinicke,QB,0.0
11,449.l.808129.t.11,449.p.26534,Justin Tucker,K,6.0
11,449.l.808129.t.11,449.p.100018,Saints,DEF,4.0
11,449.l.808129.t.12,449.p.27564,Derek Carr,QB,18.72
11,449.l.808129.t.12,449.p.40039,Zay Flowers,WR,10.9
11,449.l.808129.t.12,449.p.31010,Courtland Sutton,WR,11.3
11,449.l.808129.t.12,449.p.34120,Kyren Williams,RB,8.6
11,449.l.808129.t.12,449.p.32711,Jonathan Taylor,RB,6.5
11,449.l.808129.t.12,449.p.33443,Pat Freiermuth,TE,2.4
11,449.l.808129.t.12,449.p.32703,Tee Higgins,WR,25.3
11,449.l.808129.t.12,449.p.34054,Brian Robinson Jr.,RB,13.7
11,449.l.808129.t.12,449.p.40048,Dalton Kincaid,TE,0.0
11,449.l.808129.t.12,449.p.31157,Ray-Ray McCloud,WR,7.6
11,449.l.808129.t.12,449.p.31833,Kyler Murray,QB,0.0
11,449.l.808129.t.12,449.p.32003,Darius Slayton,WR,0.0
11,449.l.808129.t.12,449.p.41043,Spencer Rattler,QB,0.0
11,449.l.808129.t.12,449.p.41019,Audric Estime,RB,4.0
11,449.l.808129.t.12,449.p.30426,Younghoe Koo,K,9.0
11,449.l.808129.t.12,449.p.100024,Chargers,DEF,3.0
11,449.l.808129.t.6,449.p.32696,Jordan Love,QB,21.24
11,449.l.808129.t.6,449.p.31883,A.J. Brown,WR,9.0
11,449.l.808129.t.6,449.p.29399,Tyreek Hill,WR,15.6
11,449.l.808129.t.6,449.p.28654,Raheem Mostert,RB,-0.2
11,449.l.808129.t.6,449.p.40980,Ray Davis,RB,1.1
11,449.l.808129.t.6,449.p.31056,Mark Andrews,TE,3.2
11,449.l.808129.t.6,449.p.32231,Jakobi Meyers,WR,6.8
11,449.l.808129.t.6,449.p.28389,Jameis Winston,QB,26.6
11,449.l.808129.t.6,449.p.40993,Bucky Irving,RB,0.0
11,449.l.808129.t.6,449.p.33998,Wan'Dale Robinson,WR,0.0
11,449.l.808129.t.6,449.p.33403,Mac Jones,QB,5.22
11,449.l.808129.t.6,449.p.34095,Isaiah Likely,TE,7.5
11,449.l.808129.t.6,449.p.34042,Malik Willis,QB,0.0
11,449.l.808129.t.6,449.p.40195,Dorian Thompson-Robinson,QB,0.0
11,449.l.808129.t.6,449.p.29754,Wil Lutz,K,9.0
11,449.l.808129.t.6,449.p.100020,Jets,DEF,3.0
11,449.l.808129.t.9,449.p.34218,Brock Purdy,QB,19.36
11,449.l.808129.t.9,449.p.40126,Josh Downs,WR,16.9
11,449.l.808129.t.9,449.p.32887,Jauan Jennings,WR,20.1
11,449.l.808129.t.9,449.p.30121,Christian McCaffrey,RB,12.6
11,449.l.808129.t.9,449.p.32756,Zack Moss,RB,0.0
11,449.l.808129.t.9,449.p.26686,Travis Kelce,TE,1.8
11,449.l.808129.t.9,449.p.26699,Keenan Allen,WR,6.1
11,449.l.808129.t.9,449.p.30614,Taysom Hill,"QB,TE",38.52
11,449.l.808129.t.9,449.p.33514,Chuba Hubbard,RB,0.0
11,449.l.808129.t.9,449.p.34062,Cade Otton,TE,0.0
11,449.l.808129.t.9,449.p.40899,Malik Nabers,WR,0.0
11,449.l.808129.t.9,449.p.28457,Tyler Lockett,WR,2.9
11,449.l.808129.t.9,449.p.30248,Joshua Dobbs,QB,0.0
11,449.l.808129.t.9,449.p.28188,Chris Boswell,K,24.0
11,449.l.808129.t.9,449.p.9526,Graham Gano,K,0.0
11,449.l.808129.t.9,449.p.100025,49ers,DEF,7.0
11,449.l.808129.t.14,449.p.32723,Jalen Hurts,QB,18.74
11,449.l.808129.t.14,449.p.33963,Drake London,WR,7.6
11,449.l.808129.t.14,449.p.33398,DeVonta Smith,WR,4.9
11,449.l.808129.t.14,449.p.34447,Jaylen Warren,RB,8.8
11,449.l.808129.t.14,449.p.30295,Aaron Jones Sr.,RB,4.8
11,449.l.808129.t.14,449.p.31257,Tanner Hudson,TE,2.3
11,449.l.808129.t.14,449.p.40097,Tank Dell,WR,7.8
11,449.l.808129.t.14,449.p.40877,Xavier Worthy,WR,14.8
11,449.l.808129.t.14,449.p.40064,Sam LaPorta,TE,0.0
11,449.l.808129.t.14,449.p.40981,Braelon Allen,RB,0.6
11,449.l.808129.t.14,449.p.40162,Roschon Johnson,RB,10.6
11,449.l.808129.t.14,449.p.40201,Dontayvion Wicks,WR,0.0
11,449.l.808129.t.14,449.p.40958,Trey Benson,RB,0.0
11,449.l.808129.t.14,449.p.40892,Ricky Pearsall,WR,0.0
11,449.l.808129.t.14,449.p.34344,Cameron Dicker,K,12.0
11,449.l.808129.t.14,449.p.100007,Broncos,DEF,14.0
11,449.l.808129.t.3,449.p.40030,C.J. Stroud,QB,11.88
11,449.l.808129.t.3,449.p.27581,Davante Adams,WR,10.2
11,449.l.808129.t.3,449.p.40168,Puka Nacua,WR,21.8
11,449.l.808129.t.3,449.p.33423,Javonte Williams,RB,16.7
11,449.l.808129.t.3,449.p.30227,Samaje Perine,RB,1.8
11,449.l.808129.t.3,449.p.30142,David Njoku,TE,14.6
11,449.l.808129.t.3,449.p.26650,DeAndre Hopkins,WR,4.4
11,449.l.808129.t.3,449.p.25812,Kirk Cousins,QB,5.92
11,449.l.808129.t.3,449.p.32736,Antonio Gibson,RB,2.5
11,449.l.808129.t.3,449.p.40908,Ladd McConkey,WR,15.3
11,449.l.808129.t.3,449.p.41010,Jaylen Wright,RB,1.1
11,449.l.808129.t.3,449.p.40998,Isaac Guerendo,RB,0.0
11,449.l.808129.t.3,449.p.40696,Jaleel McLaughlin,RB,1.9
11,449.l.808129.t.3,449.p.40224,Kayshon Boutte,WR,5.3
11,449.l.808129.t.3,449.p.32858,Tyler Bass,K,6.0
11,449.l.808129.t.3,449.p.100014,Rams,DEF,9.0
11,449.l.808129.t.16,449.p.31002,Lamar Jackson,QB,15.88
11,449.l.808129.t.16,449.p.32687,CeeDee Lamb,WR,14.6
11,449.l.808129.t.16,449.p.32704,Michael Pittman Jr.,WR,7.1
11,449.l.808129.t.16,449.p.32725,J.K. Dobbins,RB,18.4
11,449.l.808129.t.16,449.p.31934,Alexander Mattison,RB,8.4
11,449.l.808129.t.16,449.p.34085,Jake Ferguson,TE,1.6
11,449.l.808129.t.16,449.p.30120,Mike Williams,WR,0.0
11,449.l.808129.t.16,449.p.40040,Anthony Richardson Sr.,QB,28.08
11,449.l.808129.t.16,449.p.31945,Justice Hill,RB,6.1
11,449.l.808129.t.16,449.p.40893,Marvin Harrison Jr.,WR,0.0
11,449.l.808129.t.16,449.p.8795,Joe Flacco,QB,0.0
11,449.l.808129.t.16,449.p.33391,Trey Lance,QB,0.0
11,449.l.808129.t.16,449.p.31424,Gus Edwards,RB,2.7
11,449.l.808129.t.16,449.p.31928,Dawson Knox,TE,6.0
11,449.l.808129.t.16,449.p.40129,Jake Moody,K,5.0
11,449.l.808129.t.16,449.p.100001,Falcons,DEF,-3.0
12,449.l.808129.t.5,449.p.29235,Jared Goff,QB,10.76
12,449.l.808129.t.5,449.p.40051,Quentin Johnston,WR,0.0
12,449.l.808129.t.5,449.p.40890,Xavier Legette,WR,7.6
12,449.l.808129.t.5,449.p.33508,Rhamondre Stevenson,RB,3.3
12,449.l.808129.t.5,449.p.31960,Tony Pollard,RB,20.4
12,449.l.808129.t.5,449.p.40995,Ja'Tavion Sanders,TE,6.4
12,449.l.808129.t.5,449.p.33465,Joshua Palmer,WR,5.3
12,449.l.808129.t.5,449.p.29435,Brandon Allen,QB,9.46
12,449.l.808129.t.5,449.p.30551,Kendrick Bourne,WR,4.5
12,449.l.808129.t.5,449.p.30977,Josh Allen,QB,0.0
12,449.l.808129.t.5,449.p.40196,Chase Brown,RB,0.0
12,449.l.808129.t.5,449.p.40055,Bijan Robinson,RB,0.0
12,449.l.808129.t.5,449.p.40883,Brian Thomas Jr.,WR,0.0
12,449.l.808129.t.5,449.p.24822,Andy Dalton,QB,0.0
12,449.l.808129.t.5,449.p.31199,Jason Sanders,K,12.0
12,449.l.808129.t.5,449.p.100016,Vikings,DEF,7.0
12,449.l.808129.t.8,449.p.32675,Tua Tagovailoa,QB,28.48
12,449.l.808129.t.8,449.p.30996,Calvin Ridley,WR,11.8
12,449.l.808129.t.8,449.p.32685,Jerry Jeudy,WR,11.5
12,449.l.808129.t.8,449.p.31856,Josh Jacobs,RB,28.6
12,449.l.808129.t.8,449.p.34047,Rachaad White,RB,11.2
12,449.l.808129.t.8,449.p.30213,Jonnu Smith,TE,19.2
12,449.l.808129.t.8,449.p.40041,Jaxon Smith-Njigba,WR,16.7
12,449.l.808129.t.8,449.p.25785,Russell Wilson,QB,13.8
12,449.l.808129.t.8,449.p.40119,Tyjae Spears,RB,0.0
12,449.l.808129.t.8,449.p.40095,Tank Bigsby,RB,0.0
12,449.l.808129.t.8,449.p.40911,Keon Coleman,WR,0.0
12,449.l.808129.t.8,449.p.40029,Bryce Young,QB,16.52
12,449.l.808129.t.8,449.p.40889,Michael Penix Jr.,QB,0.0
12,449.l.808129.t.8,449.p.41293,Jalen Coker,WR,0.0
12,449.l.808129.t.8,449.p.32002,Austin Seibert,K,9.0
12,449.l.808129.t.8,449.p.100005,Browns,DEF,7.0
12,449.l.808129.t.1,449.p.30971,Baker Mayfield,QB,18.66
12,449.l.808129.t.1,449.p.31896,DK Metcalf,WR,7.9
12,449.l.808129.t.1,449.p.33989,Christian Watson,WR,0.4
12,449.l.808129.t.1,449.p.40059,Jahmyr Gibbs,RB,23.4
12,449.l.808129.t.1,449.p.40118,De'Von Achane,RB,19.1
12,449.l.808129.t.1,449.p.31840,T.J. Hockenson,TE,14.9
12,449.l.808129.t.1,449.p.31019,Dallas Goedert,TE,3.9
12,449.l.808129.t.1,449.p.40102,Tucker Kraft,TE,9.6
12,449.l.808129.t.1,449.p.34104,Khalil Shakir,WR,0.0
12,449.l.808129.t.1,449.p.7200,Aaron Rodgers,QB,0.0
12,449.l.808129.t.1,449.p.33999,John Metchie III,WR,1.1
12,449.l.808129.t.1,449.p.33413,Travis Etienne Jr.,RB,0.0
12,449.l.808129.t.1,449.p.24967,Tyrod Taylor,QB,0.0
12,449.l.808129.t.1,449.p.29274,Sterling Shepard,WR,4.1
12,449.l.808129.t.1,449.p.31977,Matt Gay,K,6.0
12,449.l.808129.t.1,449.p.100034,Texans,DEF,19.0
12,449.l.808129.t.15,449.p.9265,Matthew Stafford,QB,19.22
12,449.l.808129.t.15,449.p.31908,Terry McLaurin,WR,18.7
12,449.l.808129.t.15,449.p.41097,Devaughn Vele,WR,11.0
12,449.l.808129.t.15,449.p.30161,Joe Mixon,RB,7.0
12,449.l.808129.t.15,449.p.33412,Najee Harris,RB,6.4
12,449.l.808129.t.15,449.p.29315,Austin Hooper,TE,13.9
12,449.l.808129.t.15,449.p.30218,James Conner,RB,7.4
12,449.l.808129.t.15,449.p.40900,Caleb Williams,QB,26.9
12,449.l.808129.t.15,449.p.28392,Amari Cooper,WR,0.0
12,449.l.808129.t.15,449.p.33392,Kyle Pitts Sr.,TE,0.0
12,449.l.808129.t.15,449.p.32798,Gabe Davis,WR,0.0
12,449.l.808129.t.15,449.p.40121,Michael Wilson,WR,6.4
12,449.l.808129.t.15,449.p.40926,Jonathon Brooks,RB,0.7
12,449.l.808129.t.15,449.p.27590,Jimmy Garoppolo,QB,0.0
12,449.l.808129.t.15,449.p.40819,Brandon Aubrey,K,12.0
12,449.l.808129.t.15,449.p.100023,Steelers,DEF,7.0
12,449.l.808129.t.2,449.p.26662,Geno Smith,QB,13.36
12,449.l.808129.t.2,449.p.32692,Justin Jefferson,WR,3.7
12,449.l.808129.t.2,449.p.40042,Jordan Addison,WR,26.2
12,449.l.808129.t.2,449.p.33996,Kenneth Walker III,RB,11.3
12,449.l.808129.t.2,449.p.34112,Jerome Ford,RB,3.2
12,449.l.808129.t.2,449.p.31107,Dalton Schultz,TE,3.0
12,449.l.808129.t.2,449.p.29360,Demarcus Robinson,WR,8.5
12,449.l.808129.t.2,449.p.33415,Rashod Bateman,WR,11.3
12,449.l.808129.t.2,449.p.34019,James Cook III,RB,0.0
12,449.l.808129.t.2,449.p.32671,Joe Burrow,QB,0.0
12,449.l.808129.t.2,449.p.33605,Khalil Herbert,RB,0.0
12,449.l.808129.t.2,449.p.32018,Ty Johnson,RB,0.0
12,449.l.808129.t.2,449.p.32138,Jake Browning,QB,0.0
12,449.l.808129.t.2,449.p.29792,Ka'imi Fairbairn,K,11.0
12,449.l.808129.t.2,449.p.100028,Commanders,DEF,4.0
12,449.l.808129.t.2,449.p.100003,Bears,DEF,4.0
12,449.l.808129.t.10,449.p.30973,Sam Darnold,QB,21.1
12,449.l.808129.t.10,449.p.33500,Amon-Ra St. Brown,WR,9.2
12,449.l.808129.t.10,449.p.30182,Cooper Kupp,WR,16.0
12,449.l.808129.t.10,449.p.30423,Austin Ekeler,RB,3.4
12,449.l.808129.t.10,449.p.41048,Tyrone Tracy Jr.,RB,7.0
12,449.l.808129.t.10,449.p.29269,Hunter Henry,TE,6.9
12,449.l.808129.t.10,449.p.30994,DJ Moore,WR,23.4
12,449.l.808129.t.10,449.p.40068,Will Levis,QB,17.12
12,449.l.808129.t.10,449.p.32722,Cam Akers,RB,3.0
12,449.l.808129.t.10,449.p.32713,Cole Kmet,TE,9.9
12,449.l.808129.t.10,449.p.31906,Devin Singletary,RB,8.0
12,449.l.808129.t.10,449.p.34207,Isiah Pacheco,RB,0.0
12,449.l.808129.t.10,449.p.28390,Marcus Mariota,QB,0.0
12,449.l.808129.t.10,449.p.41081,Joshua Karty,K,2.0
12,449.l.808129.t.10,449.p.100008,Lions,DEF,8.0
12,449.l.808129.t.7,449.p.40896,Jayden Daniels,QB,32.4
12,449.l.808129.t.7,449.p.33967,Jameson Williams,WR,9.3
12,449.l.808129.t.7,449.p.27535,Mike Evans,WR,9.3
12,449.l.808129.t.7,449.p.30972,Saquon Barkley,RB,47.2
12,449.l.808129.t.7,449.p.41054,Dylan Laube,RB,0.0
12,449.l.808129.t.7,449.p.40878,Brock Bowers,TE,5.8
12,449.l.808129.t.7,449.p.26658,Zach Ertz,TE,12.8
12,449.l.808129.t.7,449.p.40881,Drake Maye,QB,14.48
12,449.l.808129.t.7,449.p.30180,Alvin Kamara,RB,0.0
12,449.l.808129.t.7,449.p.34107,Tyler Allgeier,RB,0.0
12,449.l.808129.t.7,449.p.33965,Garrett Wilson,WR,0.0
12,449.l.808129.t.7,449.p.34044,Jalen Tolbert,WR,9.2
12,449.l.808129.t.7,449.p.32010,Gardner Minshew,QB,12.7
12,449.l.808129.t.7,449.p.40533,Tommy DeVito,QB,10.76
12,449.l.808129.t.7,449.p.30266,Jake Elliott,K,13.0
12,449.l.808129.t.7,449.p.100021,Eagles,DEF,8.0
12,449.l.808129.t.13,449.p.40875,Bo Nix,QB,19.42
12,449.l.808129.t.13,449.p.34007,George Pickens,WR,6.8
12,449.l.808129.t.13,449.p.34088,Romeo Doubs,WR,6.9
12,449.l.808129.t.13,449.p.29279,Derrick Henry,RB,14.0
12,449.l.808129.t.13,449.p.31905,David Montgomery,RB,14.8
12,449.l.808129.t.13,449.p.30259,George Kittle,TE,17.2
12,449.l.808129.t.13,449.p.31005,Nick Chubb,RB,18.5
12,449.l.808129.t.13,449.p.33394,Jaylen Waddle,WR,24.4
12,449.l.808129.t.13,449.p.33550,Noah Gray,TE,20.6
12,449.l.808129.t.13,449.p.33393,Ja'Marr Chase,WR,0.0
12,449.l.808129.t.13,449.p.33389,Trevor Lawrence,QB,0.0
12,449.l.808129.t.13,449.p.40222,DeMario Douglas,WR,8.8
12,449.l.808129.t.13,449.p.34008,Alec Pierce,WR,4.4
12,449.l.808129.t.13,449.p.33399,Justin Fields,QB,2.6
12,449.l.808129.t.13,449.p.27120,Brandon McManus,K,10.0
12,449.l.808129.t.13,449.p.100015,Dolphins,DEF,12.0
12,449.l.808129.t.4,449.p.30123,Patrick Mahomes,QB,28.76
12,449.l.808129.t.4,449.p.40093,Cedric Tillman,WR,1.8
12,449.l.808129.t.4,449.p.33422,Elijah Moore,WR,3.6
12,449.l.808129.t.4,449.p.30199,Kareem Hunt,RB,10.2
12,449.l.808129.t.4,449.p.33100,Rico Dowdle,RB,9.3
12,449.l.808129.t.4,449.p.31090,Will Dissly,TE,6.7
12,449.l.808129.t.4,449.p.27277,Adam Thielen,WR,7.2
12,449.l.808129.t.4,449.p.30788,Cooper Rush,QB,17.98
12,449.l.808129.t.4,449.p.31898,Diontae Johnson,WR,0.0
12,449.l.808129.t.4,449.p.33991,Breece Hall,RB,0.0
12,449.l.808129.t.4,449.p.32843,Darnell Mooney,WR,0.0
12,449.l.808129.t.4,449.p.30136,Evan Engram,TE,0.0
12,449.l.808129.t.4,449.p.34320,Jordan Mason,RB,1.8
12,449.l.808129.t.4,449.p.40641,Keaton Mitchell,RB,0.0
12,449.l.808129.t.4,449.p.40835,Jake Bates,K,8.0
12,449.l.808129.t.4,449.p.100012,Chiefs,DEF,2.0
12,449.l.808129.t.11,449.p.32676,Justin Herbert,QB,17.62
12,449.l.808129.t.11,449.p.31868,Deebo Samuel,WR,2.6
12,449.l.808129.t.11,449.p.40063,Jayden Reed,WR,4.1
12,449.l.808129.t.11,449.p.32705,D'Andre Swift,RB,8.0
12,449.l.808129.t.11,449.p.40075,Zach Charbonnet,RB,2.2
12,449.l.808129.t.11,449.p.34010,Trey McBride,TE,19.3
12,449.l.808129.t.11,449.p.40901,Rome Odunze,WR,6.4
12,449.l.808129.t.11,449.p.33477,Nico Collins,WR,17.7
12,449.l.808129.t.11,449.p.40962,Blake Corum,RB,0.5
12,449.l.808129.t.11,449.p.33966,Chris Olave,WR,0.0
12,449.l.808129.t.11,449.p.31874,Drew Lock,QB,0.12
12,449.l.808129.t.11,449.p.28839,Taylor Heinicke,QB,0.0
12,449.l.808129.t.11,449.p.30352,Noah Brown,WR,10.1
12,449.l.808129.t.11,449.p.26534,Justin Tucker,K,7.0
12,449.l.808129.t.11,449.p.100027,Buccaneers,DEF,10.0
12,449.l.808129.t.11,449.p.100018,Saints,DEF,0.0
12,449.l.808129.t.12,449.p.31833,Kyler Murray,QB,11.3
12,449.l.808129.t.12,449.p.40039,Zay Flowers,WR,8.7
12,449.l.808129.t.12,449.p.31010,Courtland Sutton,WR,25.7
12,449.l.808129.t.12,449.p.34120,Kyren Williams,RB,11.2
12,449.l.808129.t.12,449.p.32711,Jonathan Taylor,RB,3.5
12,449.l.808129.t.12,449.p.33443,Pat Freiermuth,TE,7.9
12,449.l.808129.t.12,449.p.32003,Darius Slayton,WR,0.0
12,449.l.808129.t.12,449.p.34054,Brian Robinson Jr.,RB,2.9
12,449.l.808129.t.12,449.p.32703,Tee Higgins,WR,0.0
12,449.l.808129.t.12,449.p.27564,Derek Carr,QB,0.0
12,449.l.808129.t.12,449.p.40048,Dalton Kincaid,TE,0.0
12,449.l.808129.t.12,449.p.41043,Spencer Rattler,QB,0.0
12,449.l.808129.t.12,449.p.41019,Audric Estime,RB,1.5
12,449.l.808129.t.12,449.p.32417,Chase McLaughlin,K,6.0
12,449.l.808129.t.12,449.p.30426,Younghoe Koo,K,0.0
12,449.l.808129.t.12,449.p.100024,Chargers,DEF,0.0
12,449.l.808129.t.6,449.p.32696,Jordan Love,QB,14.72
12,449.l.808129.t.6,449.p.31883,A.J. Brown,WR,19.9
12,449.l.808129.t.6,449.p.29399,Tyreek Hill,WR,7.3
12,449.l.808129.t.6,449.p.28654,Raheem Mostert,RB,0.7
12,449.l.808129.t.6,449.p.40993,Bucky Irving,RB,24.2
12,449.l.808129.t.6,449.p.31056,Mark Andrews,TE,13.1
12,449.l.808129.t.6,449.p.32231,Jakobi Meyers,WR,17.1
12,449.l.808129.t.6,449.p.28389,Jameis Winston,QB,14.46
12,449.l.808129.t.6,449.p.40980,Ray Davis,RB,0.0
12,449.l.808129.t.6,449.p.33998,Wan'Dale Robinson,WR,7.2
12,449.l.808129.t.6,449.p.33403,Mac Jones,QB,0.0
12,449.l.808129.t.6,449.p.34095,Isaiah Likely,TE,0.0
12,449.l.808129.t.6,449.p.34042,Malik Willis,QB,0.0
12,449.l.808129.t.6,449.p.40195,Dorian Thompson-Robinson,QB,0.0
12,449.l.808129.t.6,449.p.29754,Wil Lutz,K,22.0
12,449.l.808129.t.6,449.p.100033,Ravens,DEF,4.0
12,449.l.808129.t.9,449.p.34218,Brock Purdy,QB,0.0
12,449.l.808129.t.9,449.p.40126,Josh Downs,WR,4.2
12,449.l.808129.t.9,449.p.40899,Malik Nabers,WR,9.4
12,449.l.808129.t.9,449.p.30121,Christian McCaffrey,RB,6.3
12,449.l.808129.t.9,449.p.33514,Chuba Hubbard,RB,14.5
12,449.l.808129.t.9,449.p.26686,Travis Kelce,TE,9.2
12,449.l.808129.t.9,449.p.26699,Keenan Allen,WR,19.1
12,449.l.808129.t.9,449.p.32887,Jauan Jennings,WR,6.5
12,449.l.808129.t.9,449.p.30614,Taysom Hill,"QB,TE",0.0
12,449.l.808129.t.9,449.p.32756,Zack Moss,RB,0.0
12,449.l.808129.t.9,449.p.34062,Cade Otton,TE,3.5
12,449.l.808129.t.9,449.p.28457,Tyler Lockett,WR,3.0
12,449.l.808129.t.9,449.p.30248,Joshua Dobbs,QB,0.0
12,449.l.808129.t.9,449.p.28188,Chris Boswell,K,8.0
12,449.l.808129.t.9,449.p.9526,Graham Gano,K,1.0
12,449.l.808129.t.9,449.p.100025,49ers,DEF,-2.0
12,449.l.808129.t.14,449.p.32723,Jalen Hurts,QB,15.06
12,449.l.808129.t.14,449.p.40877,Xavier Worthy,WR,7.1
12,449.l.808129.t.14,449.p.40201,Dontayvion Wicks,WR,3.0
12,449.l.808129.t.14,449.p.34447,Jaylen Warren,RB,13.9
12,449.l.808129.t.14,449.p.30295,Aaron Jones Sr.,RB,18.4
12,449.l.808129.t.14,449.p.40064,Sam LaPorta,TE,3.4
12,449.l.808129.t.14,449.p.40097,Tank Dell,WR,8.7
12,449.l.808129.t.14,449.p.40892,Ricky Pearsall,WR,0.0
12,449.l.808129.t.14,449.p.33398,DeVonta Smith,WR,0.0
12,449.l.808129.t.14,449.p.33963,Drake London,WR,0.0
12,449.l.808129.t.14,449.p.40981,Braelon Allen,RB,0.0
12,449.l.808129.t.14,449.p.40162,Roschon Johnson,RB,7.7
12,449.l.808129.t.14,449.p.40958,Trey Benson,RB,1.8
12,449.l.808129.t.14,449.p.34344,Cameron Dicker,K,16.0
12,449.l.808129.t.14,449.p.100007,Broncos,DEF,10.0
12,449.l.808129.t.3,449.p.40030,C.J. Stroud,QB,17.68
12,449.l.808129.t.3,449.p.40168,Puka Nacua,WR,16.2
12,449.l.808129.t.3,449.p.40908,Ladd McConkey,WR,11.3
12,449.l.808129.t.3,449.p.33423,Javonte Williams,RB,1.4
12,449.l.808129.t.3,449.p.30227,Samaje Perine,RB,3.4
12,449.l.808129.t.3,449.p.30142,David Njoku,TE,3.4
12,449.l.808129.t.3,449.p.26650,DeAndre Hopkins,WR,12.0
12,449.l.808129.t.3,449.p.40224,Kayshon Boutte,WR,1.1
12,449.l.808129.t.3,449.p.25812,Kirk Cousins,QB,0.0
12,449.l.808129.t.3,449.p.27581,Davante Adams,WR,0.0
12,449.l.808129.t.3,449.p.32736,Antonio Gibson,RB,5.0
12,449.l.808129.t.3,449.p.41010,Jaylen Wright,RB,0.8
12,449.l.808129.t.3,449.p.40696,Jaleel McLaughlin,RB,4.4
12,449.l.808129.t.3,449.p.28442,Ameer Abdullah,RB,15.0
12,449.l.808129.t.3,449.p.28378,Jason Myers,K,6.0
12,449.l.808129.t.3,449.p.100022,Cardinals,DEF,11.0
12,449.l.808129.t.16,449.p.31002,Lamar Jackson,QB,22.58
12,449.l.808129.t.16,449.p.32687,CeeDee Lamb,WR,11.8
12,449.l.808129.t.16,449.p.40893,Marvin Harrison Jr.,WR,6.2
12,449.l.808129.t.16,449.p.32725,J.K. Dobbins,RB,7.4
12,449.l.808129.t.16,449.p.31945,Justice Hill,RB,13.2
12,449.l.808129.t.16,449.p.40061,Luke Schoonmaker,TE,13.0
12,449.l.808129.t.16,449.p.32704,Michael Pittman Jr.,WR,12.6
12,449.l.808129.t.16,449.p.40040,Anthony Richardson Sr.,QB,12.98
12,449.l.808129.t.16,449.p.31934,Alexander Mattison,RB,0.0
12,449.l.808129.t.16,449.p.34085,Jake Ferguson,TE,0.0
12,449.l.808129.t.16,449.p.30120,Mike Williams,WR,0.0
12,449.l.808129.t.16,449.p.8795,Joe Flacco,QB,0.0
12,449.l.808129.t.16,449.p.33391,Trey Lance,QB,-0.3
12,449.l.808129.t.16,449.p.31424,Gus Edwards,RB,7.1
12,449.l.808129.t.16,449.p.40129,Jake Moody,K,5.0
12,449.l.808129.t.16,449.p.100019,Giants,DEF,1.0
13,449.l.808129.t.5,449.p.29235,Jared Goff,QB,16.94
13,449.l.808129.t.5,449.p.40890,Xavier Legette,WR,7.3
13,449.l.808129.t.5,449.p.40883,Brian Thomas Jr.,WR,16.7
13,449.l.808129.t.5,449.p.40055,Bijan Robinson,RB,22.5
13,449.l.808129.t.5,449.p.40196,Chase Brown,RB,17.5
13,449.l.808129.t.5,449.p.41003,Theo Johnson,TE,7.9
13,449.l.808129.t.5,449.p.31960,Tony Pollard,RB,6.8
13,449.l.808129.t.5,449.p.30977,Josh Allen,QB,28.42
13,449.l.808129.t.5,449.p.40995,Ja'Tavion Sanders,TE,0.0
13,449.l.808129.t.5,449.p.40051,Quentin Johnston,WR,2.2
13,449.l.808129.t.5,449.p.33508,Rhamondre Stevenson,RB,10.9
13,449.l.808129.t.5,449.p.33465,Joshua Palmer,WR,3.6
13,449.l.808129.t.5,449.p.24822,Andy Dalton,QB,0.0
13,449.l.808129.t.5,449.p.30339,David Moore,WR,6.5
13,449.l.808129.t.5,449.p.31199,Jason Sanders,K,3.0
13,449.l.808129.t.5,449.p.100016,Vikings,DEF,5.0
13,449.l.808129.t.8,449.p.32675,Tua Tagovailoa,QB,25.2
13,449.l.808129.t.8,449.p.30996,Calvin Ridley,WR,5.5
13,449.l.808129.t.8,449.p.32685,Jerry Jeudy,WR,36.0
13,449.l.808129.t.8,449.p.31856,Josh Jacobs,RB,19.7
13,449.l.808129.t.8,449.p.34047,Rachaad White,RB,8.3
13,449.l.808129.t.8,449.p.30213,Jonnu Smith,TE,16.3
13,449.l.808129.t.8,449.p.40041,Jaxon Smith-Njigba,WR,9.9
13,449.l.808129.t.8,449.p.25785,Russell Wilson,QB,27.86
13,449.l.808129.t.8,449.p.40119,Tyjae Spears,RB,0.3
13,449.l.808129.t.8,449.p.40095,Tank Bigsby,RB,4.0
13,449.l.808129.t.8,449.p.40911,Keon Coleman,WR,0.0
13,449.l.808129.t.8,449.p.40029,Bryce Young,QB,23.62
13,449.l.808129.t.8,449.p.40889,Michael Penix Jr.,QB,0.0
13,449.l.808129.t.8,449.p.41293,Jalen Coker,WR,0.0
13,449.l.808129.t.8,449.p.34657,Parker Romo,K,14.0
13,449.l.808129.t.8,449.p.100002,Bills,DEF,12.0
13,449.l.808129.t.1,449.p.30971,Baker Mayfield,QB,12.2
13,449.l.808129.t.1,449.p.31896,DK Metcalf,WR,8.6
13,449.l.808129.t.1,449.p.34104,Khalil Shakir,WR,5.0
13,449.l.808129.t.1,449.p.40059,Jahmyr Gibbs,RB,9.4
13,449.l.808129.t.1,449.p.40118,De'Von Achane,RB,17.0
13,449.l.808129.t.1,449.p.31840,T.J. Hockenson,TE,4.3
13,449.l.808129.t.1,449.p.31019,Dallas Goedert,TE,11.0
13,449.l.808129.t.1,449.p.7200,Aaron Rodgers,QB,15.0
13,449.l.808129.t.1,449.p.33989,Christian Watson,WR,7.7
13,449.l.808129.t.1,449.p.40102,Tucker Kraft,TE,10.8
13,449.l.808129.t.1,449.p.33999,John Metchie III,WR,2.6
13,449.l.808129.t.1,449.p.33413,Travis Etienne Jr.,RB,7.3
13,449.l.808129.t.1,449.p.24967,Tyrod Taylor,QB,0.0
13,449.l.808129.t.1,449.p.29274,Sterling Shepard,WR,6.2
13,449.l.808129.t.1,449.p.31977,Matt Gay,K,5.0
13,449.l.808129.t.1,449.p.100034,Texans,DEF,3.0
13,449.l.808129.t.15,449.p.9265,Matthew Stafford,QB,15.62
13,449.l.808129.t.15,449.p.31908,Terry McLaurin,WR,23.3
13,449.l.808129.t.15,449.p.28392,Amari Cooper,WR,2.7
13,449.l.808129.t.15,449.p.30161,Joe Mixon,RB,19.9
13,449.l.808129.t.15,449.p.33412,Najee Harris,RB,21.9
13,449.l.808129.t.15,449.p.33392,Kyle Pitts Sr.,TE,0.0
13,449.l.808129.t.15,449.p.30218,James Conner,RB,9.6
13,449.l.808129.t.15,449.p.40900,Caleb Williams,QB,26.14
13,449.l.808129.t.15,449.p.29315,Austin Hooper,TE,12.2
13,449.l.808129.t.15,449.p.41097,Devaughn Vele,WR,2.1
13,449.l.808129.t.15,449.p.32798,Gabe Davis,WR,0.0
13,449.l.808129.t.15,449.p.40121,Michael Wilson,WR,8.0
13,449.l.808129.t.15,449.p.27590,Jimmy Garoppolo,QB,0.0
13,449.l.808129.t.15,449.p.40138,Aidan O'Connell,QB,19.6
13,449.l.808129.t.15,449.p.40819,Brandon Aubrey,K,9.0
13,449.l.808129.t.15,449.p.100023,Steelers,DEF,15.0
13,449.l.808129.t.2,449.p.32671,Joe Burrow,QB,20.26
13,449.l.808129.t.2,449.p.32692,Justin Jefferson,WR,13.4
13,449.l.808129.t.2,449.p.40042,Jordan Addison,WR,7.4
13,449.l.808129.t.2,449.p.33996,Kenneth Walker III,RB,5.6
13,449.l.808129.t.2,449.p.34019,James Cook III,RB,18.5
13,449.l.808129.t.2,449.p.31107,Dalton Schultz,TE,14.6
13,449.l.808129.t.2,449.p.29360,Demarcus Robinson,WR,11.9
13,449.l.808129.t.2,449.p.26662,Geno Smith,QB,12.44
13,449.l.808129.t.2,449.p.34112,Jerome Ford,RB,6.7
13,449.l.808129.t.2,449.p.33415,Rashod Bateman,WR,0.0
13,449.l.808129.t.2,449.p.33605,Khalil Herbert,RB,1.4
13,449.l.808129.t.2,449.p.32018,Ty Johnson,RB,4.2
13,449.l.808129.t.2,449.p.34030,Desmond Ridder,QB,0.0
13,449.l.808129.t.2,449.p.29792,Ka'imi Fairbairn,K,13.0
13,449.l.808129.t.2,449.p.100028,Commanders,DEF,7.0
13,449.l.808129.t.2,449.p.100003,Bears,DEF,4.0
13,449.l.808129.t.10,449.p.30973,Sam Darnold,QB,19.6
13,449.l.808129.t.10,449.p.33500,Amon-Ra St. Brown,WR,9.8
13,449.l.808129.t.10,449.p.30182,Cooper Kupp,WR,3.2
13,449.l.808129.t.10,449.p.41048,Tyrone Tracy Jr.,RB,13.5
13,449.l.808129.t.10,449.p.34207,Isiah Pacheco,RB,5.4
13,449.l.808129.t.10,449.p.29269,Hunter Henry,TE,11.0
13,449.l.808129.t.10,449.p.30994,DJ Moore,WR,19.7
13,449.l.808129.t.10,449.p.40068,Will Levis,QB,16.18
13,449.l.808129.t.10,449.p.32722,Cam Akers,RB,2.2
13,449.l.808129.t.10,449.p.32713,Cole Kmet,TE,4.1
13,449.l.808129.t.10,449.p.28390,Marcus Mariota,QB,0.0
13,449.l.808129.t.10,449.p.30275,Jeremy McNichols,RB,3.2
13,449.l.808129.t.10,449.p.33537,Evan McPherson,K,8.0
13,449.l.808129.t.10,449.p.100008,Lions,DEF,6.0
13,449.l.808129.t.10,449.p.100033,Ravens,DEF,2.0
13,449.l.808129.t.10,449.p.100022,Cardinals,DEF,7.0
13,449.l.808129.t.7,449.p.40896,Jayden Daniels,QB,28.64
13,449.l.808129.t.7,449.p.27535,Mike Evans,WR,21.8
13,449.l.808129.t.7,449.p.33965,Garrett Wilson,WR,6.6
13,449.l.808129.t.7,449.p.30972,Saquon Barkley,RB,18.7
13,449.l.808129.t.7,449.p.30180,Alvin Kamara,RB,13.9
13,449.l.808129.t.7,449.p.40878,Brock Bowers,TE,25.2
13,449.l.808129.t.7,449.p.33967,Jameson Williams,WR,7.1
13,449.l.808129.t.7,449.p.40881,Drake Maye,QB,20.42
13,449.l.808129.t.7,449.p.26658,Zach Ertz,TE,11.0
13,449.l.808129.t.7,449.p.34107,Tyler Allgeier,RB,2.7
13,449.l.808129.t.7,449.p.34044,Jalen Tolbert,WR,5.1
13,449.l.808129.t.7,449.p.40533,Tommy DeVito,QB,0.0
13,449.l.808129.t.7,449.p.33538,Kenneth Gainwell,RB,0.0
13,449.l.808129.t.7,449.p.33348,Nick Westbrook-Ikhine,WR,19.6
13,449.l.808129.t.7,449.p.30266,Jake Elliott,K,6.0
13,449.l.808129.t.7,449.p.100021,Eagles,DEF,4.0
13,449.l.808129.t.13,449.p.40875,Bo Nix,QB,14.16
13,449.l.808129.t.13,449.p.34007,George Pickens,WR,14.9
13,449.l.808129.t.13,449.p.33393,Ja'Marr Chase,WR,17.6
13,449.l.808129.t.13,449.p.29279,Derrick Henry,RB,12.6
13,449.l.808129.t.13,449.p.31905,David Montgomery,RB,13.9
13,449.l.808129.t.13,449.p.30259,George Kittle,TE,1.2
13,449.l.808129.t.13,449.p.31005,Nick Chubb,RB,11.5
13,449.l.808129.t.13,449.p.33389,Trevor Lawrence,QB,1.24
13,449.l.808129.t.13,449.p.33394,Jaylen Waddle,WR,9.3
13,449.l.808129.t.13,449.p.34088,Romeo Doubs,WR,0.0
13,449.l.808129.t.13,449.p.33550,Noah Gray,TE,7.8
13,449.l.808129.t.13,449.p.40222,DeMario Douglas,WR,4.0
13,449.l.808129.t.13,449.p.34008,Alec Pierce,WR,8.6
13,449.l.808129.t.13,449.p.33399,Justin Fields,QB,0.7
13,449.l.808129.t.13,449.p.27120,Brandon McManus,K,13.0
13,449.l.808129.t.13,449.p.100014,Rams,DEF,1.0
13,449.l.808129.t.4,449.p.30123,Patrick Mahomes,QB,16.64
13,449.l.808129.t.4,449.p.27277,Adam Thielen,WR,19.9
13,449.l.808129.t.4,449.p.32843,Darnell Mooney,WR,3.5
13,449.l.808129.t.4,449.p.33100,Rico Dowdle,RB,19.8
13,449.l.808129.t.4,449.p.30199,Kareem Hunt,RB,2.5
13,449.l.808129.t.4,449.p.30136,Evan Engram,TE,7.6
13,449.l.808129.t.4,449.p.33991,Breece Hall,RB,6.0
13,449.l.808129.t.4,449.p.30788,Cooper Rush,QB,11.8
13,449.l.808129.t.4,449.p.40093,Cedric Tillman,WR,0.0
13,449.l.808129.t.4,449.p.31090,Will Dissly,TE,0.0
13,449.l.808129.t.4,449.p.33422,Elijah Moore,WR,15.2
13,449.l.808129.t.4,449.p.34320,Jordan Mason,RB,7.8
13,449.l.808129.t.4,449.p.31144,Marquez Valdes-Scantling,WR,10.6
13,449.l.808129.t.4,449.p.41052,Kimani Vidal,RB,2.0
13,449.l.808129.t.4,449.p.40835,Jake Bates,K,12.0
13,449.l.808129.t.4,449.p.100012,Chiefs,DEF,6.0
13,449.l.808129.t.11,449.p.32676,Justin Herbert,QB,7.98
13,449.l.808129.t.11,449.p.31868,Deebo Samuel,WR,2.0
13,449.l.808129.t.11,449.p.40063,Jayden Reed,WR,18.2
13,449.l.808129.t.11,449.p.32705,D'Andre Swift,RB,8.4
13,449.l.808129.t.11,449.p.40075,Zach Charbonnet,RB,11.1
13,449.l.808129.t.11,449.p.34010,Trey McBride,TE,15.6
13,449.l.808129.t.11,449.p.33477,Nico Collins,WR,15.9
13,449.l.808129.t.11,449.p.31874,Drew Lock,QB,15.82
13,449.l.808129.t.11,449.p.40901,Rome Odunze,WR,3.5
13,449.l.808129.t.11,449.p.40962,Blake Corum,RB,4.2
13,449.l.808129.t.11,449.p.33966,Chris Olave,WR,0.0
13,449.l.808129.t.11,449.p.28839,Taylor Heinicke,QB,0.0
13,449.l.808129.t.11,449.p.30352,Noah Brown,WR,4.2
13,449.l.808129.t.11,449.p.26534,Justin Tucker,K,9.0
13,449.l.808129.t.11,449.p.100027,Buccaneers,DEF,3.0
13,449.l.808129.t.11,449.p.100018,Saints,DEF,2.0
13,449.l.808129.t.12,449.p.31833,Kyler Murray,QB,17.2
13,449.l.808129.t.12,449.p.40039,Zay Flowers,WR,8.6
13,449.l.808129.t.12,449.p.31010,Courtland Sutton,WR,13.2
13,449.l.808129.t.12,449.p.34120,Kyren Williams,RB,17.8
13,449.l.808129.t.12,449.p.32711,Jonathan Taylor,RB,16.8
13,449.l.808129.t.12,449.p.33443,Pat Freiermuth,TE,15.8
13,449.l.808129.t.12,449.p.32703,Tee Higgins,WR,15.4
13,449.l.808129.t.12,449.p.27564,Derek Carr,QB,14.56
13,449.l.808129.t.12,449.p.40048,Dalton Kincaid,TE,0.0
13,449.l.808129.t.12,449.p.34054,Brian Robinson Jr.,RB,17.4
13,449.l.808129.t.12,449.p.32003,Darius Slayton,WR,1.8
13,449.l.808129.t.12,449.p.41043,Spencer Rattler,QB,0.0
13,449.l.808129.t.12,449.p.41019,Audric Estime,RB,1.2
13,449.l.808129.t.12,449.p.30426,Younghoe Koo,K,8.0
13,449.l.808129.t.12,449.p.32417,Chase McLaughlin,K,16.0
13,449.l.808129.t.12,449.p.100024,Chargers,DEF,19.0
13,449.l.808129.t.6,449.p.32696,Jordan Love,QB,18.96
13,449.l.808129.t.6,449.p.31883,A.J. Brown,WR,9.1
13,449.l.808129.t.6,449.p.32231,Jakobi Meyers,WR,12.7
13,449.l.808129.t.6,449.p.40993,Bucky Irving,RB,26.0
13,449.l.808129.t.6,449.p.40980,Ray Davis,RB,13.2
13,449.l.808129.t.6,449.p.31056,Mark Andrews,TE,15.9
13,449.l.808129.t.6,449.p.29399,Tyreek Hill,WR,17.3
13,449.l.808129.t.6,449.p.28389,Jameis Winston,QB,35.98
13,449.l.808129.t.6,449.p.28654,Raheem Mostert,RB,4.4
13,449.l.808129.t.6,449.p.33998,Wan'Dale Robinson,WR,1.6
13,449.l.808129.t.6,449.p.33403,Mac Jones,QB,20.0
13,449.l.808129.t.6,449.p.34095,Isaiah Likely,TE,12.3
13,449.l.808129.t.6,449.p.34042,Malik Willis,QB,0.0
13,449.l.808129.t.6,449.p.40195,Dorian Thompson-Robinson,QB,0.0
13,449.l.808129.t.6,449.p.29754,Wil Lutz,K,11.0
13,449.l.808129.t.6,449.p.100006,Cowboys,DEF,17.0
13,449.l.808129.t.9,449.p.34218,Brock Purdy,QB,2.16
13,449.l.808129.t.9,449.p.40899,Malik Nabers,WR,11.3
13,449.l.808129.t.9,449.p.32887,Jauan Jennings,WR,7.1
13,449.l.808129.t.9,449.p.30121,Christian McCaffrey,RB,7.7
13,449.l.808129.t.9,449.p.33514,Chuba Hubbard,RB,2.3
13,449.l.808129.t.9,449.p.26686,Travis Kelce,TE,10.3
13,449.l.808129.t.9,449.p.26699,Keenan Allen,WR,21.8
13,449.l.808129.t.9,449.p.34062,Cade Otton,TE,4.0
13,449.l.808129.t.9,449.p.40126,Josh Downs,WR,0.0
13,449.l.808129.t.9,449.p.30614,Taysom Hill,"QB,TE",7.2
13,449.l.808129.t.9,449.p.32756,Zack Moss,RB,0.0
13,449.l.808129.t.9,449.p.28457,Tyler Lockett,WR,3.1
13,449.l.808129.t.9,449.p.30248,Joshua Dobbs,QB,0.0
13,449.l.808129.t.9,449.p.28188,Chris Boswell,K,16.0
13,449.l.808129.t.9,449.p.9526,Graham Gano,K,10.0
13,449.l.808129.t.9,449.p.100025,49ers,DEF,-4.0
13,449.l.808129.t.14,449.p.32723,Jalen Hurts,QB,17.62
13,449.l.808129.t.14,449.p.40097,Tank Dell,WR,2.8
13,449.l.808129.t.14,449.p.40892,Ricky Pearsall,WR,0.0
13,449.l.808129.t.14,449.p.34447,Jaylen Warren,RB,8.4
13,449.l.808129.t.14,449.p.30295,Aaron Jones Sr.,RB,8.3
13,449.l.808129.t.14,449.p.40064,Sam LaPorta,TE,14.1
13,449.l.808129.t.14,449.p.33963,Drake London,WR,12.8
13,449.l.808129.t.14,449.p.40877,Xavier Worthy,WR,7.9
13,449.l.808129.t.14,449.p.33398,DeVonta Smith,WR,0.0
13,449.l.808129.t.14,449.p.40201,Dontayvion Wicks,WR,5.0
13,449.l.808129.t.14,449.p.40981,Braelon Allen,RB,3.7
13,449.l.808129.t.14,449.p.40162,Roschon Johnson,RB,0.0
13,449.l.808129.t.14,449.p.40958,Trey Benson,RB,2.0
13,449.l.808129.t.14,449.p.33975,Kenny Pickett,QB,0.0
13,449.l.808129.t.14,449.p.34344,Cameron Dicker,K,12.0
13,449.l.808129.t.14,449.p.100007,Broncos,DEF,20.0
13,449.l.808129.t.3,449.p.40030,C.J. Stroud,QB,14.38
13,449.l.808129.t.3,449.p.40168,Puka Nacua,WR,14.8
13,449.l.808129.t.3,449.p.40908,Ladd McConkey,WR,16.2
13,449.l.808129.t.3,449.p.33423,Javonte Williams,RB,6.9
13,449.l.808129.t.3,449.p.28442,Ameer Abdullah,RB,6.3
13,449.l.808129.t.3,449.p.30142,David Njoku,TE,21.7
13,449.l.808129.t.3,449.p.26650,DeAndre Hopkins,WR,11.0
13,449.l.808129.t.3,449.p.25812,Kirk Cousins,QB,6.1
13,449.l.808129.t.3,449.p.32736,Antonio Gibson,RB,12.2
13,449.l.808129.t.3,449.p.40224,Kayshon Boutte,WR,7.6
13,449.l.808129.t.3,449.p.30227,Samaje Perine,RB,2.0
13,449.l.808129.t.3,449.p.27581,Davante Adams,WR,15.1
13,449.l.808129.t.3,449.p.41010,Jaylen Wright,RB,0.0
13,449.l.808129.t.3,449.p.40696,Jaleel McLaughlin,RB,8.9
13,449.l.808129.t.3,449.p.32858,Tyler Bass,K,5.0
13,449.l.808129.t.3,449.p.100011,Colts,DEF,6.0
13,449.l.808129.t.16,449.p.31002,Lamar Jackson,QB,25.38
13,449.l.808129.t.16,449.p.32687,CeeDee Lamb,WR,4.9
13,449.l.808129.t.16,449.p.40893,Marvin Harrison Jr.,WR,14.5
13,449.l.808129.t.16,449.p.31945,Justice Hill,RB,4.1
13,449.l.808129.t.16,449.p.31424,Gus Edwards,RB,3.8
13,449.l.808129.t.16,449.p.40061,Luke Schoonmaker,TE,5.8
13,449.l.808129.t.16,449.p.32704,Michael Pittman Jr.,WR,6.7
13,449.l.808129.t.16,449.p.40040,Anthony Richardson Sr.,QB,23.16
13,449.l.808129.t.16,449.p.32725,J.K. Dobbins,RB,0.0
13,449.l.808129.t.16,449.p.31934,Alexander Mattison,RB,0.0
13,449.l.808129.t.16,449.p.34085,Jake Ferguson,TE,0.0
13,449.l.808129.t.16,449.p.30120,Mike Williams,WR,0.0
13,449.l.808129.t.16,449.p.8795,Joe Flacco,QB,0.0
13,449.l.808129.t.16,449.p.33391,Trey Lance,QB,0.0
13,449.l.808129.t.16,449.p.41081,Joshua Karty,K,3.0
13,449.l.808129.t.16,449.p.100019,Giants,DEF,0.0
14,449.l.808129.t.5,449.p.29235,Jared Goff,QB,23.02
14,449.l.808129.t.5,449.p.40890,Xavier Legette,WR,4.9
14,449.l.808129.t.5,449.p.40883,Brian Thomas Jr.,WR,12.6
14,449.l.808129.t.5,449.p.40055,Bijan Robinson,RB,19.1
14,449.l.808129.t.5,449.p.40196,Chase Brown,RB,21.3
14,449.l.808129.t.5,449.p.40995,Ja'Tavion Sanders,TE,0.0
14,449.l.808129.t.5,449.p.31960,Tony Pollard,RB,13.4
14,449.l.808129.t.5,449.p.30977,Josh Allen,QB,51.88
14,449.l.808129.t.5,449.p.31852,Noah Fant,TE,3.3
14,449.l.808129.t.5,449.p.40051,Quentin Johnston,WR,13.3
14,449.l.808129.t.5,449.p.33508,Rhamondre Stevenson,RB,0.0
14,449.l.808129.t.5,449.p.33465,Joshua Palmer,WR,10.8
14,449.l.808129.t.5,449.p.24822,Andy Dalton,QB,0.0
14,449.l.808129.t.5,449.p.30339,David Moore,WR,3.5
14,449.l.808129.t.5,449.p.31199,Jason Sanders,K,16.0
14,449.l.808129.t.5,449.p.100016,Vikings,DEF,7.0
14,449.l.808129.t.8,449.p.32675,Tua Tagovailoa,QB,23.54
14,449.l.808129.t.8,449.p.30996,Calvin Ridley,WR,9.4
14,449.l.808129.t.8,449.p.32685,Jerry Jeudy,WR,14.9
14,449.l.808129.t.8,449.p.31856,Josh Jacobs,RB,24.6
14,449.l.808129.t.8,449.p.34047,Rachaad White,RB,23.9
14,449.l.808129.t.8,449.p.30213,Jonnu Smith,TE,11.9
14,449.l.808129.t.8,449.p.40041,Jaxon Smith-Njigba,WR,17.1
14,449.l.808129.t.8,449.p.25785,Russell Wilson,QB,16.02
14,449.l.808129.t.8,449.p.40119,Tyjae Spears,RB,2.8
14,449.l.808129.t.8,449.p.40095,Tank Bigsby,RB,12.7
14,449.l.808129.t.8,449.p.40911,Keon Coleman,WR,0.0
14,449.l.808129.t.8,449.p.40029,Bryce Young,QB,13.54
14,449.l.808129.t.8,449.p.40889,Michael Penix Jr.,QB,0.0
14,449.l.808129.t.8,449.p.34094,Calvin Austin III,WR,0.9
14,449.l.808129.t.8,449.p.8432,Nick Folk,K,7.0
14,449.l.808129.t.8,449.p.100002,Bills,DEF,-4.0
14,449.l.808129.t.1,449.p.30971,Baker Mayfield,QB,21.0
14,449.l.808129.t.1,449.p.31896,DK Metcalf,WR,6.9
14,449.l.808129.t.1,449.p.34104,Khalil Shakir,WR,19.1
14,449.l.808129.t.1,449.p.40059,Jahmyr Gibbs,RB,16.3
14,449.l.808129.t.1,449.p.40118,De'Von Achane,RB,15.9
14,449.l.808129.t.1,449.p.31840,T.J. Hockenson,TE,6.5
14,449.l.808129.t.1,449.p.33413,Travis Etienne Jr.,RB,9.0
14,449.l.808129.t.1,449.p.7200,Aaron Rodgers,QB,17.56
14,449.l.808129.t.1,449.p.31019,Dallas Goedert,TE,0.0
14,449.l.808129.t.1,449.p.33989,Christian Watson,WR,11.4
14,449.l.808129.t.1,449.p.40102,Tucker Kraft,TE,11.6
14,449.l.808129.t.1,449.p.24967,Tyrod Taylor,QB,0.0
14,449.l.808129.t.1,449.p.29274,Sterling Shepard,WR,8.3
14,449.l.808129.t.1,449.p.31482,Eddy Pineiro,K,4.0
14,449.l.808129.t.1,449.p.100010,Titans,DEF,9.0
14,449.l.808129.t.1,449.p.100034,Texans,DEF,0.0
14,449.l.808129.t.15,449.p.9265,Matthew Stafford,QB,20.8
14,449.l.808129.t.15,449.p.28392,Amari Cooper,WR,12.5
14,449.l.808129.t.15,449.p.31157,Ray-Ray McCloud,WR,12.1
14,449.l.808129.t.15,449.p.33412,Najee Harris,RB,11.3
14,449.l.808129.t.15,449.p.30218,James Conner,RB,20.2
14,449.l.808129.t.15,449.p.33392,Kyle Pitts Sr.,TE,1.9
14,449.l.808129.t.15,449.p.40121,Michael Wilson,WR,12.7
14,449.l.808129.t.15,449.p.40900,Caleb Williams,QB,14.06
14,449.l.808129.t.15,449.p.40114,Tre Tucker,WR,1.7
14,449.l.808129.t.15,449.p.30161,Joe Mixon,RB,0.0
14,449.l.808129.t.15,449.p.31908,Terry McLaurin,WR,0.0
14,449.l.808129.t.15,449.p.29315,Austin Hooper,TE,0.0
14,449.l.808129.t.15,449.p.27590,Jimmy Garoppolo,QB,0.0
14,449.l.808129.t.15,449.p.40138,Aidan O'Connell,QB,7.76
14,449.l.808129.t.15,449.p.40819,Brandon Aubrey,K,9.0
14,449.l.808129.t.15,449.p.100023,Steelers,DEF,10.0
14,449.l.808129.t.2,449.p.32671,Joe Burrow,QB,25.56
14,449.l.808129.t.2,449.p.32692,Justin Jefferson,WR,28.7
14,449.l.808129.t.2,449.p.40042,Jordan Addison,WR,35.3
14,449.l.808129.t.2,449.p.34019,James Cook III,RB,3.9
14,449.l.808129.t.2,449.p.34112,Jerome Ford,RB,6.2
14,449.l.808129.t.2,449.p.31012,Mike Gesicki,TE,3.9
14,449.l.808129.t.2,449.p.29360,Demarcus Robinson,WR,0.0
14,449.l.808129.t.2,449.p.26662,Geno Smith,QB,13.32
14,449.l.808129.t.2,449.p.33996,Kenneth Walker III,RB,0.0
14,449.l.808129.t.2,449.p.31107,Dalton Schultz,TE,0.0
14,449.l.808129.t.2,449.p.33415,Rashod Bateman,WR,0.0
14,449.l.808129.t.2,449.p.32018,Ty Johnson,RB,12.5
14,449.l.808129.t.2,449.p.34030,Desmond Ridder,QB,4.34
14,449.l.808129.t.2,449.p.40129,Jake Moody,K,8.0
14,449.l.808129.t.2,449.p.29792,Ka'imi Fairbairn,K,0.0
14,449.l.808129.t.2,449.p.100026,Seahawks,DEF,7.0
14,449.l.808129.t.10,449.p.30973,Sam Darnold,QB,34.58
14,449.l.808129.t.10,449.p.33500,Amon-Ra St. Brown,WR,7.8
14,449.l.808129.t.10,449.p.30182,Cooper Kupp,WR,17.7
14,449.l.808129.t.10,449.p.41048,Tyrone Tracy Jr.,RB,16.8
14,449.l.808129.t.10,449.p.34207,Isiah Pacheco,RB,7.1
14,449.l.808129.t.10,449.p.32713,Cole Kmet,TE,0.0
14,449.l.808129.t.10,449.p.30994,DJ Moore,WR,7.9
14,449.l.808129.t.10,449.p.40068,Will Levis,QB,7.02
14,449.l.808129.t.10,449.p.29269,Hunter Henry,TE,0.0
14,449.l.808129.t.10,449.p.32722,Cam Akers,RB,3.7
14,449.l.808129.t.10,449.p.28390,Marcus Mariota,QB,0.0
14,449.l.808129.t.10,449.p.30275,Jeremy McNichols,RB,0.0
14,449.l.808129.t.10,449.p.31046,Mason Rudolph,QB,0.0
14,449.l.808129.t.10,449.p.30426,Younghoe Koo,K,7.0
14,449.l.808129.t.10,449.p.100022,Cardinals,DEF,-1.0
14,449.l.808129.t.10,449.p.100008,Lions,DEF,2.0
14,449.l.808129.t.7,449.p.40533,Tommy DeVito,QB,0.0
14,449.l.808129.t.7,449.p.27535,Mike Evans,WR,8.9
14,449.l.808129.t.7,449.p.33965,Garrett Wilson,WR,14.9
14,449.l.808129.t.7,449.p.30972,Saquon Barkley,RB,14.4
14,449.l.808129.t.7,449.p.30180,Alvin Kamara,RB,10.4
14,449.l.808129.t.7,449.p.40878,Brock Bowers,TE,6.7
14,449.l.808129.t.7,449.p.33967,Jameson Williams,WR,10.5
14,449.l.808129.t.7,449.p.33348,Nick Westbrook-Ikhine,WR,2.4
14,449.l.808129.t.7,449.p.33538,Kenneth Gainwell,RB,4.3
14,449.l.808129.t.7,449.p.40881,Drake Maye,QB,0.0
14,449.l.808129.t.7,449.p.40896,Jayden Daniels,QB,0.0
14,449.l.808129.t.7,449.p.26658,Zach Ertz,TE,0.0
14,449.l.808129.t.7,449.p.34107,Tyler Allgeier,RB,12.3
14,449.l.808129.t.7,449.p.34044,Jalen Tolbert,WR,0.0
14,449.l.808129.t.7,449.p.30266,Jake Elliott,K,2.0
14,449.l.808129.t.7,449.p.100021,Eagles,DEF,4.0
14,449.l.808129.t.13,449.p.33399,Justin Fields,QB,0.0
14,449.l.808129.t.13,449.p.33393,Ja'Marr Chase,WR,38.1
14,449.l.808129.t.13,449.p.32727,Van Jefferson,WR,7.5
14,449.l.808129.t.13,449.p.31905,David Montgomery,RB,16.9
14,449.l.808129.t.13,449.p.31005,Nick Chubb,RB,4.8
14,449.l.808129.t.13,449.p.30259,George Kittle,TE,18.1
14,449.l.808129.t.13,449.p.33394,Jaylen Waddle,WR,16.4
14,449.l.808129.t.13,449.p.33550,Noah Gray,TE,4.6
14,449.l.808129.t.13,449.p.34007,George Pickens,WR,0.0
14,449.l.808129.t.13,449.p.33389,Trevor Lawrence,QB,0.0
14,449.l.808129.t.13,449.p.34088,Romeo Doubs,WR,0.0
14,449.l.808129.t.13,449.p.40875,Bo Nix,QB,0.0
14,449.l.808129.t.13,449.p.29279,Derrick Henry,RB,0.0
14,449.l.808129.t.13,449.p.34008,Alec Pierce,WR,0.0
14,449.l.808129.t.13,449.p.27120,Brandon McManus,K,7.0
14,449.l.808129.t.13,449.p.100004,Bengals,DEF,8.0
14,449.l.808129.t.4,449.p.30123,Patrick Mahomes,QB,14.1
14,449.l.808129.t.4,449.p.27277,Adam Thielen,WR,14.7
14,449.l.808129.t.4,449.p.32843,Darnell Mooney,WR,17.2
14,449.l.808129.t.4,449.p.33100,Rico Dowdle,RB,14.6
14,449.l.808129.t.4,449.p.30199,Kareem Hunt,RB,3.4
14,449.l.808129.t.4,449.p.30136,Evan Engram,TE,5.3
14,449.l.808129.t.4,449.p.33422,Elijah Moore,WR,4.9
14,449.l.808129.t.4,449.p.30788,Cooper Rush,QB,14.82
14,449.l.808129.t.4,449.p.33991,Breece Hall,RB,0.0
14,449.l.808129.t.4,449.p.40093,Cedric Tillman,WR,0.0
14,449.l.808129.t.4,449.p.31144,Marquez Valdes-Scantling,WR,7.1
14,449.l.808129.t.4,449.p.41052,Kimani Vidal,RB,3.4
14,449.l.808129.t.4,449.p.33235,Patrick Taylor Jr.,RB,8.5
14,449.l.808129.t.4,449.p.34551,Sincere McCormick,RB,9.9
14,449.l.808129.t.4,449.p.40835,Jake Bates,K,11.0
14,449.l.808129.t.4,449.p.100012,Chiefs,DEF,4.0
14,449.l.808129.t.11,449.p.32676,Justin Herbert,QB,13.72
14,449.l.808129.t.11,449.p.31868,Deebo Samuel,WR,4.5
14,449.l.808129.t.11,449.p.40063,Jayden Reed,WR,0.0
14,449.l.808129.t.11,449.p.40998,Isaac Guerendo,RB,25.8
14,449.l.808129.t.11,449.p.40075,Zach Charbonnet,RB,34.8
14,449.l.808129.t.11,449.p.34010,Trey McBride,TE,10.5
14,449.l.808129.t.11,449.p.40901,Rome Odunze,WR,18.2
14,449.l.808129.t.11,449.p.31874,Drew Lock,QB,15.98
14,449.l.808129.t.11,449.p.32705,D'Andre Swift,RB,4.5
14,449.l.808129.t.11,449.p.40962,Blake Corum,RB,3.4
14,449.l.808129.t.11,449.p.33477,Nico Collins,WR,0.0
14,449.l.808129.t.11,449.p.33966,Chris Olave,WR,0.0
14,449.l.808129.t.11,449.p.28839,Taylor Heinicke,QB,1.2
14,449.l.808129.t.11,449.p.41093,Will Reichard,K,6.0
14,449.l.808129.t.11,449.p.100027,Buccaneers,DEF,10.0
14,449.l.808129.t.11,449.p.100018,Saints,DEF,10.0
14,449.l.808129.t.12,449.p.31833,Kyler Murray,QB,19.96
14,449.l.808129.t.12,449.p.32703,Tee Higgins,WR,3.3
14,449.l.808129.t.12,449.p.32003,Darius Slayton,WR,3.7
14,449.l.808129.t.12,449.p.34120,Kyren Williams,RB,22.7
14,449.l.808129.t.12,449.p.31906,Devin Singletary,RB,0.8
14,449.l.808129.t.12,449.p.33443,Pat Freiermuth,TE,12.3
14,449.l.808129.t.12,449.p.33113,Juwan Johnson,TE,13.0
14,449.l.808129.t.12,449.p.27564,Derek Carr,QB,12.96
14,449.l.808129.t.12,449.p.40048,Dalton Kincaid,TE,0.0
14,449.l.808129.t.12,449.p.34054,Brian Robinson Jr.,RB,0.0
14,449.l.808129.t.12,449.p.31010,Courtland Sutton,WR,0.0
14,449.l.808129.t.12,449.p.40039,Zay Flowers,WR,0.0
14,449.l.808129.t.12,449.p.32711,Jonathan Taylor,RB,0.0
14,449.l.808129.t.12,449.p.41043,Spencer Rattler,QB,0.0
14,449.l.808129.t.12,449.p.32417,Chase McLaughlin,K,4.0
14,449.l.808129.t.12,449.p.100024,Chargers,DEF,4.0
14,449.l.808129.t.6,449.p.32696,Jordan Love,QB,14.54
14,449.l.808129.t.6,449.p.31883,A.J. Brown,WR,6.3
14,449.l.808129.t.6,449.p.32231,Jakobi Meyers,WR,10.2
14,449.l.808129.t.6,449.p.40993,Bucky Irving,RB,2.3
14,449.l.808129.t.6,449.p.40980,Ray Davis,RB,0.0
14,449.l.808129.t.6,449.p.31056,Mark Andrews,TE,0.0
14,449.l.808129.t.6,449.p.29399,Tyreek Hill,WR,23.1
14,449.l.808129.t.6,449.p.28389,Jameis Winston,QB,17.28
14,449.l.808129.t.6,449.p.28654,Raheem Mostert,RB,0.0
14,449.l.808129.t.6,449.p.33998,Wan'Dale Robinson,WR,5.8
14,449.l.808129.t.6,449.p.33403,Mac Jones,QB,7.1
14,449.l.808129.t.6,449.p.34095,Isaiah Likely,TE,0.0
14,449.l.808129.t.6,449.p.34042,Malik Willis,QB,0.0
14,449.l.808129.t.6,449.p.40195,Dorian Thompson-Robinson,QB,0.0
14,449.l.808129.t.6,449.p.40296,Blake Grupe,K,2.0
14,449.l.808129.t.6,449.p.100006,Cowboys,DEF,4.0
14,449.l.808129.t.9,449.p.34218,Brock Purdy,QB,22.1
14,449.l.808129.t.9,449.p.40899,Malik Nabers,WR,12.4
14,449.l.808129.t.9,449.p.32887,Jauan Jennings,WR,24.5
14,449.l.808129.t.9,449.p.33514,Chuba Hubbard,RB,18.7
14,449.l.808129.t.9,449.p.41031,Isaiah Davis,RB,14.2
14,449.l.808129.t.9,449.p.26686,Travis Kelce,TE,7.0
14,449.l.808129.t.9,449.p.26699,Keenan Allen,WR,4.5
14,449.l.808129.t.9,449.p.34062,Cade Otton,TE,8.5
14,449.l.808129.t.9,449.p.32756,Zack Moss,RB,0.0
14,449.l.808129.t.9,449.p.30121,Christian McCaffrey,RB,0.0
14,449.l.808129.t.9,449.p.40126,Josh Downs,WR,0.0
14,449.l.808129.t.9,449.p.30614,Taysom Hill,"QB,TE",0.0
14,449.l.808129.t.9,449.p.30248,Joshua Dobbs,QB,0.0
14,449.l.808129.t.9,449.p.28188,Chris Boswell,K,11.0
14,449.l.808129.t.9,449.p.9526,Graham Gano,K,4.0
14,449.l.808129.t.9,449.p.100025,49ers,DEF,13.0
14,449.l.808129.t.14,449.p.32723,Jalen Hurts,QB,24.22
14,449.l.808129.t.14,449.p.33963,Drake London,WR,9.5
14,449.l.808129.t.14,449.p.33398,DeVonta Smith,WR,11.7
14,449.l.808129.t.14,449.p.34447,Jaylen Warren,RB,8.2
14,449.l.808129.t.14,449.p.30295,Aaron Jones Sr.,RB,15.4
14,449.l.808129.t.14,449.p.40064,Sam LaPorta,TE,7.9
14,449.l.808129.t.14,449.p.40201,Dontayvion Wicks,WR,6.9
14,449.l.808129.t.14,449.p.40981,Braelon Allen,RB,10.1
14,449.l.808129.t.14,449.p.40877,Xavier Worthy,WR,7.1
14,449.l.808129.t.14,449.p.40097,Tank Dell,WR,0.0
14,449.l.808129.t.14,449.p.40162,Roschon Johnson,RB,0.0
14,449.l.808129.t.14,449.p.40958,Trey Benson,RB,2.4
14,449.l.808129.t.14,449.p.33975,Kenny Pickett,QB,0.0
14,449.l.808129.t.14,449.p.34344,Cameron Dicker,K,5.0
14,449.l.808129.t.14,449.p.100015,Dolphins,DEF,3.0
14,449.l.808129.t.14,449.p.100007,Broncos,DEF,0.0
14,449.l.808129.t.3,449.p.25812,Kirk Cousins,QB,11.76
14,449.l.808129.t.3,449.p.40168,Puka Nacua,WR,35.8
14,449.l.808129.t.3,449.p.40908,Ladd McConkey,WR,0.0
14,449.l.808129.t.3,449.p.28442,Ameer Abdullah,RB,0.3
14,449.l.808129.t.3,449.p.40926,Jonathon Brooks,RB,-0.3
14,449.l.808129.t.3,449.p.30142,David Njoku,TE,13.7
14,449.l.808129.t.3,449.p.26650,DeAndre Hopkins,WR,11.2
14,449.l.808129.t.3,449.p.27581,Davante Adams,WR,21.4
14,449.l.808129.t.3,449.p.33423,Javonte Williams,RB,0.0
14,449.l.808129.t.3,449.p.40030,C.J. Stroud,QB,0.0
14,449.l.808129.t.3,449.p.32736,Antonio Gibson,RB,0.0
14,449.l.808129.t.3,449.p.41010,Jaylen Wright,RB,2.3
14,449.l.808129.t.3,449.p.40696,Jaleel McLaughlin,RB,0.0
14,449.l.808129.t.3,449.p.40108,Kendre Miller,RB,9.2
14,449.l.808129.t.3,449.p.32858,Tyler Bass,K,6.0
14,449.l.808129.t.3,449.p.100001,Falcons,DEF,0.0
14,449.l.808129.t.16,449.p.33391,Trey Lance,QB,0.0
14,449.l.808129.t.16,449.p.32687,CeeDee Lamb,WR,18.4
14,449.l.808129.t.16,449.p.40893,Marvin Harrison Jr.,WR,6.9
14,449.l.808129.t.16,449.p.31424,Gus Edwards,RB,9.6
14,449.l.808129.t.16,449.p.31934,Alexander Mattison,RB,0.0
14,449.l.808129.t.16,449.p.34085,Jake Ferguson,TE,4.7
14,449.l.808129.t.16,449.p.27548,Brandin Cooks,WR,6.8
14,449.l.808129.t.16,449.p.40061,Luke Schoonmaker,TE,3.2
14,449.l.808129.t.16,449.p.31945,Justice Hill,RB,0.0
14,449.l.808129.t.16,449.p.32704,Michael Pittman Jr.,WR,0.0
14,449.l.808129.t.16,449.p.40040,Anthony Richardson Sr.,QB,0.0
14,449.l.808129.t.16,449.p.31002,Lamar Jackson,QB,0.0
14,449.l.808129.t.16,449.p.32725,J.K. Dobbins,RB,0.0
14,449.l.808129.t.16,449.p.8795,Joe Flacco,QB,0.0
14,449.l.808129.t.16,449.p.41081,Joshua Karty,K,8.0
14,449.l.808129.t.16,449.p.100030,Jaguars,DEF,10.0
15,449.l.808129.t.5,449.p.29235,Jared Goff,QB,41.06
15,449.l.808129.t.5,449.p.40890,Xavier Legette,WR,1.9
15,449.l.808129.t.5,449.p.40883,Brian Thomas Jr.,WR,27.5
15,449.l.808129.t.5,449.p.40055,Bijan Robinson,RB,14.0
15,449.l.808129.t.5,449.p.40196,Chase Brown,RB,24.8
15,449.l.808129.t.5,449.p.31852,Noah Fant,TE,3.0
15,449.l.808129.t.5,449.p.31960,Tony Pollard,RB,8.5
15,449.l.808129.t.5,449.p.30977,Josh Allen,QB,41.28
15,449.l.808129.t.5,449.p.40995,Ja'Tavion Sanders,TE,0.0
15,449.l.808129.t.5,449.p.40051,Quentin Johnston,WR,13.0
15,449.l.808129.t.5,449.p.33508,Rhamondre Stevenson,RB,9.0
15,449.l.808129.t.5,449.p.33465,Joshua Palmer,WR,2.0
15,449.l.808129.t.5,449.p.24822,Andy Dalton,QB,0.0
15,449.l.808129.t.5,449.p.40222,DeMario Douglas,WR,8.6
15,449.l.808129.t.5,449.p.31199,Jason Sanders,K,8.0
15,449.l.808129.t.5,449.p.100016,Vikings,DEF,8.0
15,449.l.808129.t.8,449.p.32675,Tua Tagovailoa,QB,6.84
15,449.l.808129.t.8,449.p.30996,Calvin Ridley,WR,7.5
15,449.l.808129.t.8,449.p.32685,Jerry Jeudy,WR,16.3
15,449.l.808129.t.8,449.p.31856,Josh Jacobs,RB,19.6
15,449.l.808129.t.8,449.p.34047,Rachaad White,RB,13.1
15,449.l.808129.t.8,449.p.30213,Jonnu Smith,TE,15.3
15,449.l.808129.t.8,449.p.40041,Jaxon Smith-Njigba,WR,13.3
15,449.l.808129.t.8,449.p.25785,Russell Wilson,QB,8.42
15,449.l.808129.t.8,449.p.40119,Tyjae Spears,RB,24.2
15,449.l.808129.t.8,449.p.40095,Tank Bigsby,RB,4.2
15,449.l.808129.t.8,449.p.40911,Keon Coleman,WR,6.9
15,449.l.808129.t.8,449.p.40029,Bryce Young,QB,13.96
15,449.l.808129.t.8,449.p.40889,Michael Penix Jr.,QB,0.0
15,449.l.808129.t.8,449.p.34094,Calvin Austin III,WR,9.0
15,449.l.808129.t.8,449.p.26534,Justin Tucker,K,5.0
15,449.l.808129.t.8,449.p.100009,Packers,DEF,15.0
15,449.l.808129.t.1,449.p.30971,Baker Mayfield,QB,29.02
15,449.l.808129.t.1,449.p.31896,DK Metcalf,WR,4.3
15,449.l.808129.t.1,449.p.34104,Khalil Shakir,WR,12.9
15,449.l.808129.t.1,449.p.40059,Jahmyr Gibbs,RB,25.9
15,449.l.808129.t.1,449.p.40118,De'Von Achane,RB,11.1
15,449.l.808129.t.1,449.p.31840,T.J. Hockenson,TE,7.7
15,449.l.808129.t.1,449.p.33413,Travis Etienne Jr.,RB,10.5
15,449.l.808129.t.1,449.p.7200,Aaron Rodgers,QB,30.06
15,449.l.808129.t.1,449.p.33989,Christian Watson,WR,7.1
15,449.l.808129.t.1,449.p.40102,Tucker Kraft,TE,4.4
15,449.l.808129.t.1,449.p.24967,Tyrod Taylor,QB,0.0
15,449.l.808129.t.1,449.p.29274,Sterling Shepard,WR,2.1
15,449.l.808129.t.1,449.p.30511,Tim Patrick,WR,11.0
15,449.l.808129.t.1,449.p.28457,Tyler Lockett,WR,2.7
15,449.l.808129.t.1,449.p.31977,Matt Gay,K,8.0
15,449.l.808129.t.1,449.p.100034,Texans,DEF,15.0
15,449.l.808129.t.15,449.p.9265,Matthew Stafford,QB,8.2
15,449.l.808129.t.15,449.p.28392,Amari Cooper,WR,0.0
15,449.l.808129.t.15,449.p.31908,Terry McLaurin,WR,22.8
15,449.l.808129.t.15,449.p.33412,Najee Harris,RB,2.6
15,449.l.808129.t.15,449.p.30218,James Conner,RB,28.3
15,449.l.808129.t.15,449.p.33392,Kyle Pitts Sr.,TE,4.8
15,449.l.808129.t.15,449.p.30161,Joe Mixon,RB,8.1
15,449.l.808129.t.15,449.p.40900,Caleb Williams,QB,9.94
15,449.l.808129.t.15,449.p.40121,Michael Wilson,WR,1.9
15,449.l.808129.t.15,449.p.31157,Ray-Ray McCloud,WR,1.9
15,449.l.808129.t.15,449.p.40114,Tre Tucker,WR,2.8
15,449.l.808129.t.15,449.p.29315,Austin Hooper,TE,5.3
15,449.l.808129.t.15,449.p.27590,Jimmy Garoppolo,QB,0.0
15,449.l.808129.t.15,449.p.40138,Aidan O'Connell,QB,0.0
15,449.l.808129.t.15,449.p.40819,Brandon Aubrey,K,16.0
15,449.l.808129.t.15,449.p.100023,Steelers,DEF,7.0
15,449.l.808129.t.2,449.p.32671,Joe Burrow,QB,18.84
15,449.l.808129.t.2,449.p.32692,Justin Jefferson,WR,16.8
15,449.l.808129.t.2,449.p.40042,Jordan Addison,WR,9.8
15,449.l.808129.t.2,449.p.34019,James Cook III,RB,25.8
15,449.l.808129.t.2,449.p.34112,Jerome Ford,RB,17.4
15,449.l.808129.t.2,449.p.31107,Dalton Schultz,TE,2.3
15,449.l.808129.t.2,449.p.33415,Rashod Bateman,WR,21.5
15,449.l.808129.t.2,449.p.26662,Geno Smith,QB,5.46
15,449.l.808129.t.2,449.p.34030,Desmond Ridder,QB,13.12
15,449.l.808129.t.2,449.p.33996,Kenneth Walker III,RB,0.0
15,449.l.808129.t.2,449.p.29360,Demarcus Robinson,WR,0.0
15,449.l.808129.t.2,449.p.31012,Mike Gesicki,TE,5.2
15,449.l.808129.t.2,449.p.32018,Ty Johnson,RB,14.8
15,449.l.808129.t.2,449.p.29792,Ka'imi Fairbairn,K,9.0
15,449.l.808129.t.2,449.p.40129,Jake Moody,K,9.0
15,449.l.808129.t.2,449.p.100026,Seahawks,DEF,1.0
15,449.l.808129.t.10,449.p.30973,Sam Darnold,QB,12.24
15,449.l.808129.t.10,449.p.33500,Amon-Ra St. Brown,WR,30.3
15,449.l.808129.t.10,449.p.30182,Cooper Kupp,WR,0.0
15,449.l.808129.t.10,449.p.41048,Tyrone Tracy Jr.,RB,4.0
15,449.l.808129.t.10,449.p.34207,Isiah Pacheco,RB,5.2
15,449.l.808129.t.10,449.p.29269,Hunter Henry,TE,4.5
15,449.l.808129.t.10,449.p.30994,DJ Moore,WR,11.0
15,449.l.808129.t.10,449.p.40068,Will Levis,QB,-1.44
15,449.l.808129.t.10,449.p.32713,Cole Kmet,TE,1.9
15,449.l.808129.t.10,449.p.32722,Cam Akers,RB,8.4
15,449.l.808129.t.10,449.p.28390,Marcus Mariota,QB,0.0
15,449.l.808129.t.10,449.p.30275,Jeremy McNichols,RB,0.9
15,449.l.808129.t.10,449.p.31046,Mason Rudolph,QB,16.76
15,449.l.808129.t.10,449.p.30426,Younghoe Koo,K,9.0
15,449.l.808129.t.10,449.p.100028,Commanders,DEF,6.0
15,449.l.808129.t.10,449.p.100008,Lions,DEF,-4.0
15,449.l.808129.t.7,449.p.40896,Jayden Daniels,QB,23.64
15,449.l.808129.t.7,449.p.27535,Mike Evans,WR,32.4
15,449.l.808129.t.7,449.p.33965,Garrett Wilson,WR,13.1
15,449.l.808129.t.7,449.p.30972,Saquon Barkley,RB,8.4
15,449.l.808129.t.7,449.p.30180,Alvin Kamara,RB,15.0
15,449.l.808129.t.7,449.p.40878,Brock Bowers,TE,5.0
15,449.l.808129.t.7,449.p.33967,Jameson Williams,WR,11.2
15,449.l.808129.t.7,449.p.40881,Drake Maye,QB,18.48
15,449.l.808129.t.7,449.p.33348,Nick Westbrook-Ikhine,WR,1.9
15,449.l.808129.t.7,449.p.40533,Tommy DeVito,QB,2.72
15,449.l.808129.t.7,449.p.33538,Kenneth Gainwell,RB,7.5
15,449.l.808129.t.7,449.p.26658,Zach Ertz,TE,3.5
15,449.l.808129.t.7,449.p.34107,Tyler Allgeier,RB,4.3
15,449.l.808129.t.7,449.p.30346,Harrison Butker,K,3.0
15,449.l.808129.t.7,449.p.30266,Jake Elliott,K,10.0
15,449.l.808129.t.7,449.p.100021,Eagles,DEF,8.0
15,449.l.808129.t.13,449.p.40875,Bo Nix,QB,16.5
15,449.l.808129.t.13,449.p.33393,Ja'Marr Chase,WR,13.9
15,449.l.808129.t.13,449.p.33394,Jaylen Waddle,WR,0.0
15,449.l.808129.t.13,449.p.31905,David Montgomery,RB,5.5
15,449.l.808129.t.13,449.p.29279,Derrick Henry,RB,6.7
15,449.l.808129.t.13,449.p.30259,George Kittle,TE,8.1
15,449.l.808129.t.13,449.p.34088,Romeo Doubs,WR,17.5
15,449.l.808129.t.13,449.p.31005,Nick Chubb,RB,2.1
15,449.l.808129.t.13,449.p.34008,Alec Pierce,WR,0.0
15,449.l.808129.t.13,449.p.34007,George Pickens,WR,0.0
15,449.l.808129.t.13,449.p.33550,Noah Gray,TE,9.1
15,449.l.808129.t.13,449.p.32727,Van Jefferson,WR,0.5
15,449.l.808129.t.13,449.p.33399,Justin Fields,QB,0.8
15,449.l.808129.t.13,449.p.33389,Trevor Lawrence,QB,0.0
15,449.l.808129.t.13,449.p.27120,Brandon McManus,K,12.0
15,449.l.808129.t.13,449.p.100033,Ravens,DEF,6.0
15,449.l.808129.t.4,449.p.30123,Patrick Mahomes,QB,15.76
15,449.l.808129.t.4,449.p.27277,Adam Thielen,WR,7.6
15,449.l.808129.t.4,449.p.32843,Darnell Mooney,WR,0.0
15,449.l.808129.t.4,449.p.33100,Rico Dowdle,RB,14.9
15,449.l.808129.t.4,449.p.34551,Sincere McCormick,RB,3.5
15,449.l.808129.t.4,449.p.34637,Stone Smartt,TE,5.5
15,449.l.808129.t.4,449.p.33991,Breece Hall,RB,12.1
15,449.l.808129.t.4,449.p.30788,Cooper Rush,QB,19.06
15,449.l.808129.t.4,449.p.30136,Evan Engram,TE,0.0
15,449.l.808129.t.4,449.p.30199,Kareem Hunt,RB,5.4
15,449.l.808129.t.4,449.p.40093,Cedric Tillman,WR,0.0
15,449.l.808129.t.4,449.p.41052,Kimani Vidal,RB,3.2
15,449.l.808129.t.4,449.p.33235,Patrick Taylor Jr.,RB,0.0
15,449.l.808129.t.4,449.p.40835,Jake Bates,K,6.0
15,449.l.808129.t.4,449.p.100012,Chiefs,DEF,21.0
15,449.l.808129.t.4,449.p.100022,Cardinals,DEF,5.0
15,449.l.808129.t.11,449.p.32676,Justin Herbert,QB,14.8
15,449.l.808129.t.11,449.p.31868,Deebo Samuel,WR,3.4
15,449.l.808129.t.11,449.p.40063,Jayden Reed,WR,8.6
15,449.l.808129.t.11,449.p.40998,Isaac Guerendo,RB,9.5
15,449.l.808129.t.11,449.p.40075,Zach Charbonnet,RB,13.1
15,449.l.808129.t.11,449.p.34010,Trey McBride,TE,13.2
15,449.l.808129.t.11,449.p.33477,Nico Collins,WR,15.7
15,449.l.808129.t.11,449.p.40901,Rome Odunze,WR,4.9
15,449.l.808129.t.11,449.p.32705,D'Andre Swift,RB,9.4
15,449.l.808129.t.11,449.p.31874,Drew Lock,QB,0.0
15,449.l.808129.t.11,449.p.40962,Blake Corum,RB,3.0
15,449.l.808129.t.11,449.p.33966,Chris Olave,WR,0.0
15,449.l.808129.t.11,449.p.28839,Taylor Heinicke,QB,0.16
15,449.l.808129.t.11,449.p.41093,Will Reichard,K,15.0
15,449.l.808129.t.11,449.p.100020,Jets,DEF,6.0
15,449.l.808129.t.11,449.p.100027,Buccaneers,DEF,8.0
15,449.l.808129.t.12,449.p.31833,Kyler Murray,QB,10.06
15,449.l.808129.t.12,449.p.32703,Tee Higgins,WR,17.3
15,449.l.808129.t.12,449.p.31010,Courtland Sutton,WR,10.7
15,449.l.808129.t.12,449.p.34120,Kyren Williams,RB,12.2
15,449.l.808129.t.12,449.p.32711,Jonathan Taylor,RB,9.6
15,449.l.808129.t.12,449.p.33443,Pat Freiermuth,TE,9.7
15,449.l.808129.t.12,449.p.40039,Zay Flowers,WR,8.3
15,449.l.808129.t.12,449.p.34054,Brian Robinson Jr.,RB,10.2
15,449.l.808129.t.12,449.p.33113,Juwan Johnson,TE,2.2
15,449.l.808129.t.12,449.p.27564,Derek Carr,QB,0.0
15,449.l.808129.t.12,449.p.31906,Devin Singletary,RB,11.6
15,449.l.808129.t.12,449.p.40048,Dalton Kincaid,TE,7.3
15,449.l.808129.t.12,449.p.41043,Spencer Rattler,QB,9.4
15,449.l.808129.t.12,449.p.41097,Devaughn Vele,WR,0.0
15,449.l.808129.t.12,449.p.32417,Chase McLaughlin,K,18.0
15,449.l.808129.t.12,449.p.100024,Chargers,DEF,1.0
15,449.l.808129.t.6,449.p.32696,Jordan Love,QB,17.56
15,449.l.808129.t.6,449.p.31883,A.J. Brown,WR,21.0
15,449.l.808129.t.6,449.p.32231,Jakobi Meyers,WR,8.4
15,449.l.808129.t.6,449.p.40993,Bucky Irving,RB,12.3
15,449.l.808129.t.6,449.p.40980,Ray Davis,RB,9.9
15,449.l.808129.t.6,449.p.31056,Mark Andrews,TE,9.4
15,449.l.808129.t.6,449.p.29399,Tyreek Hill,WR,4.6
15,449.l.808129.t.6,449.p.28389,Jameis Winston,QB,2.64
15,449.l.808129.t.6,449.p.28654,Raheem Mostert,RB,3.6
15,449.l.808129.t.6,449.p.33998,Wan'Dale Robinson,WR,5.8
15,449.l.808129.t.6,449.p.33403,Mac Jones,QB,20.66
15,449.l.808129.t.6,449.p.34095,Isaiah Likely,TE,2.7
15,449.l.808129.t.6,449.p.34042,Malik Willis,QB,0.0
15,449.l.808129.t.6,449.p.40195,Dorian Thompson-Robinson,QB,1.32
15,449.l.808129.t.6,449.p.40296,Blake Grupe,K,10.0
15,449.l.808129.t.6,449.p.100006,Cowboys,DEF,15.0
15,449.l.808129.t.9,449.p.34218,Brock Purdy,QB,4.98
15,449.l.808129.t.9,449.p.40899,Malik Nabers,WR,19.2
15,449.l.808129.t.9,449.p.32887,Jauan Jennings,WR,4.1
15,449.l.808129.t.9,449.p.33514,Chuba Hubbard,RB,6.9
15,449.l.808129.t.9,449.p.41031,Isaiah Davis,RB,3.1
15,449.l.808129.t.9,449.p.26686,Travis Kelce,TE,4.7
15,449.l.808129.t.9,449.p.26699,Keenan Allen,WR,17.2
15,449.l.808129.t.9,449.p.40126,Josh Downs,WR,4.7
15,449.l.808129.t.9,449.p.34062,Cade Otton,TE,3.4
15,449.l.808129.t.9,449.p.32756,Zack Moss,RB,0.0
15,449.l.808129.t.9,449.p.30121,Christian McCaffrey,RB,0.0
15,449.l.808129.t.9,449.p.30614,Taysom Hill,"QB,TE",0.0
15,449.l.808129.t.9,449.p.30248,Joshua Dobbs,QB,0.0
15,449.l.808129.t.9,449.p.28188,Chris Boswell,K,8.0
15,449.l.808129.t.9,449.p.9526,Graham Gano,K,2.0
15,449.l.808129.t.9,449.p.100025,49ers,DEF,4.0
15,449.l.808129.t.14,449.p.32723,Jalen Hurts,QB,28.1
15,449.l.808129.t.14,449.p.33963,Drake London,WR,12.8
15,449.l.808129.t.14,449.p.40097,Tank Dell,WR,5.1
15,449.l.808129.t.14,449.p.34447,Jaylen Warren,RB,2.0
15,449.l.808129.t.14,449.p.30295,Aaron Jones Sr.,RB,17.6
15,449.l.808129.t.14,449.p.40064,Sam LaPorta,TE,14.6
15,449.l.808129.t.14,449.p.40877,Xavier Worthy,WR,16.6
15,449.l.808129.t.14,449.p.40144,Jake Haener,QB,1.66
15,449.l.808129.t.14,449.p.33398,DeVonta Smith,WR,22.5
15,449.l.808129.t.14,449.p.40981,Braelon Allen,RB,0.5
15,449.l.808129.t.14,449.p.40201,Dontayvion Wicks,WR,2.4
15,449.l.808129.t.14,449.p.40162,Roschon Johnson,RB,0.0
15,449.l.808129.t.14,449.p.40958,Trey Benson,RB,2.2
15,449.l.808129.t.14,449.p.34344,Cameron Dicker,K,6.0
15,449.l.808129.t.14,449.p.100007,Broncos,DEF,20.0
15,449.l.808129.t.14,449.p.100015,Dolphins,DEF,7.0
15,449.l.808129.t.3,449.p.40030,C.J. Stroud,QB,11.64
15,449.l.808129.t.3,449.p.40168,Puka Nacua,WR,14.3
15,449.l.808129.t.3,449.p.27581,Davante Adams,WR,38.3
15,449.l.808129.t.3,449.p.40108,Kendre Miller,RB,4.6
15,449.l.808129.t.3,449.p.33423,Javonte Williams,RB,3.3
15,449.l.808129.t.3,449.p.34154,Grant Calcaterra,TE,2.7
15,449.l.808129.t.3,449.p.40908,Ladd McConkey,WR,14.3
15,449.l.808129.t.3,449.p.25812,Kirk Cousins,QB,7.48
15,449.l.808129.t.3,449.p.30142,David Njoku,TE,0.0
15,449.l.808129.t.3,449.p.26650,DeAndre Hopkins,WR,6.1
15,449.l.808129.t.3,449.p.28442,Ameer Abdullah,RB,16.1
15,449.l.808129.t.3,449.p.32736,Antonio Gibson,RB,7.4
15,449.l.808129.t.3,449.p.41010,Jaylen Wright,RB,0.3
15,449.l.808129.t.3,449.p.40696,Jaleel McLaughlin,RB,4.9
15,449.l.808129.t.3,449.p.32858,Tyler Bass,K,15.0
15,449.l.808129.t.3,449.p.100001,Falcons,DEF,20.0
15,449.l.808129.t.16,449.p.31002,Lamar Jackson,QB,36.1
15,449.l.808129.t.16,449.p.32687,CeeDee Lamb,WR,22.1
15,449.l.808129.t.16,449.p.40893,Marvin Harrison Jr.,WR,4.2
15,449.l.808129.t.16,449.p.31424,Gus Edwards,RB,2.3
15,449.l.808129.t.16,449.p.31945,Justice Hill,RB,15.3
15,449.l.808129.t.16,449.p.34085,Jake Ferguson,TE,3.3
15,449.l.808129.t.16,449.p.32704,Michael Pittman Jr.,WR,6.8
15,449.l.808129.t.16,449.p.40040,Anthony Richardson Sr.,QB,15.88
15,449.l.808129.t.16,449.p.31934,Alexander Mattison,RB,1.4
15,449.l.808129.t.16,449.p.27548,Brandin Cooks,WR,4.9
15,449.l.808129.t.16,449.p.33391,Trey Lance,QB,0.0
15,449.l.808129.t.16,449.p.32725,J.K. Dobbins,RB,0.0
15,449.l.808129.t.16,449.p.8795,Joe Flacco,QB,0.0
15,449.l.808129.t.16,449.p.31857,Hollywood Brown,WR,0.0
15,449.l.808129.t.16,449.p.41081,Joshua Karty,K,13.0
15,449.l.808129.t.16,449.p.100030,Jaguars,DEF,0.0
16,449.l.808129.t.5,449.p.30977,Josh Allen,QB,12.16
16,449.l.808129.t.5,449.p.40883,Brian Thomas Jr.,WR,23.7
16,449.l.808129.t.5,449.p.40051,Quentin Johnston,WR,3.3
16,449.l.808129.t.5,449.p.40055,Bijan Robinson,RB,23.3
16,449.l.808129.t.5,449.p.40196,Chase Brown,RB,12.4
16,449.l.808129.t.5,449.p.40078,Brenton Strange,TE,1.2
16,449.l.808129.t.5,449.p.31960,Tony Pollard,RB,7.0
16,449.l.808129.t.5,449.p.29235,Jared Goff,QB,25.34
16,449.l.808129.t.5,449.p.31852,Noah Fant,TE,6.5
16,449.l.808129.t.5,449.p.40890,Xavier Legette,WR,0.0
16,449.l.808129.t.5,449.p.33508,Rhamondre Stevenson,RB,11.8
16,449.l.808129.t.5,449.p.33465,Joshua Palmer,WR,7.6
16,449.l.808129.t.5,449.p.24822,Andy Dalton,QB,0.0
16,449.l.808129.t.5,449.p.40222,DeMario Douglas,WR,5.9
16,449.l.808129.t.5,449.p.31199,Jason Sanders,K,21.0
16,449.l.808129.t.5,449.p.100016,Vikings,DEF,6.0
16,449.l.808129.t.8,449.p.32675,Tua Tagovailoa,QB,12.5
16,449.l.808129.t.8,449.p.30996,Calvin Ridley,WR,15.3
16,449.l.808129.t.8,449.p.32685,Jerry Jeudy,WR,3.0
16,449.l.808129.t.8,449.p.31856,Josh Jacobs,RB,18.7
16,449.l.808129.t.8,449.p.34047,Rachaad White,RB,7.5
16,449.l.808129.t.8,449.p.30213,Jonnu Smith,TE,9.2
16,449.l.808129.t.8,449.p.40041,Jaxon Smith-Njigba,WR,20.0
16,449.l.808129.t.8,449.p.25785,Russell Wilson,QB,16.38
16,449.l.808129.t.8,449.p.40119,Tyjae Spears,RB,20.1
16,449.l.808129.t.8,449.p.40095,Tank Bigsby,RB,9.6
16,449.l.808129.t.8,449.p.40911,Keon Coleman,WR,2.2
16,449.l.808129.t.8,449.p.40029,Bryce Young,QB,27.12
16,449.l.808129.t.8,449.p.40889,Michael Penix Jr.,QB,7.38
16,449.l.808129.t.8,449.p.34094,Calvin Austin III,WR,8.5
16,449.l.808129.t.8,449.p.41062,Cam Little,K,2.0
16,449.l.808129.t.8,449.p.100009,Packers,DEF,17.0
16,449.l.808129.t.1,449.p.30971,Baker Mayfield,QB,23.32
16,449.l.808129.t.1,449.p.31896,DK Metcalf,WR,13.2
16,449.l.808129.t.1,449.p.34104,Khalil Shakir,WR,3.2
16,449.l.808129.t.1,449.p.40059,Jahmyr Gibbs,RB,23.4
16,449.l.808129.t.1,449.p.40118,De'Von Achane,RB,28.0
16,449.l.808129.t.1,449.p.31840,T.J. Hockenson,TE,3.7
16,449.l.808129.t.1,449.p.33413,Travis Etienne Jr.,RB,4.7
16,449.l.808129.t.1,449.p.7200,Aaron Rodgers,QB,12.84
16,449.l.808129.t.1,449.p.33989,Christian Watson,WR,2.3
16,449.l.808129.t.1,449.p.40102,Tucker Kraft,TE,8.0
16,449.l.808129.t.1,449.p.24967,Tyrod Taylor,QB,0.0
16,449.l.808129.t.1,449.p.29274,Sterling Shepard,WR,3.9
16,449.l.808129.t.1,449.p.30511,Tim Patrick,WR,0.0
16,449.l.808129.t.1,449.p.34100,Sam Howell,QB,0.0
16,449.l.808129.t.1,449.p.31977,Matt Gay,K,8.0
16,449.l.808129.t.1,449.p.100034,Texans,DEF,1.0
16,449.l.808129.t.15,449.p.9265,Matthew Stafford,QB,7.0
16,449.l.808129.t.15,449.p.31908,Terry McLaurin,WR,14.5
16,449.l.808129.t.15,449.p.28392,Amari Cooper,WR,1.5
16,449.l.808129.t.15,449.p.33412,Najee Harris,RB,4.2
16,449.l.808129.t.15,449.p.30218,James Conner,RB,24.6
16,449.l.808129.t.15,449.p.33392,Kyle Pitts Sr.,TE,1.2
16,449.l.808129.t.15,449.p.30161,Joe Mixon,RB,7.6
16,449.l.808129.t.15,449.p.40900,Caleb Williams,QB,22.76
16,449.l.808129.t.15,449.p.40093,Cedric Tillman,WR,0.0
16,449.l.808129.t.15,449.p.31157,Ray-Ray McCloud,WR,4.2
16,449.l.808129.t.15,449.p.40114,Tre Tucker,WR,4.3
16,449.l.808129.t.15,449.p.29315,Austin Hooper,TE,7.5
16,449.l.808129.t.15,449.p.27590,Jimmy Garoppolo,QB,0.0
16,449.l.808129.t.15,449.p.40138,Aidan O'Connell,QB,11.48
16,449.l.808129.t.15,449.p.40819,Brandon Aubrey,K,21.0
16,449.l.808129.t.15,449.p.100023,Steelers,DEF,2.0
16,449.l.808129.t.2,449.p.32671,Joe Burrow,QB,21.98
16,449.l.808129.t.2,449.p.32692,Justin Jefferson,WR,31.4
16,449.l.808129.t.2,449.p.40042,Jordan Addison,WR,12.0
16,449.l.808129.t.2,449.p.34019,James Cook III,RB,26.1
16,449.l.808129.t.2,449.p.34112,Jerome Ford,RB,21.6
16,449.l.808129.t.2,449.p.31107,Dalton Schultz,TE,13.0
16,449.l.808129.t.2,449.p.33415,Rashod Bateman,WR,7.9
16,449.l.808129.t.2,449.p.26662,Geno Smith,QB,23.36
16,449.l.808129.t.2,449.p.34030,Desmond Ridder,QB,0.0
16,449.l.808129.t.2,449.p.33996,Kenneth Walker III,RB,9.9
16,449.l.808129.t.2,449.p.29360,Demarcus Robinson,WR,0.0
16,449.l.808129.t.2,449.p.31012,Mike Gesicki,TE,2.4
16,449.l.808129.t.2,449.p.32018,Ty Johnson,RB,3.0
16,449.l.808129.t.2,449.p.29792,Ka'imi Fairbairn,K,7.0
16,449.l.808129.t.2,449.p.40129,Jake Moody,K,5.0
16,449.l.808129.t.2,449.p.100026,Seahawks,DEF,3.0
16,449.l.808129.t.10,449.p.30973,Sam Darnold,QB,22.94
16,449.l.808129.t.10,449.p.33500,Amon-Ra St. Brown,WR,16.0
16,449.l.808129.t.10,449.p.30182,Cooper Kupp,WR,3.9
16,449.l.808129.t.10,449.p.41048,Tyrone Tracy Jr.,RB,14.9
16,449.l.808129.t.10,449.p.34207,Isiah Pacheco,RB,3.0
16,449.l.808129.t.10,449.p.29269,Hunter Henry,TE,11.9
16,449.l.808129.t.10,449.p.30994,DJ Moore,WR,10.5
16,449.l.808129.t.10,449.p.31046,Mason Rudolph,QB,17.38
16,449.l.808129.t.10,449.p.40068,Will Levis,QB,0.0
16,449.l.808129.t.10,449.p.32713,Cole Kmet,TE,7.9
16,449.l.808129.t.10,449.p.32722,Cam Akers,RB,0.3
16,449.l.808129.t.10,449.p.28390,Marcus Mariota,QB,0.0
16,449.l.808129.t.10,449.p.30275,Jeremy McNichols,RB,5.8
16,449.l.808129.t.10,449.p.30426,Younghoe Koo,K,0.0
16,449.l.808129.t.10,449.p.100028,Commanders,DEF,7.0
16,449.l.808129.t.10,449.p.100008,Lions,DEF,7.0
16,449.l.808129.t.7,449.p.40896,Jayden Daniels,QB,36.42
16,449.l.808129.t.7,449.p.27535,Mike Evans,WR,9.4
16,449.l.808129.t.7,449.p.33965,Garrett Wilson,WR,8.4
16,449.l.808129.t.7,449.p.30972,Saquon Barkley,RB,27.0
16,449.l.808129.t.7,449.p.34107,Tyler Allgeier,RB,3.6
16,449.l.808129.t.7,449.p.40878,Brock Bowers,TE,15.4
16,449.l.808129.t.7,449.p.33967,Jameson Williams,WR,23.5
16,449.l.808129.t.7,449.p.40881,Drake Maye,QB,18.44
16,449.l.808129.t.7,449.p.30180,Alvin Kamara,RB,0.0
16,449.l.808129.t.7,449.p.33348,Nick Westbrook-Ikhine,WR,8.7
16,449.l.808129.t.7,449.p.40533,Tommy DeVito,QB,0.0
16,449.l.808129.t.7,449.p.33538,Kenneth Gainwell,RB,1.8
16,449.l.808129.t.7,449.p.26658,Zach Ertz,TE,1.7
16,449.l.808129.t.7,449.p.30346,Harrison Butker,K,10.0
16,449.l.808129.t.7,449.p.30266,Jake Elliott,K,19.0
16,449.l.808129.t.7,449.p.100021,Eagles,DEF,7.0
16,449.l.808129.t.13,449.p.40875,Bo Nix,QB,21.02
16,449.l.808129.t.13,449.p.33393,Ja'Marr Chase,WR,19.4
16,449.l.808129.t.13,449.p.33394,Jaylen Waddle,WR,0.0
16,449.l.808129.t.13,449.p.29279,Derrick Henry,RB,19.9
16,449.l.808129.t.13,449.p.30259,George Kittle,TE,14.6
16,449.l.808129.t.13,449.p.34088,Romeo Doubs,WR,3.0
16,449.l.808129.t.13,449.p.34007,George Pickens,WR,0.0
16,449.l.808129.t.13,449.p.31005,Nick Chubb,RB,0.0
16,449.l.808129.t.13,449.p.31905,David Montgomery,RB,0.0
16,449.l.808129.t.13,449.p.34008,Alec Pierce,WR,0.0
16,449.l.808129.t.13,449.p.33550,Noah Gray,TE,1.5
16,449.l.808129.t.13,449.p.32727,Van Jefferson,WR,3.7
16,449.l.808129.t.13,449.p.33399,Justin Fields,QB,0.0
16,449.l.808129.t.13,449.p.33389,Trevor Lawrence,QB,0.0
16,449.l.808129.t.13,449.p.27120,Brandon McManus,K,13.0
16,449.l.808129.t.13,449.p.100033,Ravens,DEF,14.0
16,449.l.808129.t.4,449.p.30123,Patrick Mahomes,QB,23.7
16,449.l.808129.t.4,449.p.27277,Adam Thielen,WR,12.8
16,449.l.808129.t.4,449.p.40954,Jalen McMillan,WR,14.2
16,449.l.808129.t.4,449.p.33100,Rico Dowdle,RB,6.6
16,449.l.808129.t.4,449.p.33991,Breece Hall,RB,11.5
16,449.l.808129.t.4,449.p.34099,Chig Okonkwo,TE,14.6
16,449.l.808129.t.4,449.p.30199,Kareem Hunt,RB,14.9
16,449.l.808129.t.4,449.p.30788,Cooper Rush,QB,15.28
16,449.l.808129.t.4,449.p.32843,Darnell Mooney,WR,10.7
16,449.l.808129.t.4,449.p.41052,Kimani Vidal,RB,2.4
16,449.l.808129.t.4,449.p.33235,Patrick Taylor Jr.,RB,3.0
16,449.l.808129.t.4,449.p.29236,Carson Wentz,QB,0.0
16,449.l.808129.t.4,449.p.31090,Will Dissly,TE,0.0
16,449.l.808129.t.4,449.p.40835,Jake Bates,K,10.0
16,449.l.808129.t.4,449.p.100011,Colts,DEF,6.0
16,449.l.808129.t.4,449.p.100022,Cardinals,DEF,-1.0
16,449.l.808129.t.11,449.p.32676,Justin Herbert,QB,23.16
16,449.l.808129.t.11,449.p.31868,Deebo Samuel,WR,21.6
16,449.l.808129.t.11,449.p.40063,Jayden Reed,WR,9.6
16,449.l.808129.t.11,449.p.32705,D'Andre Swift,RB,6.8
16,449.l.808129.t.11,449.p.40075,Zach Charbonnet,RB,2.3
16,449.l.808129.t.11,449.p.34010,Trey McBride,TE,3.5
16,449.l.808129.t.11,449.p.33477,Nico Collins,WR,9.5
16,449.l.808129.t.11,449.p.31874,Drew Lock,QB,8.5
16,449.l.808129.t.11,449.p.40998,Isaac Guerendo,RB,0.0
16,449.l.808129.t.11,449.p.40901,Rome Odunze,WR,7.7
16,449.l.808129.t.11,449.p.40962,Blake Corum,RB,1.4
16,449.l.808129.t.11,449.p.33966,Chris Olave,WR,0.0
16,449.l.808129.t.11,449.p.28839,Taylor Heinicke,QB,0.0
16,449.l.808129.t.11,449.p.41093,Will Reichard,K,12.0
16,449.l.808129.t.11,449.p.100027,Buccaneers,DEF,1.0
16,449.l.808129.t.11,449.p.100018,Saints,DEF,-1.0
16,449.l.808129.t.12,449.p.31833,Kyler Murray,QB,21.38
16,449.l.808129.t.12,449.p.32703,Tee Higgins,WR,15.8
16,449.l.808129.t.12,449.p.31010,Courtland Sutton,WR,7.5
16,449.l.808129.t.12,449.p.34120,Kyren Williams,RB,19.4
16,449.l.808129.t.12,449.p.32711,Jonathan Taylor,RB,39.8
16,449.l.808129.t.12,449.p.40048,Dalton Kincaid,TE,3.5
16,449.l.808129.t.12,449.p.34054,Brian Robinson Jr.,RB,1.1
16,449.l.808129.t.12,449.p.41043,Spencer Rattler,QB,5.92
16,449.l.808129.t.12,449.p.40039,Zay Flowers,WR,12.8
16,449.l.808129.t.12,449.p.33443,Pat Freiermuth,TE,3.1
16,449.l.808129.t.12,449.p.33113,Juwan Johnson,TE,3.7
16,449.l.808129.t.12,449.p.27564,Derek Carr,QB,0.0
16,449.l.808129.t.12,449.p.30247,Jamaal Williams,RB,0.8
16,449.l.808129.t.12,449.p.32417,Chase McLaughlin,K,7.0
16,449.l.808129.t.12,449.p.100002,Bills,DEF,14.0
16,449.l.808129.t.12,449.p.100024,Chargers,DEF,2.0
16,449.l.808129.t.6,449.p.32696,Jordan Love,QB,11.48
16,449.l.808129.t.6,449.p.31883,A.J. Brown,WR,19.7
16,449.l.808129.t.6,449.p.32231,Jakobi Meyers,WR,5.1
16,449.l.808129.t.6,449.p.40993,Bucky Irving,RB,16.7
16,449.l.808129.t.6,449.p.40980,Ray Davis,RB,3.4
16,449.l.808129.t.6,449.p.31056,Mark Andrews,TE,11.8
16,449.l.808129.t.6,449.p.29399,Tyreek Hill,WR,10.4
16,449.l.808129.t.6,449.p.28389,Jameis Winston,QB,0.0
16,449.l.808129.t.6,449.p.28654,Raheem Mostert,RB,5.6
16,449.l.808129.t.6,449.p.33998,Wan'Dale Robinson,WR,9.7
16,449.l.808129.t.6,449.p.33403,Mac Jones,QB,13.88
16,449.l.808129.t.6,449.p.34095,Isaiah Likely,TE,10.4
16,449.l.808129.t.6,449.p.34042,Malik Willis,QB,1.16
16,449.l.808129.t.6,449.p.40195,Dorian Thompson-Robinson,QB,9.18
16,449.l.808129.t.6,449.p.40296,Blake Grupe,K,0.0
16,449.l.808129.t.6,449.p.100006,Cowboys,DEF,8.0
16,449.l.808129.t.9,449.p.34218,Brock Purdy,QB,22.12
16,449.l.808129.t.9,449.p.40899,Malik Nabers,WR,10.3
16,449.l.808129.t.9,449.p.32887,Jauan Jennings,WR,7.1
16,449.l.808129.t.9,449.p.33514,Chuba Hubbard,RB,30.5
16,449.l.808129.t.9,449.p.41031,Isaiah Davis,RB,1.2
16,449.l.808129.t.9,449.p.26686,Travis Kelce,TE,5.5
16,449.l.808129.t.9,449.p.26699,Keenan Allen,WR,24.6
16,449.l.808129.t.9,449.p.40126,Josh Downs,WR,13.6
16,449.l.808129.t.9,449.p.34062,Cade Otton,TE,0.0
16,449.l.808129.t.9,449.p.32756,Zack Moss,RB,0.0
16,449.l.808129.t.9,449.p.30121,Christian McCaffrey,RB,0.0
16,449.l.808129.t.9,449.p.30614,Taysom Hill,"QB,TE",0.0
16,449.l.808129.t.9,449.p.30248,Joshua Dobbs,QB,0.0
16,449.l.808129.t.9,449.p.28188,Chris Boswell,K,7.0
16,449.l.808129.t.9,449.p.9526,Graham Gano,K,1.0
16,449.l.808129.t.9,449.p.100025,49ers,DEF,-1.0
16,449.l.808129.t.14,449.p.32723,Jalen Hurts,QB,4.54
16,449.l.808129.t.14,449.p.33963,Drake London,WR,8.4
16,449.l.808129.t.14,449.p.40097,Tank Dell,WR,18.8
16,449.l.808129.t.14,449.p.34447,Jaylen Warren,RB,11.7
16,449.l.808129.t.14,449.p.30295,Aaron Jones Sr.,RB,10.8
16,449.l.808129.t.14,449.p.40064,Sam LaPorta,TE,12.3
16,449.l.808129.t.14,449.p.40877,Xavier Worthy,WR,17.0
16,449.l.808129.t.14,449.p.40144,Jake Haener,QB,0.0
16,449.l.808129.t.14,449.p.33398,DeVonta Smith,WR,8.1
16,449.l.808129.t.14,449.p.40981,Braelon Allen,RB,1.5
16,449.l.808129.t.14,449.p.40201,Dontayvion Wicks,WR,8.8
16,449.l.808129.t.14,449.p.40162,Roschon Johnson,RB,0.3
16,449.l.808129.t.14,449.p.40958,Trey Benson,RB,0.0
16,449.l.808129.t.14,449.p.34344,Cameron Dicker,K,10.0
16,449.l.808129.t.14,449.p.100007,Broncos,DEF,3.0
16,449.l.808129.t.14,449.p.100015,Dolphins,DEF,6.0
16,449.l.808129.t.3,449.p.40030,C.J. Stroud,QB,18.06
16,449.l.808129.t.3,449.p.40168,Puka Nacua,WR,9.6
16,449.l.808129.t.3,449.p.27581,Davante Adams,WR,16.3
16,449.l.808129.t.3,449.p.40108,Kendre Miller,RB,4.1
16,449.l.808129.t.3,449.p.33423,Javonte Williams,RB,8.8
16,449.l.808129.t.3,449.p.30142,David Njoku,TE,10.6
16,449.l.808129.t.3,449.p.40908,Ladd McConkey,WR,11.7
16,449.l.808129.t.3,449.p.26650,DeAndre Hopkins,WR,5.7
16,449.l.808129.t.3,449.p.34154,Grant Calcaterra,TE,0.0
16,449.l.808129.t.3,449.p.25812,Kirk Cousins,QB,0.0
16,449.l.808129.t.3,449.p.28442,Ameer Abdullah,RB,17.0
16,449.l.808129.t.3,449.p.32736,Antonio Gibson,RB,4.6
16,449.l.808129.t.3,449.p.41010,Jaylen Wright,RB,0.0
16,449.l.808129.t.3,449.p.40696,Jaleel McLaughlin,RB,0.0
16,449.l.808129.t.3,449.p.32858,Tyler Bass,K,8.0
16,449.l.808129.t.3,449.p.100001,Falcons,DEF,25.0
16,449.l.808129.t.16,449.p.31002,Lamar Jackson,QB,21.48
16,449.l.808129.t.16,449.p.32687,CeeDee Lamb,WR,14.0
16,449.l.808129.t.16,449.p.40893,Marvin Harrison Jr.,WR,5.9
16,449.l.808129.t.16,449.p.31424,Gus Edwards,RB,19.6
16,449.l.808129.t.16,449.p.31945,Justice Hill,RB,3.0
16,449.l.808129.t.16,449.p.34085,Jake Ferguson,TE,7.0
16,449.l.808129.t.16,449.p.32704,Michael Pittman Jr.,WR,2.9
16,449.l.808129.t.16,449.p.40040,Anthony Richardson Sr.,QB,21.24
16,449.l.808129.t.16,449.p.31934,Alexander Mattison,RB,13.6
16,449.l.808129.t.16,449.p.27548,Brandin Cooks,WR,6.3
16,449.l.808129.t.16,449.p.33391,Trey Lance,QB,0.0
16,449.l.808129.t.16,449.p.32725,J.K. Dobbins,RB,0.0
16,449.l.808129.t.16,449.p.8795,Joe Flacco,QB,0.0
16,449.l.808129.t.16,449.p.31857,Hollywood Brown,WR,7.0
16,449.l.808129.t.16,449.p.41081,Joshua Karty,K,8.0
16,449.l.808129.t.16,449.p.100030,Jaguars,DEF,3.0
