week,team_key,player_key,player_name,display_position,points
1,414.l.921976.t.5,414.p.32676,Justin Herbert,QB,23.26
1,414.l.921976.t.5,414.p.30120,Mike Williams,WR,2.0
1,414.l.921976.t.5,414.p.32695,Brandon Aiyuk,WR,5.7
1,414.l.921976.t.5,414.p.30180,Alvin Kamara,RB,6.1
1,414.l.921976.t.5,414.p.32732,A.J. Dillon,RB,17.6
1,414.l.921976.t.5,414.p.32713,Cole Kmet,TE,0.0
1,414.l.921976.t.5,414.p.33408,Kadarius Toney,WR,2.3
1,414.l.921976.t.5,414.p.30123,Patrick Mahomes,QB,34.9
1,414.l.921976.t.5,414.p.31960,Tony Pollard,RB,3.2
1,414.l.921976.t.5,414.p.31934,Alexander Mattison,RB,3.6
1,414.l.921976.t.5,414.p.34107,Tyler Allgeier,RB,0.0
1,414.l.921976.t.5,414.p.28442,Ameer Abdullah,RB,0.0
1,414.l.921976.t.5,414.p.31164,Russell Gage Jr.,WR,2.3
1,414.l.921976.t.5,414.p.31001,Sony Michel,RB,1.2
1,414.l.921976.t.5,414.p.31538,Greg Joseph,K,13.0
1,414.l.921976.t.5,414.p.100018,Saints,DEF,6.0
1,414.l.921976.t.13,414.p.32671,Joe Burrow,QB,22.22
1,414.l.921976.t.13,414.p.33394,Jaylen Waddle,WR,15.7
1,414.l.921976.t.13,414.p.32843,Darnell Mooney,WR,1.3
1,414.l.921976.t.13,414.p.30117,Leonard Fournette,RB,14.7
1,414.l.921976.t.13,414.p.26652,Cordarrelle Patterson,RB,21.1
1,414.l.921976.t.13,414.p.31012,Mike Gesicki,TE,0.6
1,414.l.921976.t.13,414.p.33398,DeVonta Smith,WR,0.0
1,414.l.921976.t.13,414.p.32675,Tua Tagovailoa,QB,14.8
1,414.l.921976.t.13,414.p.31981,Hunter Renfrow,WR,3.6
1,414.l.921976.t.13,414.p.33991,Breece Hall,RB,7.1
1,414.l.921976.t.13,414.p.34063,Dameon Pierce,RB,4.4
1,414.l.921976.t.13,414.p.34007,George Pickens,WR,0.8
1,414.l.921976.t.13,414.p.26650,DeAndre Hopkins,WR,0.0
1,414.l.921976.t.13,414.p.30125,Deshaun Watson,QB,0.0
1,414.l.921976.t.13,414.p.33211,Rodrigo Blankenship,K,9.0
1,414.l.921976.t.13,414.p.100014,Rams,DEF,9.0
1,414.l.921976.t.6,414.p.31833,Kyler Murray,QB,20.62
1,414.l.921976.t.6,414.p.32685,Jerry Jeudy,WR,18.2
1,414.l.921976.t.6,414.p.27535,Mike Evans,WR,15.6
1,414.l.921976.t.6,414.p.32705,D'Andre Swift,RB,25.0
1,414.l.921976.t.6,414.p.31885,Miles Sanders,RB,17.5
1,414.l.921976.t.6,414.p.29315,Austin Hooper,TE,1.1
1,414.l.921976.t.6,414.p.31856,Josh Jacobs,RB,7.8
1,414.l.921976.t.6,414.p.33399,Justin Fields,QB,14.64
1,414.l.921976.t.6,414.p.30995,Hayden Hurst,TE,7.1
1,414.l.921976.t.6,414.p.25876,Marvin Jones Jr.,WR,5.8
1,414.l.921976.t.6,414.p.31171,Boston Scott,RB,7.0
1,414.l.921976.t.6,414.p.32716,KJ Hamler,WR,0.0
1,414.l.921976.t.6,414.p.32870,Quez Watkins,WR,0.0
1,414.l.921976.t.6,414.p.33998,Wan'Dale Robinson,WR,1.0
1,414.l.921976.t.6,414.p.26534,Justin Tucker,K,6.0
1,414.l.921976.t.6,414.p.100021,Eagles,DEF,5.0
1,414.l.921976.t.16,414.p.32723,Jalen Hurts,QB,24.72
1,414.l.921976.t.16,414.p.27581,Davante Adams,WR,25.1
1,414.l.921976.t.16,414.p.31898,Diontae Johnson,WR,9.0
1,414.l.921976.t.16,414.p.30199,Kareem Hunt,RB,21.0
1,414.l.921976.t.16,414.p.31104,Chase Edmonds,RB,8.5
1,414.l.921976.t.16,414.p.26686,Travis Kelce,TE,22.1
1,414.l.921976.t.16,414.p.31144,Marquez Valdes-Scantling,WR,6.1
1,414.l.921976.t.16,414.p.25718,Ryan Tannehill,QB,19.34
1,414.l.921976.t.16,414.p.29650,J.D. McKissic,RB,6.3
1,414.l.921976.t.16,414.p.31852,Noah Fant,TE,3.1
1,414.l.921976.t.16,414.p.32892,Eno Benjamin,RB,7.6
1,414.l.921976.t.16,414.p.33971,Jahan Dotson,WR,16.5
1,414.l.921976.t.16,414.p.32066,Myles Gaskin,RB,0.0
1,414.l.921976.t.16,414.p.32010,Gardner Minshew,QB,0.0
1,414.l.921976.t.16,414.p.7520,Robbie Gould,K,4.0
1,414.l.921976.t.16,414.p.100007,Broncos,DEF,5.0
1,414.l.921976.t.8,414.p.27564,Derek Carr,QB,16.8
1,414.l.921976.t.8,414.p.29288,Tyler Boyd,WR,11.3
1,414.l.921976.t.8,414.p.31017,Christian Kirk,WR,14.7
1,414.l.921976.t.8,414.p.32722,Cam Akers,RB,0.0
1,414.l.921976.t.8,414.p.29238,Ezekiel Elliott,RB,5.4
1,414.l.921976.t.8,414.p.31056,Mark Andrews,TE,7.7
1,414.l.921976.t.8,414.p.33500,Amon-Ra St. Brown,WR,16.4
1,414.l.921976.t.8,414.p.31906,Devin Singletary,RB,7.2
1,414.l.921976.t.8,414.p.31874,Drew Lock,QB,0.0
1,414.l.921976.t.8,414.p.34019,James Cook III,RB,-1.8
1,414.l.921976.t.8,414.p.30157,Gerald Everett,TE,12.9
1,414.l.921976.t.8,414.p.33437,Rondale Moore,WR,0.0
1,414.l.921976.t.8,414.p.32846,K.J. Osborn,WR,2.9
1,414.l.921976.t.8,414.p.30551,Kendrick Bourne,WR,4.6
1,414.l.921976.t.8,414.p.31977,Matt Gay,K,6.0
1,414.l.921976.t.8,414.p.100015,Dolphins,DEF,18.0
1,414.l.921976.t.7,414.p.31002,Lamar Jackson,QB,21.22
1,414.l.921976.t.7,414.p.32703,Tee Higgins,WR,3.7
1,414.l.921976.t.7,414.p.27548,Brandin Cooks,WR,11.7
1,414.l.921976.t.7,414.p.30972,Saquon Barkley,RB,30.4
1,414.l.921976.t.7,414.p.31905,David Montgomery,RB,6.5
1,414.l.921976.t.7,414.p.33443,Pat Freiermuth,TE,10.0
1,414.l.921976.t.7,414.p.31031,DJ Chark,WR,13.2
1,414.l.921976.t.7,414.p.7200,Aaron Rodgers,QB,4.7
1,414.l.921976.t.7,414.p.33973,Treylon Burks,WR,7.0
1,414.l.921976.t.7,414.p.29344,Tyler Higbee,TE,6.4
1,414.l.921976.t.7,414.p.33455,Davis Mills,QB,15.5
1,414.l.921976.t.7,414.p.33605,Khalil Herbert,RB,10.8
1,414.l.921976.t.7,414.p.27624,Jerick McKinnon,RB,6.4
1,414.l.921976.t.7,414.p.29307,Kenyan Drake,RB,5.1
1,414.l.921976.t.7,414.p.8565,Matt Prater,K,1.0
1,414.l.921976.t.7,414.p.100024,Chargers,DEF,13.0
1,414.l.921976.t.1,414.p.33391,Trey Lance,QB,10.96
1,414.l.921976.t.1,414.p.27589,Allen Robinson,WR,1.7
1,414.l.921976.t.1,414.p.30197,Chris Godwin Jr.,WR,5.0
1,414.l.921976.t.1,414.p.31005,Nick Chubb,RB,14.8
1,414.l.921976.t.1,414.p.29279,Derrick Henry,RB,8.2
1,414.l.921976.t.1,414.p.32788,Albert Okwuegbunam Jr.,TE,5.8
1,414.l.921976.t.1,414.p.33415,Rashod Bateman,WR,12.9
1,414.l.921976.t.1,414.p.29236,Carson Wentz,QB,29.72
1,414.l.921976.t.1,414.p.32719,Chase Claypool,WR,7.4
1,414.l.921976.t.1,414.p.31268,Allen Lazard,WR,0.0
1,414.l.921976.t.1,414.p.33403,Mac Jones,QB,9.52
1,414.l.921976.t.1,414.p.31888,Mecole Hardman Jr.,WR,9.1
1,414.l.921976.t.1,414.p.30247,Jamaal Williams,RB,15.5
1,414.l.921976.t.1,414.p.33966,Chris Olave,WR,7.6
1,414.l.921976.t.1,414.p.27120,Brandon McManus,K,11.0
1,414.l.921976.t.1,414.p.100002,Bills,DEF,17.0
1,414.l.921976.t.9,414.p.8795,Joe Flacco,QB,15.36
1,414.l.921976.t.9,414.p.29399,Tyreek Hill,WR,14.0
1,414.l.921976.t.9,414.p.28457,Tyler Lockett,WR,4.3
1,414.l.921976.t.9,414.p.30295,Aaron Jones Sr.,RB,9.1
1,414.l.921976.t.9,414.p.26813,Rex Burkhead,RB,9.5
1,414.l.921976.t.9,414.p.30112,Mo Alie-Cox,TE,3.6
1,414.l.921976.t.9,414.p.29785,Robbie Chosen,WR,18.7
1,414.l.921976.t.9,414.p.30971,Baker Mayfield,QB,19.0
1,414.l.921976.t.9,414.p.33538,Kenneth Gainwell,RB,10.2
1,414.l.921976.t.9,414.p.33390,Zach Wilson,QB,0.0
1,414.l.921976.t.9,414.p.31457,Dontrell Hilliard,RB,20.4
1,414.l.921976.t.9,414.p.28408,Nelson Agholor,WR,2.3
1,414.l.921976.t.9,414.p.32608,D'Ernest Johnson,RB,0.0
1,414.l.921976.t.9,414.p.31424,Gus Edwards,RB,0.0
1,414.l.921976.t.9,414.p.26800,Dustin Hopkins,K,7.0
1,414.l.921976.t.9,414.p.100004,Bengals,DEF,2.0
1,414.l.921976.t.2,414.p.29369,Dak Prescott,QB,5.46
1,414.l.921976.t.2,414.p.28534,Stefon Diggs,WR,22.2
1,414.l.921976.t.2,414.p.31896,DK Metcalf,WR,5.1
1,414.l.921976.t.2,414.p.33412,Najee Harris,RB,9.6
1,414.l.921976.t.2,414.p.28403,Melvin Gordon III,RB,6.2
1,414.l.921976.t.2,414.p.26658,Zach Ertz,TE,10.4
1,414.l.921976.t.2,414.p.33963,Drake London,WR,9.9
1,414.l.921976.t.2,414.p.25812,Kirk Cousins,QB,19.08
1,414.l.921976.t.2,414.p.31902,Darrell Henderson Jr.,RB,9.8
1,414.l.921976.t.2,414.p.34054,Brian Robinson Jr.,RB,0.0
1,414.l.921976.t.2,414.p.26662,Geno Smith,QB,17.2
1,414.l.921976.t.2,414.p.30285,Isaiah McKenzie,WR,8.9
1,414.l.921976.t.2,414.p.31394,Jeff Wilson Jr.,RB,4.0
1,414.l.921976.t.2,414.p.30136,Evan Engram,TE,4.8
1,414.l.921976.t.2,414.p.29754,Wil Lutz,K,10.0
1,414.l.921976.t.2,414.p.100011,Colts,DEF,6.0
1,414.l.921976.t.11,414.p.25785,Russell Wilson,QB,17.8
1,414.l.921976.t.11,414.p.31908,Terry McLaurin,WR,12.8
1,414.l.921976.t.11,414.p.31857,Hollywood Brown,WR,12.3
1,414.l.921976.t.11,414.p.32711,Jonathan Taylor,RB,25.5
1,414.l.921976.t.11,414.p.33413,Travis Etienne Jr.,RB,7.5
1,414.l.921976.t.11,414.p.31107,Dalton Schultz,TE,9.7
1,414.l.921976.t.11,414.p.29281,Michael Thomas,WR,20.2
1,414.l.921976.t.11,414.p.8780,Matt Ryan,QB,16.28
1,414.l.921976.t.11,414.p.30997,Rashaad Penny,RB,7.7
1,414.l.921976.t.11,414.p.24793,Julio Jones,WR,10.1
1,414.l.921976.t.11,414.p.31882,Irv Smith Jr.,TE,0.0
1,414.l.921976.t.11,414.p.33477,Nico Collins,WR,3.6
1,414.l.921976.t.11,414.p.30202,D'Onta Foreman,RB,0.5
1,414.l.921976.t.11,414.p.30150,Zay Jones,WR,9.5
1,414.l.921976.t.11,414.p.31137,Daniel Carlson,K,9.0
1,414.l.921976.t.11,414.p.100025,49ers,DEF,5.0
1,414.l.921976.t.3,414.p.9265,Matthew Stafford,QB,10.8
1,414.l.921976.t.3,414.p.30182,Cooper Kupp,WR,25.3
1,414.l.921976.t.3,414.p.32704,Michael Pittman Jr.,WR,22.6
1,414.l.921976.t.3,414.p.30218,James Conner,RB,14.0
1,414.l.921976.t.3,414.p.33423,Javonte Williams,RB,14.3
1,414.l.921976.t.3,414.p.33392,Kyle Pitts Sr.,TE,2.9
1,414.l.921976.t.3,414.p.30994,DJ Moore,WR,6.5
1,414.l.921976.t.3,414.p.28389,Jameis Winston,QB,21.66
1,414.l.921976.t.3,414.p.27532,Sammy Watkins,WR,3.3
1,414.l.921976.t.3,414.p.28402,DeVante Parker,WR,1.4
1,414.l.921976.t.3,414.p.34207,Isiah Pacheco,RB,12.2
1,414.l.921976.t.3,414.p.32762,Devin Duvernay,WR,19.4
1,414.l.921976.t.3,414.p.31803,John Wolford,QB,0.0
1,414.l.921976.t.3,414.p.28115,Damien Williams,RB,0.2
1,414.l.921976.t.3,414.p.30346,Harrison Butker,K,9.0
1,414.l.921976.t.3,414.p.100033,Ravens,DEF,11.0
1,414.l.921976.t.14,414.p.30115,Mitchell Trubisky,QB,12.66
1,414.l.921976.t.14,414.p.26699,Keenan Allen,WR,8.6
1,414.l.921976.t.14,414.p.27277,Adam Thielen,WR,5.1
1,414.l.921976.t.14,414.p.30121,Christian McCaffrey,RB,13.7
1,414.l.921976.t.14,414.p.30154,Dalvin Cook,RB,12.3
1,414.l.921976.t.14,414.p.31840,T.J. Hockenson,TE,5.8
1,414.l.921976.t.14,414.p.31919,Damien Harris,RB,6.8
1,414.l.921976.t.14,414.p.28392,Amari Cooper,WR,3.2
1,414.l.921976.t.14,414.p.29269,Hunter Henry,TE,3.0
1,414.l.921976.t.14,414.p.34079,Isaiah Spiller,RB,0.0
1,414.l.921976.t.14,414.p.31074,Nyheim Miller-Hines,RB,8.4
1,414.l.921976.t.14,414.p.26664,Robert Woods,WR,1.8
1,414.l.921976.t.14,414.p.24851,Randall Cobb,WR,2.4
1,414.l.921976.t.14,414.p.32858,Tyler Bass,K,8.0
1,414.l.921976.t.14,414.p.100028,Commanders,DEF,4.0
1,414.l.921976.t.14,414.p.100009,Packers,DEF,1.0
1,414.l.921976.t.12,414.p.30977,Josh Allen,QB,33.48
1,414.l.921976.t.12,414.p.31868,Deebo Samuel,WR,11.6
1,414.l.921976.t.12,414.p.27591,Jarvis Landry,WR,14.9
1,414.l.921976.t.12,414.p.30423,Austin Ekeler,RB,9.2
1,414.l.921976.t.12,414.p.28654,Raheem Mostert,RB,3.7
1,414.l.921976.t.12,414.p.31019,Dallas Goedert,TE,7.5
1,414.l.921976.t.12,414.p.24815,Mark Ingram II,RB,0.8
1,414.l.921976.t.12,414.p.30118,Corey Davis,WR,10.7
1,414.l.921976.t.12,414.p.31051,Michael Gallup,WR,0.0
1,414.l.921976.t.12,414.p.24822,Andy Dalton,QB,0.0
1,414.l.921976.t.12,414.p.28267,Cameron Brate,TE,1.2
1,414.l.921976.t.12,414.p.24967,Tyrod Taylor,QB,0.0
1,414.l.921976.t.12,414.p.27648,Logan Thomas,TE,6.0
1,414.l.921976.t.12,414.p.33967,Jameson Williams,WR,0.0
1,414.l.921976.t.12,414.p.9526,Graham Gano,K,1.0
1,414.l.921976.t.12,414.p.100010,Titans,DEF,9.0
1,414.l.921976.t.4,414.p.29235,Jared Goff,QB,16.5
1,414.l.921976.t.4,414.p.32687,CeeDee Lamb,WR,3.9
1,414.l.921976.t.4,414.p.30175,JuJu Smith-Schuster,WR,8.9
1,414.l.921976.t.4,414.p.30161,Joe Mixon,RB,18.0
1,414.l.921976.t.4,414.p.32036,Travis Homer,RB,0.2
1,414.l.921976.t.4,414.p.28592,Darren Waller,TE,9.9
1,414.l.921976.t.4,414.p.33465,Joshua Palmer,WR,2.4
1,414.l.921976.t.4,414.p.28390,Marcus Mariota,QB,19.8
1,414.l.921976.t.4,414.p.32725,J.K. Dobbins,RB,0.0
1,414.l.921976.t.4,414.p.33996,Kenneth Walker III,RB,0.0
1,414.l.921976.t.4,414.p.33975,Kenny Pickett,QB,0.0
1,414.l.921976.t.4,414.p.30227,Samaje Perine,RB,5.2
1,414.l.921976.t.4,414.p.34088,Romeo Doubs,WR,6.8
1,414.l.921976.t.4,414.p.34078,Zamir White,RB,0.0
1,414.l.921976.t.4,414.p.9520,Ryan Succop,K,15.0
1,414.l.921976.t.4,414.p.100006,Cowboys,DEF,5.0
1,414.l.921976.t.15,414.p.5228,Tom Brady,QB,11.38
1,414.l.921976.t.15,414.p.31010,Courtland Sutton,WR,9.2
1,414.l.921976.t.15,414.p.31883,A.J. Brown,WR,20.5
1,414.l.921976.t.15,414.p.32736,Antonio Gibson,RB,16.5
1,414.l.921976.t.15,414.p.33582,Elijah Mitchell,RB,4.1
1,414.l.921976.t.15,414.p.31928,Dawson Knox,TE,1.0
1,414.l.921976.t.15,414.p.32798,Gabe Davis,WR,16.8
1,414.l.921976.t.15,414.p.33389,Trevor Lawrence,QB,14.4
1,414.l.921976.t.15,414.p.31838,Daniel Jones,QB,17.02
1,414.l.921976.t.15,414.p.33508,Rhamondre Stevenson,RB,3.7
1,414.l.921976.t.15,414.p.33138,James Robinson,RB,19.4
1,414.l.921976.t.15,414.p.30142,David Njoku,TE,1.2
1,414.l.921976.t.15,414.p.32231,Jakobi Meyers,WR,8.2
1,414.l.921976.t.15,414.p.24797,Blaine Gabbert,QB,0.0
1,414.l.921976.t.15,414.p.33537,Evan McPherson,K,8.0
1,414.l.921976.t.15,414.p.100027,Buccaneers,DEF,14.0
1,414.l.921976.t.10,414.p.29325,Jacoby Brissett,QB,10.88
1,414.l.921976.t.10,414.p.32692,Justin Jefferson,WR,34.9
1,414.l.921976.t.10,414.p.33393,Ja'Marr Chase,WR,23.9
1,414.l.921976.t.10,414.p.33495,Michael Carter,RB,13.5
1,414.l.921976.t.10,414.p.32702,Clyde Edwards-Helaire,RB,20.9
1,414.l.921976.t.10,414.p.30777,Robert Tonyan,TE,5.1
1,414.l.921976.t.10,414.p.33422,Elijah Moore,WR,7.4
1,414.l.921976.t.10,414.p.28514,Mike Davis,RB,1.1
1,414.l.921976.t.10,414.p.30259,George Kittle,TE,0.0
1,414.l.921976.t.10,414.p.34009,Skyy Moore,WR,3.5
1,414.l.921976.t.10,414.p.34047,Rachaad White,RB,3.1
1,414.l.921976.t.10,414.p.27590,Jimmy Garoppolo,QB,0.0
1,414.l.921976.t.10,414.p.34042,Malik Willis,QB,0.0
1,414.l.921976.t.10,414.p.34030,Desmond Ridder,QB,0.0
1,414.l.921976.t.10,414.p.30266,Jake Elliott,K,8.0
1,414.l.921976.t.10,414.p.100005,Browns,DEF,6.0
2,414.l.921976.t.5,414.p.32676,Justin Herbert,QB,24.46
2,414.l.921976.t.5,414.p.30120,Mike Williams,WR,21.3
2,414.l.921976.t.5,414.p.32695,Brandon Aiyuk,WR,8.8
2,414.l.921976.t.5,414.p.32732,A.J. Dillon,RB,7.2
2,414.l.921976.t.5,414.p.31960,Tony Pollard,RB,17.8
2,414.l.921976.t.5,414.p.32713,Cole Kmet,TE,0.0
2,414.l.921976.t.5,414.p.30153,Curtis Samuel,WR,19.4
2,414.l.921976.t.5,414.p.30123,Patrick Mahomes,QB,17.3
2,414.l.921976.t.5,414.p.30180,Alvin Kamara,RB,0.0
2,414.l.921976.t.5,414.p.33408,Kadarius Toney,WR,1.0
2,414.l.921976.t.5,414.p.31934,Alexander Mattison,RB,2.9
2,414.l.921976.t.5,414.p.28442,Ameer Abdullah,RB,2.8
2,414.l.921976.t.5,414.p.31164,Russell Gage Jr.,WR,5.3
2,414.l.921976.t.5,414.p.31001,Sony Michel,RB,2.4
2,414.l.921976.t.5,414.p.31538,Greg Joseph,K,1.0
2,414.l.921976.t.5,414.p.100018,Saints,DEF,4.0
2,414.l.921976.t.13,414.p.32671,Joe Burrow,QB,16.56
2,414.l.921976.t.13,414.p.33394,Jaylen Waddle,WR,34.6
2,414.l.921976.t.13,414.p.31981,Hunter Renfrow,WR,7.4
2,414.l.921976.t.13,414.p.30117,Leonard Fournette,RB,8.4
2,414.l.921976.t.13,414.p.26652,Cordarrelle Patterson,RB,4.1
2,414.l.921976.t.13,414.p.30132,O.J. Howard,TE,1.2
2,414.l.921976.t.13,414.p.33991,Breece Hall,RB,12.5
2,414.l.921976.t.13,414.p.32675,Tua Tagovailoa,QB,40.86
2,414.l.921976.t.13,414.p.32843,Darnell Mooney,WR,0.1
2,414.l.921976.t.13,414.p.33398,DeVonta Smith,WR,11.5
2,414.l.921976.t.13,414.p.34063,Dameon Pierce,RB,8.2
2,414.l.921976.t.13,414.p.34007,George Pickens,WR,2.8
2,414.l.921976.t.13,414.p.26650,DeAndre Hopkins,WR,0.0
2,414.l.921976.t.13,414.p.30125,Deshaun Watson,QB,0.0
2,414.l.921976.t.13,414.p.8432,Nick Folk,K,5.0
2,414.l.921976.t.13,414.p.100014,Rams,DEF,9.0
2,414.l.921976.t.6,414.p.31833,Kyler Murray,QB,26.88
2,414.l.921976.t.6,414.p.32685,Jerry Jeudy,WR,1.7
2,414.l.921976.t.6,414.p.27535,Mike Evans,WR,7.6
2,414.l.921976.t.6,414.p.32705,D'Andre Swift,RB,15.7
2,414.l.921976.t.6,414.p.31885,Miles Sanders,RB,10.1
2,414.l.921976.t.6,414.p.29315,Austin Hooper,TE,2.4
2,414.l.921976.t.6,414.p.31856,Josh Jacobs,RB,8.6
2,414.l.921976.t.6,414.p.33399,Justin Fields,QB,9.8
2,414.l.921976.t.6,414.p.30995,Hayden Hurst,TE,4.9
2,414.l.921976.t.6,414.p.25876,Marvin Jones Jr.,WR,4.8
2,414.l.921976.t.6,414.p.31171,Boston Scott,RB,2.6
2,414.l.921976.t.6,414.p.32716,KJ Hamler,WR,0.0
2,414.l.921976.t.6,414.p.32870,Quez Watkins,WR,13.9
2,414.l.921976.t.6,414.p.33998,Wan'Dale Robinson,WR,0.0
2,414.l.921976.t.6,414.p.26534,Justin Tucker,K,10.0
2,414.l.921976.t.6,414.p.100021,Eagles,DEF,12.0
2,414.l.921976.t.16,414.p.32723,Jalen Hurts,QB,34.02
2,414.l.921976.t.16,414.p.27581,Davante Adams,WR,8.2
2,414.l.921976.t.16,414.p.31898,Diontae Johnson,WR,10.7
2,414.l.921976.t.16,414.p.30199,Kareem Hunt,RB,8.4
2,414.l.921976.t.16,414.p.31104,Chase Edmonds,RB,4.6
2,414.l.921976.t.16,414.p.26686,Travis Kelce,TE,7.6
2,414.l.921976.t.16,414.p.33971,Jahan Dotson,WR,15.9
2,414.l.921976.t.16,414.p.25718,Ryan Tannehill,QB,2.88
2,414.l.921976.t.16,414.p.31144,Marquez Valdes-Scantling,WR,2.3
2,414.l.921976.t.16,414.p.29650,J.D. McKissic,RB,9.8
2,414.l.921976.t.16,414.p.32892,Eno Benjamin,RB,6.6
2,414.l.921976.t.16,414.p.32010,Gardner Minshew,QB,0.0
2,414.l.921976.t.16,414.p.34447,Jaylen Warren,RB,2.0
2,414.l.921976.t.16,414.p.32756,Zack Moss,RB,1.7
2,414.l.921976.t.16,414.p.8447,Mason Crosby,K,10.0
2,414.l.921976.t.16,414.p.100007,Broncos,DEF,7.0
2,414.l.921976.t.8,414.p.27564,Derek Carr,QB,18.98
2,414.l.921976.t.8,414.p.29288,Tyler Boyd,WR,4.7
2,414.l.921976.t.8,414.p.31017,Christian Kirk,WR,22.8
2,414.l.921976.t.8,414.p.29238,Ezekiel Elliott,RB,5.4
2,414.l.921976.t.8,414.p.31906,Devin Singletary,RB,3.1
2,414.l.921976.t.8,414.p.31056,Mark Andrews,TE,21.2
2,414.l.921976.t.8,414.p.33500,Amon-Ra St. Brown,WR,34.9
2,414.l.921976.t.8,414.p.30788,Cooper Rush,QB,13.6
2,414.l.921976.t.8,414.p.31874,Drew Lock,QB,0.0
2,414.l.921976.t.8,414.p.32722,Cam Akers,RB,7.2
2,414.l.921976.t.8,414.p.34019,James Cook III,RB,5.3
2,414.l.921976.t.8,414.p.30157,Gerald Everett,TE,10.1
2,414.l.921976.t.8,414.p.33437,Rondale Moore,WR,0.0
2,414.l.921976.t.8,414.p.31977,Matt Gay,K,7.0
2,414.l.921976.t.8,414.p.100017,Patriots,DEF,8.0
2,414.l.921976.t.8,414.p.100015,Dolphins,DEF,-4.0
2,414.l.921976.t.7,414.p.31002,Lamar Jackson,QB,42.62
2,414.l.921976.t.7,414.p.27548,Brandin Cooks,WR,7.4
2,414.l.921976.t.7,414.p.31031,DJ Chark,WR,0.0
2,414.l.921976.t.7,414.p.30972,Saquon Barkley,RB,10.3
2,414.l.921976.t.7,414.p.31905,David Montgomery,RB,14.6
2,414.l.921976.t.7,414.p.33443,Pat Freiermuth,TE,10.2
2,414.l.921976.t.7,414.p.32703,Tee Higgins,WR,16.1
2,414.l.921976.t.7,414.p.7200,Aaron Rodgers,QB,16.36
2,414.l.921976.t.7,414.p.33973,Treylon Burks,WR,6.7
2,414.l.921976.t.7,414.p.29344,Tyler Higbee,TE,10.6
2,414.l.921976.t.7,414.p.33455,Davis Mills,QB,7.18
2,414.l.921976.t.7,414.p.33605,Khalil Herbert,RB,4.6
2,414.l.921976.t.7,414.p.27624,Jerick McKinnon,RB,8.6
2,414.l.921976.t.7,414.p.29307,Kenyan Drake,RB,0.8
2,414.l.921976.t.7,414.p.8565,Matt Prater,K,1.0
2,414.l.921976.t.7,414.p.100024,Chargers,DEF,1.0
2,414.l.921976.t.1,414.p.33391,Trey Lance,QB,2.5
2,414.l.921976.t.1,414.p.27589,Allen Robinson,WR,13.3
2,414.l.921976.t.1,414.p.31268,Allen Lazard,WR,8.3
2,414.l.921976.t.1,414.p.31005,Nick Chubb,RB,30.8
2,414.l.921976.t.1,414.p.29279,Derrick Henry,RB,8.5
2,414.l.921976.t.1,414.p.32788,Albert Okwuegbunam Jr.,TE,0.0
2,414.l.921976.t.1,414.p.33415,Rashod Bateman,WR,18.8
2,414.l.921976.t.1,414.p.29236,Carson Wentz,QB,28.78
2,414.l.921976.t.1,414.p.30197,Chris Godwin Jr.,WR,0.0
2,414.l.921976.t.1,414.p.32719,Chase Claypool,WR,4.6
2,414.l.921976.t.1,414.p.33403,Mac Jones,QB,13.68
2,414.l.921976.t.1,414.p.31888,Mecole Hardman Jr.,WR,6.0
2,414.l.921976.t.1,414.p.30247,Jamaal Williams,RB,6.5
2,414.l.921976.t.1,414.p.33966,Chris Olave,WR,8.5
2,414.l.921976.t.1,414.p.27120,Brandon McManus,K,12.0
2,414.l.921976.t.1,414.p.100002,Bills,DEF,20.0
2,414.l.921976.t.9,414.p.30971,Baker Mayfield,QB,13.3
2,414.l.921976.t.9,414.p.29399,Tyreek Hill,WR,36.5
2,414.l.921976.t.9,414.p.32857,Donovan Peoples-Jones,WR,0.0
2,414.l.921976.t.9,414.p.30295,Aaron Jones Sr.,RB,30.5
2,414.l.921976.t.9,414.p.26813,Rex Burkhead,RB,1.9
2,414.l.921976.t.9,414.p.31127,Tyler Conklin,TE,7.0
2,414.l.921976.t.9,414.p.28457,Tyler Lockett,WR,15.2
2,414.l.921976.t.9,414.p.8795,Joe Flacco,QB,26.88
2,414.l.921976.t.9,414.p.29785,Robbie Chosen,WR,2.7
2,414.l.921976.t.9,414.p.33538,Kenneth Gainwell,RB,2.3
2,414.l.921976.t.9,414.p.33390,Zach Wilson,QB,0.0
2,414.l.921976.t.9,414.p.31457,Dontrell Hilliard,RB,0.0
2,414.l.921976.t.9,414.p.31424,Gus Edwards,RB,0.0
2,414.l.921976.t.9,414.p.26800,Dustin Hopkins,K,6.0
2,414.l.921976.t.9,414.p.100004,Bengals,DEF,4.0
2,414.l.921976.t.9,414.p.100023,Steelers,DEF,3.0
2,414.l.921976.t.2,414.p.25812,Kirk Cousins,QB,11.84
2,414.l.921976.t.2,414.p.28534,Stefon Diggs,WR,38.8
2,414.l.921976.t.2,414.p.31896,DK Metcalf,WR,5.5
2,414.l.921976.t.2,414.p.33412,Najee Harris,RB,11.4
2,414.l.921976.t.2,414.p.31902,Darrell Henderson Jr.,RB,10.7
2,414.l.921976.t.2,414.p.30614,Taysom Hill,"QB,TE",1.4
2,414.l.921976.t.2,414.p.31394,Jeff Wilson Jr.,RB,11.3
2,414.l.921976.t.2,414.p.26662,Geno Smith,QB,7.08
2,414.l.921976.t.2,414.p.26658,Zach Ertz,TE,11.5
2,414.l.921976.t.2,414.p.28403,Melvin Gordon III,RB,5.8
2,414.l.921976.t.2,414.p.33963,Drake London,WR,20.6
2,414.l.921976.t.2,414.p.29369,Dak Prescott,QB,0.0
2,414.l.921976.t.2,414.p.34054,Brian Robinson Jr.,RB,0.0
2,414.l.921976.t.2,414.p.30285,Isaiah McKenzie,WR,4.7
2,414.l.921976.t.2,414.p.29754,Wil Lutz,K,4.0
2,414.l.921976.t.2,414.p.100011,Colts,DEF,0.0
2,414.l.921976.t.11,414.p.25785,Russell Wilson,QB,12.06
2,414.l.921976.t.11,414.p.31908,Terry McLaurin,WR,10.2
2,414.l.921976.t.11,414.p.31857,Hollywood Brown,WR,9.8
2,414.l.921976.t.11,414.p.32711,Jonathan Taylor,RB,6.8
2,414.l.921976.t.11,414.p.30997,Rashaad Penny,RB,1.5
2,414.l.921976.t.11,414.p.31107,Dalton Schultz,TE,0.8
2,414.l.921976.t.11,414.p.29281,Michael Thomas,WR,15.5
2,414.l.921976.t.11,414.p.8780,Matt Ryan,QB,4.8
2,414.l.921976.t.11,414.p.33413,Travis Etienne Jr.,RB,6.8
2,414.l.921976.t.11,414.p.24793,Julio Jones,WR,0.0
2,414.l.921976.t.11,414.p.31882,Irv Smith Jr.,TE,12.1
2,414.l.921976.t.11,414.p.33477,Nico Collins,WR,7.8
2,414.l.921976.t.11,414.p.30202,D'Onta Foreman,RB,0.9
2,414.l.921976.t.11,414.p.30150,Zay Jones,WR,3.8
2,414.l.921976.t.11,414.p.31137,Daniel Carlson,K,13.0
2,414.l.921976.t.11,414.p.100025,49ers,DEF,16.0
2,414.l.921976.t.3,414.p.9265,Matthew Stafford,QB,20.88
2,414.l.921976.t.3,414.p.30182,Cooper Kupp,WR,26.3
2,414.l.921976.t.3,414.p.32762,Devin Duvernay,WR,11.2
2,414.l.921976.t.3,414.p.30218,James Conner,RB,6.1
2,414.l.921976.t.3,414.p.33423,Javonte Williams,RB,9.0
2,414.l.921976.t.3,414.p.33392,Kyle Pitts Sr.,TE,2.9
2,414.l.921976.t.3,414.p.30994,DJ Moore,WR,11.8
2,414.l.921976.t.3,414.p.28389,Jameis Winston,QB,10.64
2,414.l.921976.t.3,414.p.32704,Michael Pittman Jr.,WR,0.0
2,414.l.921976.t.3,414.p.27532,Sammy Watkins,WR,10.8
2,414.l.921976.t.3,414.p.28402,DeVante Parker,WR,0.0
2,414.l.921976.t.3,414.p.34207,Isiah Pacheco,RB,0.6
2,414.l.921976.t.3,414.p.31803,John Wolford,QB,0.0
2,414.l.921976.t.3,414.p.30426,Younghoe Koo,K,5.0
2,414.l.921976.t.3,414.p.30346,Harrison Butker,K,0.0
2,414.l.921976.t.3,414.p.100033,Ravens,DEF,7.0
2,414.l.921976.t.14,414.p.30115,Mitchell Trubisky,QB,12.42
2,414.l.921976.t.14,414.p.27277,Adam Thielen,WR,7.2
2,414.l.921976.t.14,414.p.28392,Amari Cooper,WR,20.6
2,414.l.921976.t.14,414.p.30121,Christian McCaffrey,RB,14.8
2,414.l.921976.t.14,414.p.30154,Dalvin Cook,RB,5.6
2,414.l.921976.t.14,414.p.31840,T.J. Hockenson,TE,4.1
2,414.l.921976.t.14,414.p.31919,Damien Harris,RB,15.7
2,414.l.921976.t.14,414.p.31074,Nyheim Miller-Hines,RB,5.7
2,414.l.921976.t.14,414.p.26699,Keenan Allen,WR,0.0
2,414.l.921976.t.14,414.p.29269,Hunter Henry,TE,0.0
2,414.l.921976.t.14,414.p.34079,Isaiah Spiller,RB,0.0
2,414.l.921976.t.14,414.p.26664,Robert Woods,WR,5.9
2,414.l.921976.t.14,414.p.24851,Randall Cobb,WR,5.2
2,414.l.921976.t.14,414.p.32858,Tyler Bass,K,12.0
2,414.l.921976.t.14,414.p.100009,Packers,DEF,9.0
2,414.l.921976.t.14,414.p.100020,Jets,DEF,2.0
2,414.l.921976.t.12,414.p.30977,Josh Allen,QB,29.68
2,414.l.921976.t.12,414.p.31868,Deebo Samuel,WR,12.2
2,414.l.921976.t.12,414.p.27591,Jarvis Landry,WR,4.5
2,414.l.921976.t.12,414.p.30423,Austin Ekeler,RB,13.9
2,414.l.921976.t.12,414.p.28654,Raheem Mostert,RB,9.4
2,414.l.921976.t.12,414.p.31019,Dallas Goedert,TE,10.7
2,414.l.921976.t.12,414.p.24815,Mark Ingram II,RB,5.1
2,414.l.921976.t.12,414.p.30118,Corey Davis,WR,15.3
2,414.l.921976.t.12,414.p.27648,Logan Thomas,TE,11.2
2,414.l.921976.t.12,414.p.31051,Michael Gallup,WR,0.0
2,414.l.921976.t.12,414.p.24822,Andy Dalton,QB,0.0
2,414.l.921976.t.12,414.p.28267,Cameron Brate,TE,1.4
2,414.l.921976.t.12,414.p.24967,Tyrod Taylor,QB,0.0
2,414.l.921976.t.12,414.p.33967,Jameson Williams,WR,0.0
2,414.l.921976.t.12,414.p.9526,Graham Gano,K,17.0
2,414.l.921976.t.12,414.p.100010,Titans,DEF,-3.0
2,414.l.921976.t.4,414.p.29235,Jared Goff,QB,26.04
2,414.l.921976.t.4,414.p.32687,CeeDee Lamb,WR,11.6
2,414.l.921976.t.4,414.p.30175,JuJu Smith-Schuster,WR,2.5
2,414.l.921976.t.4,414.p.30161,Joe Mixon,RB,9.8
2,414.l.921976.t.4,414.p.33996,Kenneth Walker III,RB,2.5
2,414.l.921976.t.4,414.p.28592,Darren Waller,TE,14.0
2,414.l.921976.t.4,414.p.33465,Joshua Palmer,WR,11.0
2,414.l.921976.t.4,414.p.28390,Marcus Mariota,QB,15.44
2,414.l.921976.t.4,414.p.32725,J.K. Dobbins,RB,0.0
2,414.l.921976.t.4,414.p.33975,Kenny Pickett,QB,0.0
2,414.l.921976.t.4,414.p.30227,Samaje Perine,RB,1.5
2,414.l.921976.t.4,414.p.34088,Romeo Doubs,WR,3.7
2,414.l.921976.t.4,414.p.34078,Zamir White,RB,0.2
2,414.l.921976.t.4,414.p.34320,Jordan Mason,RB,0.0
2,414.l.921976.t.4,414.p.9520,Ryan Succop,K,10.0
2,414.l.921976.t.4,414.p.100006,Cowboys,DEF,7.0
2,414.l.921976.t.15,414.p.5228,Tom Brady,QB,9.4
2,414.l.921976.t.15,414.p.31010,Courtland Sutton,WR,16.2
2,414.l.921976.t.15,414.p.31883,A.J. Brown,WR,9.4
2,414.l.921976.t.15,414.p.32736,Antonio Gibson,RB,11.1
2,414.l.921976.t.15,414.p.33138,James Robinson,RB,14.8
2,414.l.921976.t.15,414.p.31928,Dawson Knox,TE,6.1
2,414.l.921976.t.15,414.p.32798,Gabe Davis,WR,0.0
2,414.l.921976.t.15,414.p.31838,Daniel Jones,QB,13.14
2,414.l.921976.t.15,414.p.33389,Trevor Lawrence,QB,18.5
2,414.l.921976.t.15,414.p.33582,Elijah Mitchell,RB,0.0
2,414.l.921976.t.15,414.p.33508,Rhamondre Stevenson,RB,5.6
2,414.l.921976.t.15,414.p.30142,David Njoku,TE,4.7
2,414.l.921976.t.15,414.p.32231,Jakobi Meyers,WR,14.0
2,414.l.921976.t.15,414.p.24797,Blaine Gabbert,QB,0.0
2,414.l.921976.t.15,414.p.33537,Evan McPherson,K,13.0
2,414.l.921976.t.15,414.p.100027,Buccaneers,DEF,26.0
2,414.l.921976.t.10,414.p.29325,Jacoby Brissett,QB,16.46
2,414.l.921976.t.10,414.p.32692,Justin Jefferson,WR,7.8
2,414.l.921976.t.10,414.p.33393,Ja'Marr Chase,WR,8.3
2,414.l.921976.t.10,414.p.33495,Michael Carter,RB,7.5
2,414.l.921976.t.10,414.p.32702,Clyde Edwards-Helaire,RB,13.8
2,414.l.921976.t.10,414.p.30777,Robert Tonyan,TE,2.1
2,414.l.921976.t.10,414.p.33422,Elijah Moore,WR,5.0
2,414.l.921976.t.10,414.p.31891,Parris Campbell,WR,0.0
2,414.l.921976.t.10,414.p.30259,George Kittle,TE,0.0
2,414.l.921976.t.10,414.p.34009,Skyy Moore,WR,0.0
2,414.l.921976.t.10,414.p.34047,Rachaad White,RB,0.1
2,414.l.921976.t.10,414.p.27590,Jimmy Garoppolo,QB,16.66
2,414.l.921976.t.10,414.p.34042,Malik Willis,QB,-0.16
2,414.l.921976.t.10,414.p.34030,Desmond Ridder,QB,0.0
2,414.l.921976.t.10,414.p.30266,Jake Elliott,K,6.0
2,414.l.921976.t.10,414.p.100005,Browns,DEF,3.0
3,414.l.921976.t.5,414.p.30123,Patrick Mahomes,QB,18.08
3,414.l.921976.t.5,414.p.30120,Mike Williams,WR,8.0
3,414.l.921976.t.5,414.p.32695,Brandon Aiyuk,WR,11.4
3,414.l.921976.t.5,414.p.32732,A.J. Dillon,RB,4.8
3,414.l.921976.t.5,414.p.31960,Tony Pollard,RB,10.5
3,414.l.921976.t.5,414.p.32713,Cole Kmet,TE,5.0
3,414.l.921976.t.5,414.p.30180,Alvin Kamara,RB,6.3
3,414.l.921976.t.5,414.p.32676,Justin Herbert,QB,13.58
3,414.l.921976.t.5,414.p.30153,Curtis Samuel,WR,9.6
3,414.l.921976.t.5,414.p.33408,Kadarius Toney,WR,0.0
3,414.l.921976.t.5,414.p.31934,Alexander Mattison,RB,10.9
3,414.l.921976.t.5,414.p.28442,Ameer Abdullah,RB,0.0
3,414.l.921976.t.5,414.p.31164,Russell Gage Jr.,WR,18.7
3,414.l.921976.t.5,414.p.31001,Sony Michel,RB,3.6
3,414.l.921976.t.5,414.p.31538,Greg Joseph,K,4.0
3,414.l.921976.t.5,414.p.100018,Saints,DEF,4.0
3,414.l.921976.t.13,414.p.32671,Joe Burrow,QB,23.0
3,414.l.921976.t.13,414.p.33394,Jaylen Waddle,WR,13.1
3,414.l.921976.t.13,414.p.33398,DeVonta Smith,WR,26.9
3,414.l.921976.t.13,414.p.30117,Leonard Fournette,RB,9.5
3,414.l.921976.t.13,414.p.26652,Cordarrelle Patterson,RB,21.8
3,414.l.921976.t.13,414.p.31012,Mike Gesicki,TE,1.1
3,414.l.921976.t.13,414.p.33991,Breece Hall,RB,12.2
3,414.l.921976.t.13,414.p.32675,Tua Tagovailoa,QB,11.44
3,414.l.921976.t.13,414.p.31981,Hunter Renfrow,WR,0.0
3,414.l.921976.t.13,414.p.32843,Darnell Mooney,WR,3.3
3,414.l.921976.t.13,414.p.34063,Dameon Pierce,RB,17.1
3,414.l.921976.t.13,414.p.34007,George Pickens,WR,5.4
3,414.l.921976.t.13,414.p.26650,DeAndre Hopkins,WR,0.0
3,414.l.921976.t.13,414.p.30125,Deshaun Watson,QB,0.0
3,414.l.921976.t.13,414.p.8432,Nick Folk,K,10.0
3,414.l.921976.t.13,414.p.100014,Rams,DEF,6.0
3,414.l.921976.t.6,414.p.31833,Kyler Murray,QB,13.36
3,414.l.921976.t.6,414.p.32685,Jerry Jeudy,WR,2.7
3,414.l.921976.t.6,414.p.32870,Quez Watkins,WR,0.0
3,414.l.921976.t.6,414.p.32705,D'Andre Swift,RB,6.1
3,414.l.921976.t.6,414.p.31885,Miles Sanders,RB,4.9
3,414.l.921976.t.6,414.p.29315,Austin Hooper,TE,2.9
3,414.l.921976.t.6,414.p.31856,Josh Jacobs,RB,12.2
3,414.l.921976.t.6,414.p.33399,Justin Fields,QB,6.94
3,414.l.921976.t.6,414.p.25876,Marvin Jones Jr.,WR,11.3
3,414.l.921976.t.6,414.p.27535,Mike Evans,WR,0.0
3,414.l.921976.t.6,414.p.30995,Hayden Hurst,TE,1.2
3,414.l.921976.t.6,414.p.31171,Boston Scott,RB,0.0
3,414.l.921976.t.6,414.p.32716,KJ Hamler,WR,0.0
3,414.l.921976.t.6,414.p.33998,Wan'Dale Robinson,WR,0.0
3,414.l.921976.t.6,414.p.26534,Justin Tucker,K,9.0
3,414.l.921976.t.6,414.p.100021,Eagles,DEF,19.0
3,414.l.921976.t.16,414.p.32723,Jalen Hurts,QB,27.6
3,414.l.921976.t.16,414.p.27581,Davante Adams,WR,11.7
3,414.l.921976.t.16,414.p.31898,Diontae Johnson,WR,12.4
3,414.l.921976.t.16,414.p.30199,Kareem Hunt,RB,7.6
3,414.l.921976.t.16,414.p.31104,Chase Edmonds,RB,15.2
3,414.l.921976.t.16,414.p.26686,Travis Kelce,TE,15.9
3,414.l.921976.t.16,414.p.33971,Jahan Dotson,WR,2.0
3,414.l.921976.t.16,414.p.25718,Ryan Tannehill,QB,19.76
3,414.l.921976.t.16,414.p.31144,Marquez Valdes-Scantling,WR,6.8
3,414.l.921976.t.16,414.p.29650,J.D. McKissic,RB,7.0
3,414.l.921976.t.16,414.p.32892,Eno Benjamin,RB,3.3
3,414.l.921976.t.16,414.p.32010,Gardner Minshew,QB,0.0
3,414.l.921976.t.16,414.p.34447,Jaylen Warren,RB,3.8
3,414.l.921976.t.16,414.p.32756,Zack Moss,RB,5.7
3,414.l.921976.t.16,414.p.7520,Robbie Gould,K,6.0
3,414.l.921976.t.16,414.p.100034,Texans,DEF,9.0
3,414.l.921976.t.8,414.p.27564,Derek Carr,QB,20.82
3,414.l.921976.t.8,414.p.29288,Tyler Boyd,WR,18.5
3,414.l.921976.t.8,414.p.31017,Christian Kirk,WR,16.2
3,414.l.921976.t.8,414.p.29238,Ezekiel Elliott,RB,14.0
3,414.l.921976.t.8,414.p.31906,Devin Singletary,RB,19.6
3,414.l.921976.t.8,414.p.31056,Mark Andrews,TE,24.9
3,414.l.921976.t.8,414.p.33500,Amon-Ra St. Brown,WR,10.3
3,414.l.921976.t.8,414.p.30788,Cooper Rush,QB,12.4
3,414.l.921976.t.8,414.p.31874,Drew Lock,QB,0.0
3,414.l.921976.t.8,414.p.32722,Cam Akers,RB,10.1
3,414.l.921976.t.8,414.p.34019,James Cook III,RB,6.0
3,414.l.921976.t.8,414.p.30157,Gerald Everett,TE,3.5
3,414.l.921976.t.8,414.p.33437,Rondale Moore,WR,0.0
3,414.l.921976.t.8,414.p.31977,Matt Gay,K,9.0
3,414.l.921976.t.8,414.p.100019,Giants,DEF,0.0
3,414.l.921976.t.8,414.p.100015,Dolphins,DEF,9.0
3,414.l.921976.t.7,414.p.31002,Lamar Jackson,QB,40.42
3,414.l.921976.t.7,414.p.27548,Brandin Cooks,WR,3.2
3,414.l.921976.t.7,414.p.32703,Tee Higgins,WR,11.8
3,414.l.921976.t.7,414.p.30972,Saquon Barkley,RB,20.6
3,414.l.921976.t.7,414.p.31905,David Montgomery,RB,1.1
3,414.l.921976.t.7,414.p.33443,Pat Freiermuth,TE,5.1
3,414.l.921976.t.7,414.p.33973,Treylon Burks,WR,2.6
3,414.l.921976.t.7,414.p.7200,Aaron Rodgers,QB,17.1
3,414.l.921976.t.7,414.p.31031,DJ Chark,WR,6.1
3,414.l.921976.t.7,414.p.29344,Tyler Higbee,TE,8.1
3,414.l.921976.t.7,414.p.33455,Davis Mills,QB,11.8
3,414.l.921976.t.7,414.p.33605,Khalil Herbert,RB,29.9
3,414.l.921976.t.7,414.p.27624,Jerick McKinnon,RB,2.0
3,414.l.921976.t.7,414.p.29307,Kenyan Drake,RB,0.0
3,414.l.921976.t.7,414.p.8565,Matt Prater,K,14.0
3,414.l.921976.t.7,414.p.100024,Chargers,DEF,-4.0
3,414.l.921976.t.1,414.p.29236,Carson Wentz,QB,8.64
3,414.l.921976.t.1,414.p.27589,Allen Robinson,WR,3.3
3,414.l.921976.t.1,414.p.31268,Allen Lazard,WR,12.5
3,414.l.921976.t.1,414.p.31005,Nick Chubb,RB,17.3
3,414.l.921976.t.1,414.p.29279,Derrick Henry,RB,22.8
3,414.l.921976.t.1,414.p.32788,Albert Okwuegbunam Jr.,TE,1.7
3,414.l.921976.t.1,414.p.33415,Rashod Bateman,WR,4.9
3,414.l.921976.t.1,414.p.33403,Mac Jones,QB,18.94
3,414.l.921976.t.1,414.p.30197,Chris Godwin Jr.,WR,0.0
3,414.l.921976.t.1,414.p.32719,Chase Claypool,WR,6.1
3,414.l.921976.t.1,414.p.31888,Mecole Hardman Jr.,WR,0.7
3,414.l.921976.t.1,414.p.30247,Jamaal Williams,RB,23.7
3,414.l.921976.t.1,414.p.33966,Chris Olave,WR,19.2
3,414.l.921976.t.1,414.p.31852,Noah Fant,TE,4.7
3,414.l.921976.t.1,414.p.27120,Brandon McManus,K,5.0
3,414.l.921976.t.1,414.p.100002,Bills,DEF,4.0
3,414.l.921976.t.9,414.p.30971,Baker Mayfield,QB,10.7
3,414.l.921976.t.9,414.p.29399,Tyreek Hill,WR,4.3
3,414.l.921976.t.9,414.p.29785,Robbie Chosen,WR,1.9
3,414.l.921976.t.9,414.p.30295,Aaron Jones Sr.,RB,4.2
3,414.l.921976.t.9,414.p.26813,Rex Burkhead,RB,5.0
3,414.l.921976.t.9,414.p.31127,Tyler Conklin,TE,12.4
3,414.l.921976.t.9,414.p.28457,Tyler Lockett,WR,12.1
3,414.l.921976.t.9,414.p.8795,Joe Flacco,QB,5.4
3,414.l.921976.t.9,414.p.33390,Zach Wilson,QB,0.0
3,414.l.921976.t.9,414.p.31457,Dontrell Hilliard,RB,4.9
3,414.l.921976.t.9,414.p.31424,Gus Edwards,RB,0.0
3,414.l.921976.t.9,414.p.32036,Travis Homer,RB,0.7
3,414.l.921976.t.9,414.p.33514,Chuba Hubbard,RB,2.5
3,414.l.921976.t.9,414.p.26800,Dustin Hopkins,K,4.0
3,414.l.921976.t.9,414.p.100004,Bengals,DEF,16.0
3,414.l.921976.t.9,414.p.100023,Steelers,DEF,2.0
3,414.l.921976.t.2,414.p.25812,Kirk Cousins,QB,18.3
3,414.l.921976.t.2,414.p.28534,Stefon Diggs,WR,10.9
3,414.l.921976.t.2,414.p.33963,Drake London,WR,12.9
3,414.l.921976.t.2,414.p.33412,Najee Harris,RB,11.6
3,414.l.921976.t.2,414.p.31902,Darrell Henderson Jr.,RB,1.7
3,414.l.921976.t.2,414.p.26658,Zach Ertz,TE,7.5
3,414.l.921976.t.2,414.p.31394,Jeff Wilson Jr.,RB,10.1
3,414.l.921976.t.2,414.p.26662,Geno Smith,QB,19.9
3,414.l.921976.t.2,414.p.31896,DK Metcalf,WR,14.9
3,414.l.921976.t.2,414.p.30614,Taysom Hill,"QB,TE",0.0
3,414.l.921976.t.2,414.p.28403,Melvin Gordon III,RB,14.0
3,414.l.921976.t.2,414.p.29369,Dak Prescott,QB,0.0
3,414.l.921976.t.2,414.p.34054,Brian Robinson Jr.,RB,0.0
3,414.l.921976.t.2,414.p.30285,Isaiah McKenzie,WR,17.7
3,414.l.921976.t.2,414.p.29754,Wil Lutz,K,2.0
3,414.l.921976.t.2,414.p.100012,Chiefs,DEF,8.0
3,414.l.921976.t.11,414.p.25785,Russell Wilson,QB,9.06
3,414.l.921976.t.11,414.p.31908,Terry McLaurin,WR,13.2
3,414.l.921976.t.11,414.p.31857,Hollywood Brown,WR,21.0
3,414.l.921976.t.11,414.p.32711,Jonathan Taylor,RB,10.6
3,414.l.921976.t.11,414.p.30997,Rashaad Penny,RB,7.4
3,414.l.921976.t.11,414.p.31882,Irv Smith Jr.,TE,4.2
3,414.l.921976.t.11,414.p.29281,Michael Thomas,WR,7.4
3,414.l.921976.t.11,414.p.8780,Matt Ryan,QB,15.28
3,414.l.921976.t.11,414.p.31107,Dalton Schultz,TE,0.0
3,414.l.921976.t.11,414.p.33413,Travis Etienne Jr.,RB,9.0
3,414.l.921976.t.11,414.p.24793,Julio Jones,WR,0.0
3,414.l.921976.t.11,414.p.33477,Nico Collins,WR,5.1
3,414.l.921976.t.11,414.p.30202,D'Onta Foreman,RB,0.0
3,414.l.921976.t.11,414.p.30150,Zay Jones,WR,19.5
3,414.l.921976.t.11,414.p.31137,Daniel Carlson,K,10.0
3,414.l.921976.t.11,414.p.100003,Bears,DEF,6.0
3,414.l.921976.t.3,414.p.9265,Matthew Stafford,QB,10.16
3,414.l.921976.t.3,414.p.30182,Cooper Kupp,WR,14.4
3,414.l.921976.t.3,414.p.32704,Michael Pittman Jr.,WR,11.2
3,414.l.921976.t.3,414.p.30218,James Conner,RB,7.2
3,414.l.921976.t.3,414.p.33423,Javonte Williams,RB,7.5
3,414.l.921976.t.3,414.p.33392,Kyle Pitts Sr.,TE,11.2
3,414.l.921976.t.3,414.p.30994,DJ Moore,WR,2.0
3,414.l.921976.t.3,414.p.28389,Jameis Winston,QB,16.62
3,414.l.921976.t.3,414.p.32762,Devin Duvernay,WR,9.3
3,414.l.921976.t.3,414.p.28402,DeVante Parker,WR,18.1
3,414.l.921976.t.3,414.p.34207,Isiah Pacheco,RB,0.9
3,414.l.921976.t.3,414.p.31803,John Wolford,QB,0.0
3,414.l.921976.t.3,414.p.31500,Darrel Williams,RB,0.7
3,414.l.921976.t.3,414.p.9678,Chase Daniel,QB,0.0
3,414.l.921976.t.3,414.p.28378,Jason Myers,K,11.0
3,414.l.921976.t.3,414.p.100033,Ravens,DEF,11.0
3,414.l.921976.t.14,414.p.30115,Mitchell Trubisky,QB,14.98
3,414.l.921976.t.14,414.p.27277,Adam Thielen,WR,15.1
3,414.l.921976.t.14,414.p.28392,Amari Cooper,WR,19.6
3,414.l.921976.t.14,414.p.30121,Christian McCaffrey,RB,12.5
3,414.l.921976.t.14,414.p.30154,Dalvin Cook,RB,13.6
3,414.l.921976.t.14,414.p.31840,T.J. Hockenson,TE,9.3
3,414.l.921976.t.14,414.p.31919,Damien Harris,RB,11.6
3,414.l.921976.t.14,414.p.29274,Sterling Shepard,WR,7.4
3,414.l.921976.t.14,414.p.26699,Keenan Allen,WR,0.0
3,414.l.921976.t.14,414.p.31074,Nyheim Miller-Hines,RB,5.5
3,414.l.921976.t.14,414.p.29269,Hunter Henry,TE,1.3
3,414.l.921976.t.14,414.p.26664,Robert Woods,WR,10.5
3,414.l.921976.t.14,414.p.28408,Nelson Agholor,WR,3.1
3,414.l.921976.t.14,414.p.32858,Tyler Bass,K,5.0
3,414.l.921976.t.14,414.p.100025,49ers,DEF,8.0
3,414.l.921976.t.14,414.p.100009,Packers,DEF,11.0
3,414.l.921976.t.12,414.p.30977,Josh Allen,QB,26.7
3,414.l.921976.t.12,414.p.31868,Deebo Samuel,WR,10.4
3,414.l.921976.t.12,414.p.27591,Jarvis Landry,WR,3.2
3,414.l.921976.t.12,414.p.30423,Austin Ekeler,RB,9.3
3,414.l.921976.t.12,414.p.28654,Raheem Mostert,RB,1.1
3,414.l.921976.t.12,414.p.31019,Dallas Goedert,TE,10.1
3,414.l.921976.t.12,414.p.24815,Mark Ingram II,RB,7.8
3,414.l.921976.t.12,414.p.30118,Corey Davis,WR,3.7
3,414.l.921976.t.12,414.p.27648,Logan Thomas,TE,1.5
3,414.l.921976.t.12,414.p.31051,Michael Gallup,WR,0.0
3,414.l.921976.t.12,414.p.24822,Andy Dalton,QB,0.0
3,414.l.921976.t.12,414.p.28267,Cameron Brate,TE,7.7
3,414.l.921976.t.12,414.p.24967,Tyrod Taylor,QB,0.0
3,414.l.921976.t.12,414.p.33967,Jameson Williams,WR,0.0
3,414.l.921976.t.12,414.p.9526,Graham Gano,K,15.0
3,414.l.921976.t.12,414.p.100010,Titans,DEF,3.0
3,414.l.921976.t.4,414.p.29235,Jared Goff,QB,14.88
3,414.l.921976.t.4,414.p.32687,CeeDee Lamb,WR,18.7
3,414.l.921976.t.4,414.p.30175,JuJu Smith-Schuster,WR,11.4
3,414.l.921976.t.4,414.p.30161,Joe Mixon,RB,5.3
3,414.l.921976.t.4,414.p.32725,J.K. Dobbins,RB,5.0
3,414.l.921976.t.4,414.p.28592,Darren Waller,TE,3.7
3,414.l.921976.t.4,414.p.33465,Joshua Palmer,WR,12.9
3,414.l.921976.t.4,414.p.28390,Marcus Mariota,QB,16.56
3,414.l.921976.t.4,414.p.33996,Kenneth Walker III,RB,4.8
3,414.l.921976.t.4,414.p.33975,Kenny Pickett,QB,0.0
3,414.l.921976.t.4,414.p.30227,Samaje Perine,RB,13.1
3,414.l.921976.t.4,414.p.34088,Romeo Doubs,WR,17.3
3,414.l.921976.t.4,414.p.34078,Zamir White,RB,0.0
3,414.l.921976.t.4,414.p.34320,Jordan Mason,RB,0.7
3,414.l.921976.t.4,414.p.9520,Ryan Succop,K,8.0
3,414.l.921976.t.4,414.p.100006,Cowboys,DEF,10.0
3,414.l.921976.t.15,414.p.5228,Tom Brady,QB,14.74
3,414.l.921976.t.15,414.p.31010,Courtland Sutton,WR,13.7
3,414.l.921976.t.15,414.p.31883,A.J. Brown,WR,17.0
3,414.l.921976.t.15,414.p.32736,Antonio Gibson,RB,10.5
3,414.l.921976.t.15,414.p.33138,James Robinson,RB,19.1
3,414.l.921976.t.15,414.p.31928,Dawson Knox,TE,4.5
3,414.l.921976.t.15,414.p.32798,Gabe Davis,WR,5.2
3,414.l.921976.t.15,414.p.31838,Daniel Jones,QB,14.74
3,414.l.921976.t.15,414.p.33389,Trevor Lawrence,QB,25.18
3,414.l.921976.t.15,414.p.33582,Elijah Mitchell,RB,0.0
3,414.l.921976.t.15,414.p.33508,Rhamondre Stevenson,RB,18.1
3,414.l.921976.t.15,414.p.30142,David Njoku,TE,19.4
3,414.l.921976.t.15,414.p.32231,Jakobi Meyers,WR,0.0
3,414.l.921976.t.15,414.p.24797,Blaine Gabbert,QB,0.0
3,414.l.921976.t.15,414.p.33537,Evan McPherson,K,10.0
3,414.l.921976.t.15,414.p.100027,Buccaneers,DEF,6.0
3,414.l.921976.t.10,414.p.27590,Jimmy Garoppolo,QB,9.44
3,414.l.921976.t.10,414.p.32692,Justin Jefferson,WR,2.9
3,414.l.921976.t.10,414.p.33393,Ja'Marr Chase,WR,9.7
3,414.l.921976.t.10,414.p.33495,Michael Carter,RB,5.1
3,414.l.921976.t.10,414.p.32702,Clyde Edwards-Helaire,RB,12.4
3,414.l.921976.t.10,414.p.30259,George Kittle,TE,4.8
3,414.l.921976.t.10,414.p.33965,Garrett Wilson,WR,9.0
3,414.l.921976.t.10,414.p.29325,Jacoby Brissett,QB,17.9
3,414.l.921976.t.10,414.p.33422,Elijah Moore,WR,6.9
3,414.l.921976.t.10,414.p.30777,Robert Tonyan,TE,6.7
3,414.l.921976.t.10,414.p.34047,Rachaad White,RB,0.0
3,414.l.921976.t.10,414.p.34042,Malik Willis,QB,0.0
3,414.l.921976.t.10,414.p.34030,Desmond Ridder,QB,0.0
3,414.l.921976.t.10,414.p.30352,Noah Brown,WR,7.9
3,414.l.921976.t.10,414.p.30266,Jake Elliott,K,6.0
3,414.l.921976.t.10,414.p.100005,Browns,DEF,10.0
4,414.l.921976.t.5,414.p.30123,Patrick Mahomes,QB,24.36
4,414.l.921976.t.5,414.p.30120,Mike Williams,WR,15.5
4,414.l.921976.t.5,414.p.32695,Brandon Aiyuk,WR,5.7
4,414.l.921976.t.5,414.p.31960,Tony Pollard,RB,1.3
4,414.l.921976.t.5,414.p.32732,A.J. Dillon,RB,8.9
4,414.l.921976.t.5,414.p.30136,Evan Engram,TE,2.1
4,414.l.921976.t.5,414.p.30153,Curtis Samuel,WR,5.8
4,414.l.921976.t.5,414.p.32676,Justin Herbert,QB,21.1
4,414.l.921976.t.5,414.p.30180,Alvin Kamara,RB,0.0
4,414.l.921976.t.5,414.p.31934,Alexander Mattison,RB,8.3
4,414.l.921976.t.5,414.p.33408,Kadarius Toney,WR,0.0
4,414.l.921976.t.5,414.p.28442,Ameer Abdullah,RB,0.0
4,414.l.921976.t.5,414.p.31164,Russell Gage Jr.,WR,3.4
4,414.l.921976.t.5,414.p.32523,Greg Dortch,WR,1.1
4,414.l.921976.t.5,414.p.31538,Greg Joseph,K,18.0
4,414.l.921976.t.5,414.p.100007,Broncos,DEF,2.0
4,414.l.921976.t.13,414.p.32671,Joe Burrow,QB,20.08
4,414.l.921976.t.13,414.p.33394,Jaylen Waddle,WR,4.9
4,414.l.921976.t.13,414.p.33398,DeVonta Smith,WR,3.2
4,414.l.921976.t.13,414.p.30117,Leonard Fournette,RB,14.9
4,414.l.921976.t.13,414.p.26652,Cordarrelle Patterson,RB,9.8
4,414.l.921976.t.13,414.p.31012,Mike Gesicki,TE,3.3
4,414.l.921976.t.13,414.p.34063,Dameon Pierce,RB,22.9
4,414.l.921976.t.13,414.p.32675,Tua Tagovailoa,QB,3.4
4,414.l.921976.t.13,414.p.33991,Breece Hall,RB,14.8
4,414.l.921976.t.13,414.p.31981,Hunter Renfrow,WR,0.0
4,414.l.921976.t.13,414.p.32843,Darnell Mooney,WR,11.4
4,414.l.921976.t.13,414.p.34007,George Pickens,WR,13.2
4,414.l.921976.t.13,414.p.26650,DeAndre Hopkins,WR,0.0
4,414.l.921976.t.13,414.p.30125,Deshaun Watson,QB,0.0
4,414.l.921976.t.13,414.p.8432,Nick Folk,K,6.0
4,414.l.921976.t.13,414.p.100014,Rams,DEF,1.0
4,414.l.921976.t.6,414.p.31833,Kyler Murray,QB,23.88
4,414.l.921976.t.6,414.p.32685,Jerry Jeudy,WR,13.3
4,414.l.921976.t.6,414.p.27535,Mike Evans,WR,26.3
4,414.l.921976.t.6,414.p.31885,Miles Sanders,RB,28.6
4,414.l.921976.t.6,414.p.31856,Josh Jacobs,RB,32.0
4,414.l.921976.t.6,414.p.29315,Austin Hooper,TE,0.9
4,414.l.921976.t.6,414.p.32716,KJ Hamler,WR,6.0
4,414.l.921976.t.6,414.p.33399,Justin Fields,QB,10.16
4,414.l.921976.t.6,414.p.32870,Quez Watkins,WR,0.0
4,414.l.921976.t.6,414.p.32705,D'Andre Swift,RB,0.0
4,414.l.921976.t.6,414.p.25876,Marvin Jones Jr.,WR,0.0
4,414.l.921976.t.6,414.p.30995,Hayden Hurst,TE,10.2
4,414.l.921976.t.6,414.p.31171,Boston Scott,RB,0.0
4,414.l.921976.t.6,414.p.33998,Wan'Dale Robinson,WR,0.0
4,414.l.921976.t.6,414.p.26534,Justin Tucker,K,11.0
4,414.l.921976.t.6,414.p.100021,Eagles,DEF,15.0
4,414.l.921976.t.16,414.p.32723,Jalen Hurts,QB,16.96
4,414.l.921976.t.16,414.p.27581,Davante Adams,WR,15.0
4,414.l.921976.t.16,414.p.31898,Diontae Johnson,WR,3.2
4,414.l.921976.t.16,414.p.30199,Kareem Hunt,RB,7.8
4,414.l.921976.t.16,414.p.31104,Chase Edmonds,RB,9.0
4,414.l.921976.t.16,414.p.26686,Travis Kelce,TE,19.7
4,414.l.921976.t.16,414.p.33971,Jahan Dotson,WR,11.8
4,414.l.921976.t.16,414.p.25718,Ryan Tannehill,QB,14.38
4,414.l.921976.t.16,414.p.31144,Marquez Valdes-Scantling,WR,7.8
4,414.l.921976.t.16,414.p.29650,J.D. McKissic,RB,7.1
4,414.l.921976.t.16,414.p.32892,Eno Benjamin,RB,5.0
4,414.l.921976.t.16,414.p.32010,Gardner Minshew,QB,0.0
4,414.l.921976.t.16,414.p.34447,Jaylen Warren,RB,2.7
4,414.l.921976.t.16,414.p.32756,Zack Moss,RB,0.6
4,414.l.921976.t.16,414.p.7520,Robbie Gould,K,6.0
4,414.l.921976.t.16,414.p.100034,Texans,DEF,2.0
4,414.l.921976.t.8,414.p.27564,Derek Carr,QB,11.52
4,414.l.921976.t.8,414.p.29288,Tyler Boyd,WR,6.62
4,414.l.921976.t.8,414.p.31017,Christian Kirk,WR,7.3
4,414.l.921976.t.8,414.p.29238,Ezekiel Elliott,RB,9.1
4,414.l.921976.t.8,414.p.31906,Devin Singletary,RB,9.6
4,414.l.921976.t.8,414.p.31056,Mark Andrews,TE,2.5
4,414.l.921976.t.8,414.p.32722,Cam Akers,RB,1.3
4,414.l.921976.t.8,414.p.30788,Cooper Rush,QB,17.62
4,414.l.921976.t.8,414.p.33500,Amon-Ra St. Brown,WR,0.0
4,414.l.921976.t.8,414.p.31874,Drew Lock,QB,0.0
4,414.l.921976.t.8,414.p.34019,James Cook III,RB,0.0
4,414.l.921976.t.8,414.p.30157,Gerald Everett,TE,14.6
4,414.l.921976.t.8,414.p.33437,Rondale Moore,WR,2.2
4,414.l.921976.t.8,414.p.31977,Matt Gay,K,9.0
4,414.l.921976.t.8,414.p.100019,Giants,DEF,16.0
4,414.l.921976.t.8,414.p.100015,Dolphins,DEF,1.0
4,414.l.921976.t.7,414.p.31002,Lamar Jackson,QB,15.06
4,414.l.921976.t.7,414.p.27548,Brandin Cooks,WR,15.2
4,414.l.921976.t.7,414.p.32703,Tee Higgins,WR,21.9
4,414.l.921976.t.7,414.p.30972,Saquon Barkley,RB,17.2
4,414.l.921976.t.7,414.p.33605,Khalil Herbert,RB,10.6
4,414.l.921976.t.7,414.p.33443,Pat Freiermuth,TE,12.0
4,414.l.921976.t.7,414.p.33973,Treylon Burks,WR,2.8
4,414.l.921976.t.7,414.p.7200,Aaron Rodgers,QB,17.14
4,414.l.921976.t.7,414.p.31905,David Montgomery,RB,0.0
4,414.l.921976.t.7,414.p.31031,DJ Chark,WR,0.0
4,414.l.921976.t.7,414.p.29344,Tyler Higbee,TE,12.3
4,414.l.921976.t.7,414.p.33455,Davis Mills,QB,15.84
4,414.l.921976.t.7,414.p.27624,Jerick McKinnon,RB,0.5
4,414.l.921976.t.7,414.p.33538,Kenneth Gainwell,RB,8.2
4,414.l.921976.t.7,414.p.8565,Matt Prater,K,8.0
4,414.l.921976.t.7,414.p.100024,Chargers,DEF,8.0
4,414.l.921976.t.1,414.p.29236,Carson Wentz,QB,9.3
4,414.l.921976.t.1,414.p.31268,Allen Lazard,WR,14.6
4,414.l.921976.t.1,414.p.33966,Chris Olave,WR,14.7
4,414.l.921976.t.1,414.p.31005,Nick Chubb,RB,19.7
4,414.l.921976.t.1,414.p.29279,Derrick Henry,RB,22.2
4,414.l.921976.t.1,414.p.32788,Albert Okwuegbunam Jr.,TE,0.0
4,414.l.921976.t.1,414.p.33415,Rashod Bateman,WR,3.2
4,414.l.921976.t.1,414.p.30247,Jamaal Williams,RB,23.4
4,414.l.921976.t.1,414.p.27589,Allen Robinson,WR,1.7
4,414.l.921976.t.1,414.p.33403,Mac Jones,QB,0.0
4,414.l.921976.t.1,414.p.30197,Chris Godwin Jr.,WR,9.4
4,414.l.921976.t.1,414.p.32719,Chase Claypool,WR,0.0
4,414.l.921976.t.1,414.p.31888,Mecole Hardman Jr.,WR,0.9
4,414.l.921976.t.1,414.p.31852,Noah Fant,TE,6.7
4,414.l.921976.t.1,414.p.27120,Brandon McManus,K,5.0
4,414.l.921976.t.1,414.p.100002,Bills,DEF,7.0
4,414.l.921976.t.9,414.p.33390,Zach Wilson,QB,20.28
4,414.l.921976.t.9,414.p.29399,Tyreek Hill,WR,20.9
4,414.l.921976.t.9,414.p.28457,Tyler Lockett,WR,10.1
4,414.l.921976.t.9,414.p.30295,Aaron Jones Sr.,RB,13.0
4,414.l.921976.t.9,414.p.26813,Rex Burkhead,RB,12.4
4,414.l.921976.t.9,414.p.31127,Tyler Conklin,TE,6.7
4,414.l.921976.t.9,414.p.30231,Mack Hollins,WR,4.8
4,414.l.921976.t.9,414.p.30971,Baker Mayfield,QB,7.88
4,414.l.921976.t.9,414.p.29785,Robbie Chosen,WR,4.1
4,414.l.921976.t.9,414.p.8795,Joe Flacco,QB,0.0
4,414.l.921976.t.9,414.p.31457,Dontrell Hilliard,RB,3.8
4,414.l.921976.t.9,414.p.31424,Gus Edwards,RB,0.0
4,414.l.921976.t.9,414.p.33514,Chuba Hubbard,RB,0.0
4,414.l.921976.t.9,414.p.26800,Dustin Hopkins,K,10.0
4,414.l.921976.t.9,414.p.100023,Steelers,DEF,5.0
4,414.l.921976.t.9,414.p.100004,Bengals,DEF,8.0
4,414.l.921976.t.2,414.p.25812,Kirk Cousins,QB,13.92
4,414.l.921976.t.2,414.p.28534,Stefon Diggs,WR,8.2
4,414.l.921976.t.2,414.p.33963,Drake London,WR,2.7
4,414.l.921976.t.2,414.p.33412,Najee Harris,RB,7.4
4,414.l.921976.t.2,414.p.31394,Jeff Wilson Jr.,RB,13.4
4,414.l.921976.t.2,414.p.26658,Zach Ertz,TE,13.7
4,414.l.921976.t.2,414.p.31896,DK Metcalf,WR,18.4
4,414.l.921976.t.2,414.p.26662,Geno Smith,QB,31.7
4,414.l.921976.t.2,414.p.31902,Darrell Henderson Jr.,RB,5.4
4,414.l.921976.t.2,414.p.30614,Taysom Hill,"QB,TE",8.1
4,414.l.921976.t.2,414.p.28403,Melvin Gordon III,RB,-1.2
4,414.l.921976.t.2,414.p.29369,Dak Prescott,QB,0.0
4,414.l.921976.t.2,414.p.34054,Brian Robinson Jr.,RB,0.0
4,414.l.921976.t.2,414.p.30285,Isaiah McKenzie,WR,10.1
4,414.l.921976.t.2,414.p.29754,Wil Lutz,K,7.0
4,414.l.921976.t.2,414.p.100012,Chiefs,DEF,4.0
4,414.l.921976.t.11,414.p.25785,Russell Wilson,QB,26.98
4,414.l.921976.t.11,414.p.31908,Terry McLaurin,WR,2.5
4,414.l.921976.t.11,414.p.31857,Hollywood Brown,WR,17.8
4,414.l.921976.t.11,414.p.32711,Jonathan Taylor,RB,2.8
4,414.l.921976.t.11,414.p.30997,Rashaad Penny,RB,28.2
4,414.l.921976.t.11,414.p.31882,Irv Smith Jr.,TE,3.8
4,414.l.921976.t.11,414.p.24793,Julio Jones,WR,1.2
4,414.l.921976.t.11,414.p.8780,Matt Ryan,QB,18.84
4,414.l.921976.t.11,414.p.30150,Zay Jones,WR,0.0
4,414.l.921976.t.11,414.p.29281,Michael Thomas,WR,0.0
4,414.l.921976.t.11,414.p.31107,Dalton Schultz,TE,0.0
4,414.l.921976.t.11,414.p.33413,Travis Etienne Jr.,RB,3.2
4,414.l.921976.t.11,414.p.33477,Nico Collins,WR,9.7
4,414.l.921976.t.11,414.p.30202,D'Onta Foreman,RB,0.2
4,414.l.921976.t.11,414.p.31137,Daniel Carlson,K,14.0
4,414.l.921976.t.11,414.p.100003,Bears,DEF,6.0
4,414.l.921976.t.3,414.p.9265,Matthew Stafford,QB,7.76
4,414.l.921976.t.3,414.p.30182,Cooper Kupp,WR,19.2
4,414.l.921976.t.3,414.p.32704,Michael Pittman Jr.,WR,4.6
4,414.l.921976.t.3,414.p.30218,James Conner,RB,9.2
4,414.l.921976.t.3,414.p.33423,Javonte Williams,RB,3.2
4,414.l.921976.t.3,414.p.33392,Kyle Pitts Sr.,TE,3.0
4,414.l.921976.t.3,414.p.30994,DJ Moore,WR,9.1
4,414.l.921976.t.3,414.p.9547,Brian Hoyer,QB,1.48
4,414.l.921976.t.3,414.p.28389,Jameis Winston,QB,0.0
4,414.l.921976.t.3,414.p.32762,Devin Duvernay,WR,7.1
4,414.l.921976.t.3,414.p.28402,DeVante Parker,WR,9.4
4,414.l.921976.t.3,414.p.34207,Isiah Pacheco,RB,6.3
4,414.l.921976.t.3,414.p.31803,John Wolford,QB,0.0
4,414.l.921976.t.3,414.p.31210,Richie James,WR,-0.6
4,414.l.921976.t.3,414.p.30426,Younghoe Koo,K,12.0
4,414.l.921976.t.3,414.p.100016,Vikings,DEF,6.0
4,414.l.921976.t.14,414.p.30115,Mitchell Trubisky,QB,2.46
4,414.l.921976.t.14,414.p.27277,Adam Thielen,WR,11.2
4,414.l.921976.t.14,414.p.28392,Amari Cooper,WR,1.4
4,414.l.921976.t.14,414.p.30121,Christian McCaffrey,RB,21.3
4,414.l.921976.t.14,414.p.30154,Dalvin Cook,RB,9.6
4,414.l.921976.t.14,414.p.31840,T.J. Hockenson,TE,35.9
4,414.l.921976.t.14,414.p.31919,Damien Harris,RB,14.9
4,414.l.921976.t.14,414.p.31074,Nyheim Miller-Hines,RB,1.3
4,414.l.921976.t.14,414.p.26699,Keenan Allen,WR,0.0
4,414.l.921976.t.14,414.p.29274,Sterling Shepard,WR,0.0
4,414.l.921976.t.14,414.p.29269,Hunter Henry,TE,2.3
4,414.l.921976.t.14,414.p.26664,Robert Woods,WR,11.0
4,414.l.921976.t.14,414.p.28408,Nelson Agholor,WR,6.1
4,414.l.921976.t.14,414.p.32858,Tyler Bass,K,11.0
4,414.l.921976.t.14,414.p.100009,Packers,DEF,7.0
4,414.l.921976.t.14,414.p.100025,49ers,DEF,21.0
4,414.l.921976.t.12,414.p.30977,Josh Allen,QB,24.52
4,414.l.921976.t.12,414.p.31868,Deebo Samuel,WR,20.7
4,414.l.921976.t.12,414.p.27591,Jarvis Landry,WR,3.7
4,414.l.921976.t.12,414.p.30423,Austin Ekeler,RB,31.9
4,414.l.921976.t.12,414.p.28654,Raheem Mostert,RB,9.1
4,414.l.921976.t.12,414.p.31019,Dallas Goedert,TE,9.7
4,414.l.921976.t.12,414.p.24815,Mark Ingram II,RB,5.8
4,414.l.921976.t.12,414.p.30118,Corey Davis,WR,15.9
4,414.l.921976.t.12,414.p.27648,Logan Thomas,TE,4.4
4,414.l.921976.t.12,414.p.31051,Michael Gallup,WR,9.4
4,414.l.921976.t.12,414.p.24822,Andy Dalton,QB,13.74
4,414.l.921976.t.12,414.p.28267,Cameron Brate,TE,5.2
4,414.l.921976.t.12,414.p.24967,Tyrod Taylor,QB,2.44
4,414.l.921976.t.12,414.p.33967,Jameson Williams,WR,0.0
4,414.l.921976.t.12,414.p.9526,Graham Gano,K,10.0
4,414.l.921976.t.12,414.p.100010,Titans,DEF,10.0
4,414.l.921976.t.4,414.p.29235,Jared Goff,QB,34.22
4,414.l.921976.t.4,414.p.32687,CeeDee Lamb,WR,18.7
4,414.l.921976.t.4,414.p.30175,JuJu Smith-Schuster,WR,7.1
4,414.l.921976.t.4,414.p.30161,Joe Mixon,RB,15.4
4,414.l.921976.t.4,414.p.32725,J.K. Dobbins,RB,20.3
4,414.l.921976.t.4,414.p.28592,Darren Waller,TE,3.9
4,414.l.921976.t.4,414.p.34088,Romeo Doubs,WR,11.2
4,414.l.921976.t.4,414.p.28390,Marcus Mariota,QB,4.86
4,414.l.921976.t.4,414.p.33465,Joshua Palmer,WR,3.0
4,414.l.921976.t.4,414.p.33996,Kenneth Walker III,RB,2.9
4,414.l.921976.t.4,414.p.33975,Kenny Pickett,QB,15.3
4,414.l.921976.t.4,414.p.30227,Samaje Perine,RB,0.0
4,414.l.921976.t.4,414.p.34078,Zamir White,RB,2.4
4,414.l.921976.t.4,414.p.34320,Jordan Mason,RB,0.0
4,414.l.921976.t.4,414.p.9520,Ryan Succop,K,8.0
4,414.l.921976.t.4,414.p.100006,Cowboys,DEF,10.0
4,414.l.921976.t.15,414.p.5228,Tom Brady,QB,25.4
4,414.l.921976.t.15,414.p.31010,Courtland Sutton,WR,13.7
4,414.l.921976.t.15,414.p.31883,A.J. Brown,WR,12.0
4,414.l.921976.t.15,414.p.32736,Antonio Gibson,RB,7.8
4,414.l.921976.t.15,414.p.33138,James Robinson,RB,2.9
4,414.l.921976.t.15,414.p.30142,David Njoku,TE,7.2
4,414.l.921976.t.15,414.p.32798,Gabe Davis,WR,1.8
4,414.l.921976.t.15,414.p.33389,Trevor Lawrence,QB,6.66
4,414.l.921976.t.15,414.p.31838,Daniel Jones,QB,21.64
4,414.l.921976.t.15,414.p.31928,Dawson Knox,TE,5.5
4,414.l.921976.t.15,414.p.33582,Elijah Mitchell,RB,0.0
4,414.l.921976.t.15,414.p.33508,Rhamondre Stevenson,RB,10.9
4,414.l.921976.t.15,414.p.32231,Jakobi Meyers,WR,0.0
4,414.l.921976.t.15,414.p.24797,Blaine Gabbert,QB,0.0
4,414.l.921976.t.15,414.p.33537,Evan McPherson,K,11.0
4,414.l.921976.t.15,414.p.100027,Buccaneers,DEF,1.0
4,414.l.921976.t.10,414.p.27590,Jimmy Garoppolo,QB,13.86
4,414.l.921976.t.10,414.p.32692,Justin Jefferson,WR,26.0
4,414.l.921976.t.10,414.p.33393,Ja'Marr Chase,WR,10.1
4,414.l.921976.t.10,414.p.33495,Michael Carter,RB,3.9
4,414.l.921976.t.10,414.p.32702,Clyde Edwards-Helaire,RB,21.9
4,414.l.921976.t.10,414.p.30259,George Kittle,TE,3.4
4,414.l.921976.t.10,414.p.33965,Garrett Wilson,WR,5.1
4,414.l.921976.t.10,414.p.29325,Jacoby Brissett,QB,15.96
4,414.l.921976.t.10,414.p.33422,Elijah Moore,WR,7.0
4,414.l.921976.t.10,414.p.30777,Robert Tonyan,TE,9.2
4,414.l.921976.t.10,414.p.34047,Rachaad White,RB,12.1
4,414.l.921976.t.10,414.p.34042,Malik Willis,QB,0.0
4,414.l.921976.t.10,414.p.34030,Desmond Ridder,QB,0.0
4,414.l.921976.t.10,414.p.30352,Noah Brown,WR,7.6
4,414.l.921976.t.10,414.p.30266,Jake Elliott,K,5.0
4,414.l.921976.t.10,414.p.100005,Browns,DEF,3.0
5,414.l.921976.t.5,414.p.30123,Patrick Mahomes,QB,30.48
5,414.l.921976.t.5,414.p.30120,Mike Williams,WR,18.4
5,414.l.921976.t.5,414.p.32695,Brandon Aiyuk,WR,7.3
5,414.l.921976.t.5,414.p.32732,A.J. Dillon,RB,3.4
5,414.l.921976.t.5,414.p.30180,Alvin Kamara,RB,20.4
5,414.l.921976.t.5,414.p.30136,Evan Engram,TE,9.9
5,414.l.921976.t.5,414.p.30153,Curtis Samuel,WR,9.2
5,414.l.921976.t.5,414.p.32676,Justin Herbert,QB,14.42
5,414.l.921976.t.5,414.p.31960,Tony Pollard,RB,14.6
5,414.l.921976.t.5,414.p.31934,Alexander Mattison,RB,5.5
5,414.l.921976.t.5,414.p.33408,Kadarius Toney,WR,0.0
5,414.l.921976.t.5,414.p.31164,Russell Gage Jr.,WR,5.0
5,414.l.921976.t.5,414.p.32523,Greg Dortch,WR,0.0
5,414.l.921976.t.5,414.p.32857,Donovan Peoples-Jones,WR,7.0
5,414.l.921976.t.5,414.p.31538,Greg Joseph,K,3.0
5,414.l.921976.t.5,414.p.100007,Broncos,DEF,14.0
5,414.l.921976.t.13,414.p.32671,Joe Burrow,QB,18.28
5,414.l.921976.t.13,414.p.33394,Jaylen Waddle,WR,3.8
5,414.l.921976.t.13,414.p.33398,DeVonta Smith,WR,13.7
5,414.l.921976.t.13,414.p.30117,Leonard Fournette,RB,30.9
5,414.l.921976.t.13,414.p.34063,Dameon Pierce,RB,18.8
5,414.l.921976.t.13,414.p.31012,Mike Gesicki,TE,3.5
5,414.l.921976.t.13,414.p.32843,Darnell Mooney,WR,6.2
5,414.l.921976.t.13,414.p.33991,Breece Hall,RB,26.7
5,414.l.921976.t.13,414.p.32675,Tua Tagovailoa,QB,0.0
5,414.l.921976.t.13,414.p.26652,Cordarrelle Patterson,RB,0.0
5,414.l.921976.t.13,414.p.31981,Hunter Renfrow,WR,4.5
5,414.l.921976.t.13,414.p.34007,George Pickens,WR,11.3
5,414.l.921976.t.13,414.p.26650,DeAndre Hopkins,WR,0.0
5,414.l.921976.t.13,414.p.30125,Deshaun Watson,QB,0.0
5,414.l.921976.t.13,414.p.8432,Nick Folk,K,18.0
5,414.l.921976.t.13,414.p.100014,Rams,DEF,4.0
5,414.l.921976.t.6,414.p.31833,Kyler Murray,QB,17.2
5,414.l.921976.t.6,414.p.32685,Jerry Jeudy,WR,6.8
5,414.l.921976.t.6,414.p.27535,Mike Evans,WR,10.1
5,414.l.921976.t.6,414.p.31885,Miles Sanders,RB,7.4
5,414.l.921976.t.6,414.p.31856,Josh Jacobs,RB,27.8
5,414.l.921976.t.6,414.p.30995,Hayden Hurst,TE,14.3
5,414.l.921976.t.6,414.p.32870,Quez Watkins,WR,3.4
5,414.l.921976.t.6,414.p.33399,Justin Fields,QB,17.02
5,414.l.921976.t.6,414.p.32705,D'Andre Swift,RB,0.0
5,414.l.921976.t.6,414.p.32716,KJ Hamler,WR,1.5
5,414.l.921976.t.6,414.p.29315,Austin Hooper,TE,1.2
5,414.l.921976.t.6,414.p.25876,Marvin Jones Jr.,WR,13.9
5,414.l.921976.t.6,414.p.33998,Wan'Dale Robinson,WR,0.0
5,414.l.921976.t.6,414.p.33538,Kenneth Gainwell,RB,2.0
5,414.l.921976.t.6,414.p.26534,Justin Tucker,K,16.0
5,414.l.921976.t.6,414.p.100021,Eagles,DEF,4.0
5,414.l.921976.t.16,414.p.32723,Jalen Hurts,QB,27.66
5,414.l.921976.t.16,414.p.27581,Davante Adams,WR,25.9
5,414.l.921976.t.16,414.p.31898,Diontae Johnson,WR,8.5
5,414.l.921976.t.16,414.p.30199,Kareem Hunt,RB,13.2
5,414.l.921976.t.16,414.p.31104,Chase Edmonds,RB,0.1
5,414.l.921976.t.16,414.p.26686,Travis Kelce,TE,30.0
5,414.l.921976.t.16,414.p.30230,Josh Reynolds,WR,12.2
5,414.l.921976.t.16,414.p.25718,Ryan Tannehill,QB,11.54
5,414.l.921976.t.16,414.p.33971,Jahan Dotson,WR,0.0
5,414.l.921976.t.16,414.p.31144,Marquez Valdes-Scantling,WR,12.0
5,414.l.921976.t.16,414.p.29650,J.D. McKissic,RB,6.2
5,414.l.921976.t.16,414.p.32010,Gardner Minshew,QB,0.0
5,414.l.921976.t.16,414.p.34447,Jaylen Warren,RB,8.3
5,414.l.921976.t.16,414.p.32756,Zack Moss,RB,0.7
5,414.l.921976.t.16,414.p.31199,Jason Sanders,K,6.0
5,414.l.921976.t.16,414.p.100029,Panthers,DEF,5.0
5,414.l.921976.t.8,414.p.27564,Derek Carr,QB,17.94
5,414.l.921976.t.8,414.p.31017,Christian Kirk,WR,1.6
5,414.l.921976.t.8,414.p.33500,Amon-Ra St. Brown,WR,3.8
5,414.l.921976.t.8,414.p.29238,Ezekiel Elliott,RB,7.8
5,414.l.921976.t.8,414.p.31906,Devin Singletary,RB,5.1
5,414.l.921976.t.8,414.p.31056,Mark Andrews,TE,18.9
5,414.l.921976.t.8,414.p.32722,Cam Akers,RB,3.3
5,414.l.921976.t.8,414.p.30788,Cooper Rush,QB,3.98
5,414.l.921976.t.8,414.p.29288,Tyler Boyd,WR,4.7
5,414.l.921976.t.8,414.p.30157,Gerald Everett,TE,0.7
5,414.l.921976.t.8,414.p.31874,Drew Lock,QB,0.0
5,414.l.921976.t.8,414.p.34019,James Cook III,RB,9.1
5,414.l.921976.t.8,414.p.33437,Rondale Moore,WR,9.6
5,414.l.921976.t.8,414.p.30973,Sam Darnold,QB,0.0
5,414.l.921976.t.8,414.p.31977,Matt Gay,K,4.0
5,414.l.921976.t.8,414.p.100015,Dolphins,DEF,-2.0
5,414.l.921976.t.7,414.p.31002,Lamar Jackson,QB,15.76
5,414.l.921976.t.7,414.p.27548,Brandin Cooks,WR,4.0
5,414.l.921976.t.7,414.p.32703,Tee Higgins,WR,0.0
5,414.l.921976.t.7,414.p.30972,Saquon Barkley,RB,18.1
5,414.l.921976.t.7,414.p.31905,David Montgomery,RB,16.2
5,414.l.921976.t.7,414.p.29344,Tyler Higbee,TE,8.1
5,414.l.921976.t.7,414.p.34107,Tyler Allgeier,RB,4.5
5,414.l.921976.t.7,414.p.7200,Aaron Rodgers,QB,16.88
5,414.l.921976.t.7,414.p.33605,Khalil Herbert,RB,1.1
5,414.l.921976.t.7,414.p.33443,Pat Freiermuth,TE,2.2
5,414.l.921976.t.7,414.p.33973,Treylon Burks,WR,0.0
5,414.l.921976.t.7,414.p.31031,DJ Chark,WR,0.0
5,414.l.921976.t.7,414.p.33455,Davis Mills,QB,5.8
5,414.l.921976.t.7,414.p.27624,Jerick McKinnon,RB,8.2
5,414.l.921976.t.7,414.p.30426,Younghoe Koo,K,1.0
5,414.l.921976.t.7,414.p.100024,Chargers,DEF,1.0
5,414.l.921976.t.1,414.p.29236,Carson Wentz,QB,22.86
5,414.l.921976.t.1,414.p.33966,Chris Olave,WR,13.4
5,414.l.921976.t.1,414.p.30197,Chris Godwin Jr.,WR,9.3
5,414.l.921976.t.1,414.p.31005,Nick Chubb,RB,25.4
5,414.l.921976.t.1,414.p.29279,Derrick Henry,RB,26.2
5,414.l.921976.t.1,414.p.31090,Will Dissly,TE,3.1
5,414.l.921976.t.1,414.p.30247,Jamaal Williams,RB,5.6
5,414.l.921976.t.1,414.p.31268,Allen Lazard,WR,11.5
5,414.l.921976.t.1,414.p.33403,Mac Jones,QB,0.0
5,414.l.921976.t.1,414.p.33415,Rashod Bateman,WR,0.0
5,414.l.921976.t.1,414.p.27589,Allen Robinson,WR,2.7
5,414.l.921976.t.1,414.p.32719,Chase Claypool,WR,7.5
5,414.l.921976.t.1,414.p.31888,Mecole Hardman Jr.,WR,10.0
5,414.l.921976.t.1,414.p.27540,Odell Beckham Jr.,WR,0.0
5,414.l.921976.t.1,414.p.27120,Brandon McManus,K,11.0
5,414.l.921976.t.1,414.p.100002,Bills,DEF,15.0
5,414.l.921976.t.9,414.p.33390,Zach Wilson,QB,14.6
5,414.l.921976.t.9,414.p.29399,Tyreek Hill,WR,9.5
5,414.l.921976.t.9,414.p.28457,Tyler Lockett,WR,24.9
5,414.l.921976.t.9,414.p.30295,Aaron Jones Sr.,RB,9.0
5,414.l.921976.t.9,414.p.31228,Mike Boone,RB,10.0
5,414.l.921976.t.9,414.p.31127,Tyler Conklin,TE,0.0
5,414.l.921976.t.9,414.p.30231,Mack Hollins,WR,0.0
5,414.l.921976.t.9,414.p.30971,Baker Mayfield,QB,7.6
5,414.l.921976.t.9,414.p.26813,Rex Burkhead,RB,3.8
5,414.l.921976.t.9,414.p.31457,Dontrell Hilliard,RB,10.3
5,414.l.921976.t.9,414.p.31424,Gus Edwards,RB,0.0
5,414.l.921976.t.9,414.p.33514,Chuba Hubbard,RB,0.0
5,414.l.921976.t.9,414.p.34093,Bailey Zappe,QB,11.02
5,414.l.921976.t.9,414.p.34080,Cade York,K,4.0
5,414.l.921976.t.9,414.p.100017,Patriots,DEF,22.0
5,414.l.921976.t.9,414.p.100004,Bengals,DEF,4.0
5,414.l.921976.t.2,414.p.25812,Kirk Cousins,QB,23.24
5,414.l.921976.t.2,414.p.28534,Stefon Diggs,WR,20.2
5,414.l.921976.t.2,414.p.30182,Cooper Kupp,WR,22.4
5,414.l.921976.t.2,414.p.31394,Jeff Wilson Jr.,RB,19.7
5,414.l.921976.t.2,414.p.28403,Melvin Gordon III,RB,11.8
5,414.l.921976.t.2,414.p.26658,Zach Ertz,TE,7.8
5,414.l.921976.t.2,414.p.33963,Drake London,WR,5.5
5,414.l.921976.t.2,414.p.26662,Geno Smith,QB,24.02
5,414.l.921976.t.2,414.p.29369,Dak Prescott,QB,0.0
5,414.l.921976.t.2,414.p.30285,Isaiah McKenzie,WR,0.0
5,414.l.921976.t.2,414.p.26804,Latavius Murray,RB,0.0
5,414.l.921976.t.2,414.p.33798,Deon Jackson,RB,11.1
5,414.l.921976.t.2,414.p.28402,DeVante Parker,WR,0.0
5,414.l.921976.t.2,414.p.27369,Brett Maher,K,11.0
5,414.l.921976.t.2,414.p.100009,Packers,DEF,3.0
5,414.l.921976.t.2,414.p.100012,Chiefs,DEF,1.0
5,414.l.921976.t.11,414.p.25785,Russell Wilson,QB,11.16
5,414.l.921976.t.11,414.p.31908,Terry McLaurin,WR,10.1
5,414.l.921976.t.11,414.p.31857,Hollywood Brown,WR,17.8
5,414.l.921976.t.11,414.p.30997,Rashaad Penny,RB,5.4
5,414.l.921976.t.11,414.p.33413,Travis Etienne Jr.,RB,12.9
5,414.l.921976.t.11,414.p.31107,Dalton Schultz,TE,0.0
5,414.l.921976.t.11,414.p.30150,Zay Jones,WR,2.7
5,414.l.921976.t.11,414.p.27560,Teddy Bridgewater,QB,0.0
5,414.l.921976.t.11,414.p.29281,Michael Thomas,WR,0.0
5,414.l.921976.t.11,414.p.8780,Matt Ryan,QB,8.14
5,414.l.921976.t.11,414.p.32711,Jonathan Taylor,RB,0.0
5,414.l.921976.t.11,414.p.31882,Irv Smith Jr.,TE,6.2
5,414.l.921976.t.11,414.p.24793,Julio Jones,WR,0.0
5,414.l.921976.t.11,414.p.33477,Nico Collins,WR,8.5
5,414.l.921976.t.11,414.p.31137,Daniel Carlson,K,16.0
5,414.l.921976.t.11,414.p.100026,Seahawks,DEF,1.0
5,414.l.921976.t.3,414.p.9265,Matthew Stafford,QB,11.32
5,414.l.921976.t.3,414.p.32704,Michael Pittman Jr.,WR,8.4
5,414.l.921976.t.3,414.p.31896,DK Metcalf,WR,15.3
5,414.l.921976.t.3,414.p.33412,Najee Harris,RB,5.1
5,414.l.921976.t.3,414.p.30218,James Conner,RB,6.8
5,414.l.921976.t.3,414.p.33113,Juwan Johnson,TE,1.8
5,414.l.921976.t.3,414.p.30994,DJ Moore,WR,8.7
5,414.l.921976.t.3,414.p.32762,Devin Duvernay,WR,10.3
5,414.l.921976.t.3,414.p.28389,Jameis Winston,QB,0.0
5,414.l.921976.t.3,414.p.33392,Kyle Pitts Sr.,TE,0.0
5,414.l.921976.t.3,414.p.34207,Isiah Pacheco,RB,0.0
5,414.l.921976.t.3,414.p.33732,Caleb Huntley,RB,3.4
5,414.l.921976.t.3,414.p.34054,Brian Robinson Jr.,RB,2.2
5,414.l.921976.t.3,414.p.31902,Darrell Henderson Jr.,RB,5.0
5,414.l.921976.t.3,414.p.33781,Riley Patterson,K,7.0
5,414.l.921976.t.3,414.p.100016,Vikings,DEF,4.0
5,414.l.921976.t.14,414.p.30614,Taysom Hill,"QB,TE",34.08
5,414.l.921976.t.14,414.p.27277,Adam Thielen,WR,4.7
5,414.l.921976.t.14,414.p.28392,Amari Cooper,WR,17.1
5,414.l.921976.t.14,414.p.30121,Christian McCaffrey,RB,19.9
5,414.l.921976.t.14,414.p.30154,Dalvin Cook,RB,25.1
5,414.l.921976.t.14,414.p.31840,T.J. Hockenson,TE,1.1
5,414.l.921976.t.14,414.p.31919,Damien Harris,RB,1.7
5,414.l.921976.t.14,414.p.31074,Nyheim Miller-Hines,RB,1.3
5,414.l.921976.t.14,414.p.30115,Mitchell Trubisky,QB,0.0
5,414.l.921976.t.14,414.p.26699,Keenan Allen,WR,0.0
5,414.l.921976.t.14,414.p.29274,Sterling Shepard,WR,0.0
5,414.l.921976.t.14,414.p.29269,Hunter Henry,TE,7.4
5,414.l.921976.t.14,414.p.26664,Robert Woods,WR,5.7
5,414.l.921976.t.14,414.p.28408,Nelson Agholor,WR,0.0
5,414.l.921976.t.14,414.p.32858,Tyler Bass,K,8.0
5,414.l.921976.t.14,414.p.100025,49ers,DEF,15.0
5,414.l.921976.t.12,414.p.30977,Josh Allen,QB,36.16
5,414.l.921976.t.12,414.p.31868,Deebo Samuel,WR,10.2
5,414.l.921976.t.12,414.p.27591,Jarvis Landry,WR,0.0
5,414.l.921976.t.12,414.p.30423,Austin Ekeler,RB,33.9
5,414.l.921976.t.12,414.p.28654,Raheem Mostert,RB,18.7
5,414.l.921976.t.12,414.p.31019,Dallas Goedert,TE,13.5
5,414.l.921976.t.12,414.p.24815,Mark Ingram II,RB,3.6
5,414.l.921976.t.12,414.p.30118,Corey Davis,WR,4.8
5,414.l.921976.t.12,414.p.27648,Logan Thomas,TE,0.0
5,414.l.921976.t.12,414.p.31051,Michael Gallup,WR,6.4
5,414.l.921976.t.12,414.p.24822,Andy Dalton,QB,10.88
5,414.l.921976.t.12,414.p.28267,Cameron Brate,TE,0.0
5,414.l.921976.t.12,414.p.24967,Tyrod Taylor,QB,0.0
5,414.l.921976.t.12,414.p.33967,Jameson Williams,WR,0.0
5,414.l.921976.t.12,414.p.9526,Graham Gano,K,10.0
5,414.l.921976.t.12,414.p.100010,Titans,DEF,6.0
5,414.l.921976.t.4,414.p.29235,Jared Goff,QB,6.86
5,414.l.921976.t.4,414.p.32687,CeeDee Lamb,WR,7.8
5,414.l.921976.t.4,414.p.30175,JuJu Smith-Schuster,WR,4.8
5,414.l.921976.t.4,414.p.30161,Joe Mixon,RB,10.3
5,414.l.921976.t.4,414.p.32725,J.K. Dobbins,RB,4.4
5,414.l.921976.t.4,414.p.28592,Darren Waller,TE,0.0
5,414.l.921976.t.4,414.p.34088,Romeo Doubs,WR,4.4
5,414.l.921976.t.4,414.p.28390,Marcus Mariota,QB,17.98
5,414.l.921976.t.4,414.p.33465,Joshua Palmer,WR,3.9
5,414.l.921976.t.4,414.p.33996,Kenneth Walker III,RB,14.8
5,414.l.921976.t.4,414.p.33975,Kenny Pickett,QB,13.08
5,414.l.921976.t.4,414.p.30227,Samaje Perine,RB,7.6
5,414.l.921976.t.4,414.p.34078,Zamir White,RB,-0.7
5,414.l.921976.t.4,414.p.34320,Jordan Mason,RB,0.0
5,414.l.921976.t.4,414.p.9520,Ryan Succop,K,8.0
5,414.l.921976.t.4,414.p.100006,Cowboys,DEF,23.0
5,414.l.921976.t.15,414.p.5228,Tom Brady,QB,19.74
5,414.l.921976.t.15,414.p.31010,Courtland Sutton,WR,9.9
5,414.l.921976.t.15,414.p.31883,A.J. Brown,WR,4.7
5,414.l.921976.t.15,414.p.33138,James Robinson,RB,4.9
5,414.l.921976.t.15,414.p.33508,Rhamondre Stevenson,RB,18.5
5,414.l.921976.t.15,414.p.30142,David Njoku,TE,11.8
5,414.l.921976.t.15,414.p.32798,Gabe Davis,WR,30.6
5,414.l.921976.t.15,414.p.33389,Trevor Lawrence,QB,12.34
5,414.l.921976.t.15,414.p.32736,Antonio Gibson,RB,5.4
5,414.l.921976.t.15,414.p.31838,Daniel Jones,QB,12.38
5,414.l.921976.t.15,414.p.31928,Dawson Knox,TE,0.0
5,414.l.921976.t.15,414.p.33582,Elijah Mitchell,RB,0.0
5,414.l.921976.t.15,414.p.32231,Jakobi Meyers,WR,20.6
5,414.l.921976.t.15,414.p.24797,Blaine Gabbert,QB,0.0
5,414.l.921976.t.15,414.p.33537,Evan McPherson,K,6.0
5,414.l.921976.t.15,414.p.100027,Buccaneers,DEF,6.0
5,414.l.921976.t.10,414.p.27590,Jimmy Garoppolo,QB,18.02
5,414.l.921976.t.10,414.p.32692,Justin Jefferson,WR,24.32
5,414.l.921976.t.10,414.p.33393,Ja'Marr Chase,WR,8.5
5,414.l.921976.t.10,414.p.33495,Michael Carter,RB,16.3
5,414.l.921976.t.10,414.p.32702,Clyde Edwards-Helaire,RB,5.0
5,414.l.921976.t.10,414.p.30259,George Kittle,TE,5.2
5,414.l.921976.t.10,414.p.33965,Garrett Wilson,WR,4.2
5,414.l.921976.t.10,414.p.29325,Jacoby Brissett,QB,15.4
5,414.l.921976.t.10,414.p.33422,Elijah Moore,WR,1.6
5,414.l.921976.t.10,414.p.30777,Robert Tonyan,TE,4.3
5,414.l.921976.t.10,414.p.34047,Rachaad White,RB,5.7
5,414.l.921976.t.10,414.p.34042,Malik Willis,QB,0.0
5,414.l.921976.t.10,414.p.34030,Desmond Ridder,QB,0.0
5,414.l.921976.t.10,414.p.31001,Sony Michel,RB,0.0
5,414.l.921976.t.10,414.p.31366,Michael Badgley,K,0.0
5,414.l.921976.t.10,414.p.100030,Jaguars,DEF,5.0
6,414.l.921976.t.5,414.p.30123,Patrick Mahomes,QB,21.62
6,414.l.921976.t.5,414.p.30120,Mike Williams,WR,2.7
6,414.l.921976.t.5,414.p.32695,Brandon Aiyuk,WR,24.3
6,414.l.921976.t.5,414.p.32732,A.J. Dillon,RB,7.2
6,414.l.921976.t.5,414.p.30180,Alvin Kamara,RB,15.4
6,414.l.921976.t.5,414.p.30136,Evan Engram,TE,6.5
6,414.l.921976.t.5,414.p.30153,Curtis Samuel,WR,1.6
6,414.l.921976.t.5,414.p.32676,Justin Herbert,QB,9.42
6,414.l.921976.t.5,414.p.31960,Tony Pollard,RB,6.2
6,414.l.921976.t.5,414.p.31934,Alexander Mattison,RB,0.3
6,414.l.921976.t.5,414.p.33408,Kadarius Toney,WR,0.0
6,414.l.921976.t.5,414.p.31164,Russell Gage Jr.,WR,3.0
6,414.l.921976.t.5,414.p.32523,Greg Dortch,WR,0.0
6,414.l.921976.t.5,414.p.28839,Taylor Heinicke,QB,0.0
6,414.l.921976.t.5,414.p.31538,Greg Joseph,K,4.0
6,414.l.921976.t.5,414.p.100007,Broncos,DEF,5.0
6,414.l.921976.t.13,414.p.32671,Joe Burrow,QB,32.5
6,414.l.921976.t.13,414.p.33394,Jaylen Waddle,WR,13.9
6,414.l.921976.t.13,414.p.33398,DeVonta Smith,WR,12.9
6,414.l.921976.t.13,414.p.30117,Leonard Fournette,RB,19.1
6,414.l.921976.t.13,414.p.33991,Breece Hall,RB,19.1
6,414.l.921976.t.13,414.p.31012,Mike Gesicki,TE,21.9
6,414.l.921976.t.13,414.p.32843,Darnell Mooney,WR,10.3
6,414.l.921976.t.13,414.p.34007,George Pickens,WR,4.3
6,414.l.921976.t.13,414.p.34063,Dameon Pierce,RB,0.0
6,414.l.921976.t.13,414.p.32675,Tua Tagovailoa,QB,0.0
6,414.l.921976.t.13,414.p.26652,Cordarrelle Patterson,RB,0.0
6,414.l.921976.t.13,414.p.31981,Hunter Renfrow,WR,0.0
6,414.l.921976.t.13,414.p.26650,DeAndre Hopkins,WR,0.0
6,414.l.921976.t.13,414.p.30125,Deshaun Watson,QB,0.0
6,414.l.921976.t.13,414.p.8432,Nick Folk,K,8.0
6,414.l.921976.t.13,414.p.100014,Rams,DEF,12.0
6,414.l.921976.t.6,414.p.31833,Kyler Murray,QB,15.88
6,414.l.921976.t.6,414.p.32685,Jerry Jeudy,WR,6.9
6,414.l.921976.t.6,414.p.27535,Mike Evans,WR,6.2
6,414.l.921976.t.6,414.p.31885,Miles Sanders,RB,13.7
6,414.l.921976.t.6,414.p.34157,Keaontay Ingram,RB,0.7
6,414.l.921976.t.6,414.p.30995,Hayden Hurst,TE,3.6
6,414.l.921976.t.6,414.p.32857,Donovan Peoples-Jones,WR,9.6
6,414.l.921976.t.6,414.p.33399,Justin Fields,QB,19.4
6,414.l.921976.t.6,414.p.25876,Marvin Jones Jr.,WR,0.0
6,414.l.921976.t.6,414.p.33538,Kenneth Gainwell,RB,2.5
6,414.l.921976.t.6,414.p.31856,Josh Jacobs,RB,0.0
6,414.l.921976.t.6,414.p.32870,Quez Watkins,WR,0.2
6,414.l.921976.t.6,414.p.32705,D'Andre Swift,RB,0.0
6,414.l.921976.t.6,414.p.32716,KJ Hamler,WR,5.4
6,414.l.921976.t.6,414.p.26534,Justin Tucker,K,8.0
6,414.l.921976.t.6,414.p.100021,Eagles,DEF,7.0
6,414.l.921976.t.16,414.p.32723,Jalen Hurts,QB,16.9
6,414.l.921976.t.16,414.p.31898,Diontae Johnson,WR,6.1
6,414.l.921976.t.16,414.p.31144,Marquez Valdes-Scantling,WR,0.0
6,414.l.921976.t.16,414.p.30199,Kareem Hunt,RB,1.2
6,414.l.921976.t.16,414.p.31104,Chase Edmonds,RB,4.1
6,414.l.921976.t.16,414.p.26686,Travis Kelce,TE,15.2
6,414.l.921976.t.16,414.p.29650,J.D. McKissic,RB,2.0
6,414.l.921976.t.16,414.p.28461,Tevin Coleman,RB,0.3
6,414.l.921976.t.16,414.p.25718,Ryan Tannehill,QB,0.0
6,414.l.921976.t.16,414.p.30230,Josh Reynolds,WR,0.0
6,414.l.921976.t.16,414.p.27581,Davante Adams,WR,0.0
6,414.l.921976.t.16,414.p.33971,Jahan Dotson,WR,0.0
6,414.l.921976.t.16,414.p.32010,Gardner Minshew,QB,0.0
6,414.l.921976.t.16,414.p.34447,Jaylen Warren,RB,0.2
6,414.l.921976.t.16,414.p.31199,Jason Sanders,K,5.0
6,414.l.921976.t.16,414.p.100028,Commanders,DEF,13.0
6,414.l.921976.t.8,414.p.30788,Cooper Rush,QB,8.24
6,414.l.921976.t.8,414.p.31017,Christian Kirk,WR,8.8
6,414.l.921976.t.8,414.p.33437,Rondale Moore,WR,7.9
6,414.l.921976.t.8,414.p.29238,Ezekiel Elliott,RB,15.1
6,414.l.921976.t.8,414.p.31906,Devin Singletary,RB,12.7
6,414.l.921976.t.8,414.p.31056,Mark Andrews,TE,20.1
6,414.l.921976.t.8,414.p.29288,Tyler Boyd,WR,9.6
6,414.l.921976.t.8,414.p.30157,Gerald Everett,TE,5.4
6,414.l.921976.t.8,414.p.32722,Cam Akers,RB,0.0
6,414.l.921976.t.8,414.p.33500,Amon-Ra St. Brown,WR,0.0
6,414.l.921976.t.8,414.p.27564,Derek Carr,QB,0.0
6,414.l.921976.t.8,414.p.31874,Drew Lock,QB,0.0
6,414.l.921976.t.8,414.p.34019,James Cook III,RB,0.8
6,414.l.921976.t.8,414.p.30973,Sam Darnold,QB,0.0
6,414.l.921976.t.8,414.p.31977,Matt Gay,K,6.0
6,414.l.921976.t.8,414.p.100024,Chargers,DEF,7.0
6,414.l.921976.t.7,414.p.31002,Lamar Jackson,QB,17.1
6,414.l.921976.t.7,414.p.32703,Tee Higgins,WR,7.7
6,414.l.921976.t.7,414.p.34008,Alec Pierce,WR,12.4
6,414.l.921976.t.7,414.p.30972,Saquon Barkley,RB,17.0
6,414.l.921976.t.7,414.p.31905,David Montgomery,RB,8.5
6,414.l.921976.t.7,414.p.29344,Tyler Higbee,TE,1.2
6,414.l.921976.t.7,414.p.34107,Tyler Allgeier,RB,5.1
6,414.l.921976.t.7,414.p.7200,Aaron Rodgers,QB,11.84
6,414.l.921976.t.7,414.p.27548,Brandin Cooks,WR,0.0
6,414.l.921976.t.7,414.p.33605,Khalil Herbert,RB,7.4
6,414.l.921976.t.7,414.p.33443,Pat Freiermuth,TE,0.0
6,414.l.921976.t.7,414.p.31031,DJ Chark,WR,0.0
6,414.l.921976.t.7,414.p.33455,Davis Mills,QB,0.0
6,414.l.921976.t.7,414.p.27624,Jerick McKinnon,RB,4.5
6,414.l.921976.t.7,414.p.30426,Younghoe Koo,K,4.0
6,414.l.921976.t.7,414.p.100033,Ravens,DEF,6.0
6,414.l.921976.t.1,414.p.29236,Carson Wentz,QB,4.16
6,414.l.921976.t.1,414.p.30197,Chris Godwin Jr.,WR,12.5
6,414.l.921976.t.1,414.p.27589,Allen Robinson,WR,14.8
6,414.l.921976.t.1,414.p.31005,Nick Chubb,RB,7.5
6,414.l.921976.t.1,414.p.32814,DeeJay Dallas,RB,0.1
6,414.l.921976.t.1,414.p.31090,Will Dissly,TE,1.7
6,414.l.921976.t.1,414.p.31268,Allen Lazard,WR,15.6
6,414.l.921976.t.1,414.p.33403,Mac Jones,QB,0.0
6,414.l.921976.t.1,414.p.33966,Chris Olave,WR,0.0
6,414.l.921976.t.1,414.p.29279,Derrick Henry,RB,0.0
6,414.l.921976.t.1,414.p.30247,Jamaal Williams,RB,0.0
6,414.l.921976.t.1,414.p.33415,Rashod Bateman,WR,0.0
6,414.l.921976.t.1,414.p.32719,Chase Claypool,WR,19.9
6,414.l.921976.t.1,414.p.27540,Odell Beckham Jr.,WR,0.0
6,414.l.921976.t.1,414.p.27120,Brandon McManus,K,13.0
6,414.l.921976.t.1,414.p.100002,Bills,DEF,8.0
6,414.l.921976.t.9,414.p.33390,Zach Wilson,QB,4.5
6,414.l.921976.t.9,414.p.29399,Tyreek Hill,WR,23.7
6,414.l.921976.t.9,414.p.28457,Tyler Lockett,WR,2.7
6,414.l.921976.t.9,414.p.30295,Aaron Jones Sr.,RB,5.9
6,414.l.921976.t.9,414.p.31228,Mike Boone,RB,0.9
6,414.l.921976.t.9,414.p.31127,Tyler Conklin,TE,2.2
6,414.l.921976.t.9,414.p.24851,Randall Cobb,WR,1.3
6,414.l.921976.t.9,414.p.34093,Bailey Zappe,QB,17.86
6,414.l.921976.t.9,414.p.30971,Baker Mayfield,QB,0.0
6,414.l.921976.t.9,414.p.26813,Rex Burkhead,RB,0.0
6,414.l.921976.t.9,414.p.31457,Dontrell Hilliard,RB,0.0
6,414.l.921976.t.9,414.p.31424,Gus Edwards,RB,0.0
6,414.l.921976.t.9,414.p.30231,Mack Hollins,WR,0.0
6,414.l.921976.t.9,414.p.34080,Cade York,K,12.0
6,414.l.921976.t.9,414.p.100005,Browns,DEF,0.0
6,414.l.921976.t.9,414.p.100017,Patriots,DEF,13.0
6,414.l.921976.t.2,414.p.25812,Kirk Cousins,QB,16.5
6,414.l.921976.t.2,414.p.28534,Stefon Diggs,WR,25.8
6,414.l.921976.t.2,414.p.30182,Cooper Kupp,WR,13.2
6,414.l.921976.t.2,414.p.31394,Jeff Wilson Jr.,RB,0.5
6,414.l.921976.t.2,414.p.28403,Melvin Gordon III,RB,0.8
6,414.l.921976.t.2,414.p.26658,Zach Ertz,TE,10.5
6,414.l.921976.t.2,414.p.32892,Eno Benjamin,RB,8.0
6,414.l.921976.t.2,414.p.26662,Geno Smith,QB,12.68
6,414.l.921976.t.2,414.p.33963,Drake London,WR,5.5
6,414.l.921976.t.2,414.p.29369,Dak Prescott,QB,0.0
6,414.l.921976.t.2,414.p.30285,Isaiah McKenzie,WR,1.9
6,414.l.921976.t.2,414.p.33798,Deon Jackson,RB,23.1
6,414.l.921976.t.2,414.p.28402,DeVante Parker,WR,8.4
6,414.l.921976.t.2,414.p.32782,Joshua Kelley,RB,0.0
6,414.l.921976.t.2,414.p.27369,Brett Maher,K,5.0
6,414.l.921976.t.2,414.p.100009,Packers,DEF,2.0
6,414.l.921976.t.11,414.p.25785,Russell Wilson,QB,13.82
6,414.l.921976.t.11,414.p.31908,Terry McLaurin,WR,6.7
6,414.l.921976.t.11,414.p.31857,Hollywood Brown,WR,9.3
6,414.l.921976.t.11,414.p.33413,Travis Etienne Jr.,RB,11.8
6,414.l.921976.t.11,414.p.29307,Kenyan Drake,RB,19.2
6,414.l.921976.t.11,414.p.31882,Irv Smith Jr.,TE,8.7
6,414.l.921976.t.11,414.p.30150,Zay Jones,WR,6.7
6,414.l.921976.t.11,414.p.8780,Matt Ryan,QB,27.16
6,414.l.921976.t.11,414.p.32711,Jonathan Taylor,RB,0.0
6,414.l.921976.t.11,414.p.29281,Michael Thomas,WR,0.0
6,414.l.921976.t.11,414.p.31107,Dalton Schultz,TE,0.0
6,414.l.921976.t.11,414.p.27560,Teddy Bridgewater,QB,20.16
6,414.l.921976.t.11,414.p.30997,Rashaad Penny,RB,0.0
6,414.l.921976.t.11,414.p.8447,Mason Crosby,K,4.0
6,414.l.921976.t.11,414.p.31137,Daniel Carlson,K,0.0
6,414.l.921976.t.11,414.p.100026,Seahawks,DEF,18.0
6,414.l.921976.t.3,414.p.9265,Matthew Stafford,QB,12.82
6,414.l.921976.t.3,414.p.32704,Michael Pittman Jr.,WR,19.9
6,414.l.921976.t.3,414.p.31896,DK Metcalf,WR,4.4
6,414.l.921976.t.3,414.p.33412,Najee Harris,RB,11.9
6,414.l.921976.t.3,414.p.34054,Brian Robinson Jr.,RB,12.0
6,414.l.921976.t.3,414.p.33392,Kyle Pitts Sr.,TE,9.4
6,414.l.921976.t.3,414.p.31902,Darrell Henderson Jr.,RB,12.2
6,414.l.921976.t.3,414.p.34203,Skylar Thompson,QB,4.46
6,414.l.921976.t.3,414.p.28389,Jameis Winston,QB,0.0
6,414.l.921976.t.3,414.p.32762,Devin Duvernay,WR,1.9
6,414.l.921976.t.3,414.p.30218,James Conner,RB,0.0
6,414.l.921976.t.3,414.p.30994,DJ Moore,WR,2.2
6,414.l.921976.t.3,414.p.34207,Isiah Pacheco,RB,2.8
6,414.l.921976.t.3,414.p.33732,Caleb Huntley,RB,5.9
6,414.l.921976.t.3,414.p.30346,Harrison Butker,K,11.0
6,414.l.921976.t.3,414.p.100004,Bengals,DEF,1.0
6,414.l.921976.t.14,414.p.30614,Taysom Hill,"QB,TE",4.54
6,414.l.921976.t.14,414.p.27277,Adam Thielen,WR,13.6
6,414.l.921976.t.14,414.p.28392,Amari Cooper,WR,12.4
6,414.l.921976.t.14,414.p.30121,Christian McCaffrey,RB,19.3
6,414.l.921976.t.14,414.p.30154,Dalvin Cook,RB,14.8
6,414.l.921976.t.14,414.p.29269,Hunter Henry,TE,14.1
6,414.l.921976.t.14,414.p.31888,Mecole Hardman Jr.,WR,11.7
6,414.l.921976.t.14,414.p.30538,P.J. Walker,QB,2.3
6,414.l.921976.t.14,414.p.26699,Keenan Allen,WR,0.0
6,414.l.921976.t.14,414.p.31074,Nyheim Miller-Hines,RB,0.0
6,414.l.921976.t.14,414.p.31919,Damien Harris,RB,0.0
6,414.l.921976.t.14,414.p.31840,T.J. Hockenson,TE,0.0
6,414.l.921976.t.14,414.p.30115,Mitchell Trubisky,QB,10.26
6,414.l.921976.t.14,414.p.26664,Robert Woods,WR,0.0
6,414.l.921976.t.14,414.p.32858,Tyler Bass,K,6.0
6,414.l.921976.t.14,414.p.100025,49ers,DEF,2.0
6,414.l.921976.t.12,414.p.30977,Josh Allen,QB,26.36
6,414.l.921976.t.12,414.p.31868,Deebo Samuel,WR,12.5
6,414.l.921976.t.12,414.p.27591,Jarvis Landry,WR,0.0
6,414.l.921976.t.12,414.p.30423,Austin Ekeler,RB,19.3
6,414.l.921976.t.12,414.p.28654,Raheem Mostert,RB,5.3
6,414.l.921976.t.12,414.p.31019,Dallas Goedert,TE,3.2
6,414.l.921976.t.12,414.p.24815,Mark Ingram II,RB,6.2
6,414.l.921976.t.12,414.p.30118,Corey Davis,WR,6.2
6,414.l.921976.t.12,414.p.27648,Logan Thomas,TE,0.0
6,414.l.921976.t.12,414.p.31051,Michael Gallup,WR,2.8
6,414.l.921976.t.12,414.p.24822,Andy Dalton,QB,10.48
6,414.l.921976.t.12,414.p.28267,Cameron Brate,TE,2.4
6,414.l.921976.t.12,414.p.24967,Tyrod Taylor,QB,0.0
6,414.l.921976.t.12,414.p.33967,Jameson Williams,WR,0.0
6,414.l.921976.t.12,414.p.9526,Graham Gano,K,6.0
6,414.l.921976.t.12,414.p.100010,Titans,DEF,0.0
6,414.l.921976.t.4,414.p.33975,Kenny Pickett,QB,8.28
6,414.l.921976.t.4,414.p.32687,CeeDee Lamb,WR,10.2
6,414.l.921976.t.4,414.p.30175,JuJu Smith-Schuster,WR,19.8
6,414.l.921976.t.4,414.p.30161,Joe Mixon,RB,14.8
6,414.l.921976.t.4,414.p.32725,J.K. Dobbins,RB,1.5
6,414.l.921976.t.4,414.p.32713,Cole Kmet,TE,2.0
6,414.l.921976.t.4,414.p.33996,Kenneth Walker III,RB,18.0
6,414.l.921976.t.4,414.p.28390,Marcus Mariota,QB,24.16
6,414.l.921976.t.4,414.p.28592,Darren Waller,TE,0.0
6,414.l.921976.t.4,414.p.34088,Romeo Doubs,WR,4.1
6,414.l.921976.t.4,414.p.29235,Jared Goff,QB,0.0
6,414.l.921976.t.4,414.p.33465,Joshua Palmer,WR,10.2
6,414.l.921976.t.4,414.p.30227,Samaje Perine,RB,2.6
6,414.l.921976.t.4,414.p.9520,Ryan Succop,K,14.0
6,414.l.921976.t.4,414.p.100003,Bears,DEF,7.0
6,414.l.921976.t.4,414.p.100006,Cowboys,DEF,4.0
6,414.l.921976.t.15,414.p.5228,Tom Brady,QB,13.72
6,414.l.921976.t.15,414.p.31010,Courtland Sutton,WR,2.4
6,414.l.921976.t.15,414.p.31883,A.J. Brown,WR,15.2
6,414.l.921976.t.15,414.p.33138,James Robinson,RB,6.0
6,414.l.921976.t.15,414.p.33508,Rhamondre Stevenson,RB,23.1
6,414.l.921976.t.15,414.p.30142,David Njoku,TE,7.3
6,414.l.921976.t.15,414.p.32798,Gabe Davis,WR,14.9
6,414.l.921976.t.15,414.p.33389,Trevor Lawrence,QB,24.9
6,414.l.921976.t.15,414.p.32231,Jakobi Meyers,WR,8.0
6,414.l.921976.t.15,414.p.32736,Antonio Gibson,RB,6.8
6,414.l.921976.t.15,414.p.31838,Daniel Jones,QB,13.52
6,414.l.921976.t.15,414.p.31928,Dawson Knox,TE,11.2
6,414.l.921976.t.15,414.p.33582,Elijah Mitchell,RB,0.0
6,414.l.921976.t.15,414.p.24797,Blaine Gabbert,QB,0.0
6,414.l.921976.t.15,414.p.33537,Evan McPherson,K,8.0
6,414.l.921976.t.15,414.p.100027,Buccaneers,DEF,3.0
6,414.l.921976.t.10,414.p.27590,Jimmy Garoppolo,QB,18.94
6,414.l.921976.t.10,414.p.32692,Justin Jefferson,WR,13.7
6,414.l.921976.t.10,414.p.33393,Ja'Marr Chase,WR,28.7
6,414.l.921976.t.10,414.p.33495,Michael Carter,RB,5.2
6,414.l.921976.t.10,414.p.32702,Clyde Edwards-Helaire,RB,3.3
6,414.l.921976.t.10,414.p.30259,George Kittle,TE,12.3
6,414.l.921976.t.10,414.p.33965,Garrett Wilson,WR,1.3
6,414.l.921976.t.10,414.p.29325,Jacoby Brissett,QB,10.64
6,414.l.921976.t.10,414.p.33422,Elijah Moore,WR,0.0
6,414.l.921976.t.10,414.p.30777,Robert Tonyan,TE,14.0
6,414.l.921976.t.10,414.p.34047,Rachaad White,RB,3.8
6,414.l.921976.t.10,414.p.34042,Malik Willis,QB,0.0
6,414.l.921976.t.10,414.p.34030,Desmond Ridder,QB,0.0
6,414.l.921976.t.10,414.p.31379,Phillip Lindsay,RB,4.7
6,414.l.921976.t.10,414.p.26800,Dustin Hopkins,K,13.0
6,414.l.921976.t.10,414.p.100030,Jaguars,DEF,-1.0
7,414.l.921976.t.5,414.p.30123,Patrick Mahomes,QB,27.92
7,414.l.921976.t.5,414.p.30120,Mike Williams,WR,18.1
7,414.l.921976.t.5,414.p.32704,Michael Pittman Jr.,WR,6.8
7,414.l.921976.t.5,414.p.32732,A.J. Dillon,RB,1.5
7,414.l.921976.t.5,414.p.30180,Alvin Kamara,RB,14.0
7,414.l.921976.t.5,414.p.30136,Evan Engram,TE,8.7
7,414.l.921976.t.5,414.p.31960,Tony Pollard,RB,11.9
7,414.l.921976.t.5,414.p.32676,Justin Herbert,QB,18.62
7,414.l.921976.t.5,414.p.30153,Curtis Samuel,WR,10.4
7,414.l.921976.t.5,414.p.31934,Alexander Mattison,RB,0.0
7,414.l.921976.t.5,414.p.33408,Kadarius Toney,WR,0.0
7,414.l.921976.t.5,414.p.31164,Russell Gage Jr.,WR,5.9
7,414.l.921976.t.5,414.p.32523,Greg Dortch,WR,7.1
7,414.l.921976.t.5,414.p.34054,Brian Robinson Jr.,RB,9.6
7,414.l.921976.t.5,414.p.25871,Randy Bullock,K,14.0
7,414.l.921976.t.5,414.p.100007,Broncos,DEF,4.0
7,414.l.921976.t.13,414.p.32671,Joe Burrow,QB,39.24
7,414.l.921976.t.13,414.p.26650,DeAndre Hopkins,WR,15.3
7,414.l.921976.t.13,414.p.33394,Jaylen Waddle,WR,10.8
7,414.l.921976.t.13,414.p.30117,Leonard Fournette,RB,3.6
7,414.l.921976.t.13,414.p.33991,Breece Hall,RB,13.2
7,414.l.921976.t.13,414.p.31012,Mike Gesicki,TE,4.2
7,414.l.921976.t.13,414.p.34063,Dameon Pierce,RB,13.7
7,414.l.921976.t.13,414.p.32675,Tua Tagovailoa,QB,15.94
7,414.l.921976.t.13,414.p.32843,Darnell Mooney,WR,6.8
7,414.l.921976.t.13,414.p.34007,George Pickens,WR,15.1
7,414.l.921976.t.13,414.p.33398,DeVonta Smith,WR,0.0
7,414.l.921976.t.13,414.p.26652,Cordarrelle Patterson,RB,0.0
7,414.l.921976.t.13,414.p.31981,Hunter Renfrow,WR,7.0
7,414.l.921976.t.13,414.p.30125,Deshaun Watson,QB,0.0
7,414.l.921976.t.13,414.p.8432,Nick Folk,K,2.0
7,414.l.921976.t.13,414.p.100014,Rams,DEF,0.0
7,414.l.921976.t.6,414.p.31833,Kyler Murray,QB,17.16
7,414.l.921976.t.6,414.p.32685,Jerry Jeudy,WR,13.1
7,414.l.921976.t.6,414.p.27535,Mike Evans,WR,14.1
7,414.l.921976.t.6,414.p.31856,Josh Jacobs,RB,35.0
7,414.l.921976.t.6,414.p.31945,Justice Hill,RB,0.6
7,414.l.921976.t.6,414.p.30995,Hayden Hurst,TE,7.8
7,414.l.921976.t.6,414.p.32857,Donovan Peoples-Jones,WR,8.1
7,414.l.921976.t.6,414.p.33399,Justin Fields,QB,24.36
7,414.l.921976.t.6,414.p.32705,D'Andre Swift,RB,0.0
7,414.l.921976.t.6,414.p.31885,Miles Sanders,RB,0.0
7,414.l.921976.t.6,414.p.25876,Marvin Jones Jr.,WR,7.7
7,414.l.921976.t.6,414.p.33538,Kenneth Gainwell,RB,0.0
7,414.l.921976.t.6,414.p.32716,KJ Hamler,WR,2.3
7,414.l.921976.t.6,414.p.26534,Justin Tucker,K,13.0
7,414.l.921976.t.6,414.p.100013,Raiders,DEF,10.0
7,414.l.921976.t.6,414.p.100021,Eagles,DEF,0.0
7,414.l.921976.t.16,414.p.25718,Ryan Tannehill,QB,3.88
7,414.l.921976.t.16,414.p.31898,Diontae Johnson,WR,7.0
7,414.l.921976.t.16,414.p.27581,Davante Adams,WR,13.5
7,414.l.921976.t.16,414.p.30199,Kareem Hunt,RB,7.3
7,414.l.921976.t.16,414.p.29650,J.D. McKissic,RB,0.4
7,414.l.921976.t.16,414.p.26686,Travis Kelce,TE,12.8
7,414.l.921976.t.16,414.p.30352,Noah Brown,WR,5.5
7,414.l.921976.t.16,414.p.31144,Marquez Valdes-Scantling,WR,12.6
7,414.l.921976.t.16,414.p.30230,Josh Reynolds,WR,1.3
7,414.l.921976.t.16,414.p.31104,Chase Edmonds,RB,1.7
7,414.l.921976.t.16,414.p.28461,Tevin Coleman,RB,0.0
7,414.l.921976.t.16,414.p.32723,Jalen Hurts,QB,0.0
7,414.l.921976.t.16,414.p.32010,Gardner Minshew,QB,0.0
7,414.l.921976.t.16,414.p.34447,Jaylen Warren,RB,3.4
7,414.l.921976.t.16,414.p.31199,Jason Sanders,K,12.0
7,414.l.921976.t.16,414.p.100004,Bengals,DEF,4.0
7,414.l.921976.t.8,414.p.27564,Derek Carr,QB,13.54
7,414.l.921976.t.8,414.p.31017,Christian Kirk,WR,13.6
7,414.l.921976.t.8,414.p.33437,Rondale Moore,WR,3.6
7,414.l.921976.t.8,414.p.29238,Ezekiel Elliott,RB,17.7
7,414.l.921976.t.8,414.p.26753,Kyle Juszczyk,RB,4.9
7,414.l.921976.t.8,414.p.31056,Mark Andrews,TE,0.4
7,414.l.921976.t.8,414.p.29288,Tyler Boyd,WR,25.5
7,414.l.921976.t.8,414.p.33500,Amon-Ra St. Brown,WR,0.9
7,414.l.921976.t.8,414.p.31906,Devin Singletary,RB,0.0
7,414.l.921976.t.8,414.p.30157,Gerald Everett,TE,8.8
7,414.l.921976.t.8,414.p.32722,Cam Akers,RB,0.0
7,414.l.921976.t.8,414.p.31874,Drew Lock,QB,0.0
7,414.l.921976.t.8,414.p.30973,Sam Darnold,QB,0.0
7,414.l.921976.t.8,414.p.34617,Raheem Blackshear,RB,-0.5
7,414.l.921976.t.8,414.p.25881,Greg Zuerlein,K,12.0
7,414.l.921976.t.8,414.p.100024,Chargers,DEF,4.0
7,414.l.921976.t.7,414.p.31002,Lamar Jackson,QB,10.7
7,414.l.921976.t.7,414.p.32703,Tee Higgins,WR,11.8
7,414.l.921976.t.7,414.p.34008,Alec Pierce,WR,5.2
7,414.l.921976.t.7,414.p.30972,Saquon Barkley,RB,15.5
7,414.l.921976.t.7,414.p.31905,David Montgomery,RB,12.2
7,414.l.921976.t.7,414.p.33443,Pat Freiermuth,TE,11.5
7,414.l.921976.t.7,414.p.27548,Brandin Cooks,WR,6.6
7,414.l.921976.t.7,414.p.7200,Aaron Rodgers,QB,15.76
7,414.l.921976.t.7,414.p.34107,Tyler Allgeier,RB,11.0
7,414.l.921976.t.7,414.p.29344,Tyler Higbee,TE,0.0
7,414.l.921976.t.7,414.p.33605,Khalil Herbert,RB,15.2
7,414.l.921976.t.7,414.p.31031,DJ Chark,WR,0.0
7,414.l.921976.t.7,414.p.33455,Davis Mills,QB,19.08
7,414.l.921976.t.7,414.p.33514,Chuba Hubbard,RB,14.3
7,414.l.921976.t.7,414.p.30426,Younghoe Koo,K,6.0
7,414.l.921976.t.7,414.p.100033,Ravens,DEF,12.0
7,414.l.921976.t.1,414.p.33403,Mac Jones,QB,1.92
7,414.l.921976.t.1,414.p.30197,Chris Godwin Jr.,WR,8.0
7,414.l.921976.t.1,414.p.33966,Chris Olave,WR,14.1
7,414.l.921976.t.1,414.p.31005,Nick Chubb,RB,17.7
7,414.l.921976.t.1,414.p.29279,Derrick Henry,RB,15.3
7,414.l.921976.t.1,414.p.31090,Will Dissly,TE,6.5
7,414.l.921976.t.1,414.p.30247,Jamaal Williams,RB,6.8
7,414.l.921976.t.1,414.p.31268,Allen Lazard,WR,8.5
7,414.l.921976.t.1,414.p.29236,Carson Wentz,QB,0.0
7,414.l.921976.t.1,414.p.27589,Allen Robinson,WR,0.0
7,414.l.921976.t.1,414.p.33415,Rashod Bateman,WR,6.2
7,414.l.921976.t.1,414.p.32719,Chase Claypool,WR,6.6
7,414.l.921976.t.1,414.p.27540,Odell Beckham Jr.,WR,0.0
7,414.l.921976.t.1,414.p.27120,Brandon McManus,K,4.0
7,414.l.921976.t.1,414.p.100019,Giants,DEF,5.0
7,414.l.921976.t.1,414.p.100002,Bills,DEF,0.0
7,414.l.921976.t.9,414.p.33390,Zach Wilson,QB,7.24
7,414.l.921976.t.9,414.p.29399,Tyreek Hill,WR,10.7
7,414.l.921976.t.9,414.p.28457,Tyler Lockett,WR,8.0
7,414.l.921976.t.9,414.p.30295,Aaron Jones Sr.,RB,24.1
7,414.l.921976.t.9,414.p.30202,D'Onta Foreman,RB,15.5
7,414.l.921976.t.9,414.p.34068,Daniel Bellinger,TE,1.8
7,414.l.921976.t.9,414.p.32123,Olamide Zaccheaus,WR,4.6
7,414.l.921976.t.9,414.p.30231,Mack Hollins,WR,11.4
7,414.l.921976.t.9,414.p.26813,Rex Burkhead,RB,4.4
7,414.l.921976.t.9,414.p.30971,Baker Mayfield,QB,0.0
7,414.l.921976.t.9,414.p.31457,Dontrell Hilliard,RB,0.4
7,414.l.921976.t.9,414.p.31424,Gus Edwards,RB,18.6
7,414.l.921976.t.9,414.p.34120,Kyren Williams,RB,0.0
7,414.l.921976.t.9,414.p.32713,Cole Kmet,TE,4.2
7,414.l.921976.t.9,414.p.34080,Cade York,K,9.0
7,414.l.921976.t.9,414.p.100017,Patriots,DEF,5.0
7,414.l.921976.t.2,414.p.26662,Geno Smith,QB,14.1
7,414.l.921976.t.2,414.p.33963,Drake London,WR,1.4
7,414.l.921976.t.2,414.p.28402,DeVante Parker,WR,8.3
7,414.l.921976.t.2,414.p.28403,Melvin Gordon III,RB,6.0
7,414.l.921976.t.2,414.p.34207,Isiah Pacheco,RB,4.3
7,414.l.921976.t.2,414.p.26658,Zach Ertz,TE,5.1
7,414.l.921976.t.2,414.p.32892,Eno Benjamin,RB,21.3
7,414.l.921976.t.2,414.p.29369,Dak Prescott,QB,12.28
7,414.l.921976.t.2,414.p.31394,Jeff Wilson Jr.,RB,5.4
7,414.l.921976.t.2,414.p.25812,Kirk Cousins,QB,0.0
7,414.l.921976.t.2,414.p.28534,Stefon Diggs,WR,0.0
7,414.l.921976.t.2,414.p.30182,Cooper Kupp,WR,0.0
7,414.l.921976.t.2,414.p.33798,Deon Jackson,RB,0.3
7,414.l.921976.t.2,414.p.31001,Sony Michel,RB,1.8
7,414.l.921976.t.2,414.p.27369,Brett Maher,K,6.0
7,414.l.921976.t.2,414.p.100009,Packers,DEF,9.0
7,414.l.921976.t.11,414.p.8780,Matt Ryan,QB,11.92
7,414.l.921976.t.11,414.p.30150,Zay Jones,WR,8.8
7,414.l.921976.t.11,414.p.31908,Terry McLaurin,WR,15.8
7,414.l.921976.t.11,414.p.33413,Travis Etienne Jr.,RB,18.4
7,414.l.921976.t.11,414.p.32711,Jonathan Taylor,RB,12.0
7,414.l.921976.t.11,414.p.31107,Dalton Schultz,TE,7.4
7,414.l.921976.t.11,414.p.29307,Kenyan Drake,RB,0.5
7,414.l.921976.t.11,414.p.33477,Nico Collins,WR,4.8
7,414.l.921976.t.11,414.p.25785,Russell Wilson,QB,0.0
7,414.l.921976.t.11,414.p.29281,Michael Thomas,WR,0.0
7,414.l.921976.t.11,414.p.31882,Irv Smith Jr.,TE,0.0
7,414.l.921976.t.11,414.p.27560,Teddy Bridgewater,QB,0.0
7,414.l.921976.t.11,414.p.34005,Tyquan Thornton,WR,2.4
7,414.l.921976.t.11,414.p.31137,Daniel Carlson,K,10.0
7,414.l.921976.t.11,414.p.8447,Mason Crosby,K,3.0
7,414.l.921976.t.11,414.p.100022,Cardinals,DEF,17.0
7,414.l.921976.t.3,414.p.28839,Taylor Heinicke,QB,15.44
7,414.l.921976.t.3,414.p.31896,DK Metcalf,WR,1.7
7,414.l.921976.t.3,414.p.32695,Brandon Aiyuk,WR,11.7
7,414.l.921976.t.3,414.p.33412,Najee Harris,RB,9.5
7,414.l.921976.t.3,414.p.33732,Caleb Huntley,RB,2.2
7,414.l.921976.t.3,414.p.33392,Kyle Pitts Sr.,TE,2.4
7,414.l.921976.t.3,414.p.32762,Devin Duvernay,WR,5.2
7,414.l.921976.t.3,414.p.32221,Brett Rypien,QB,8.9
7,414.l.921976.t.3,414.p.33998,Wan'Dale Robinson,WR,8.0
7,414.l.921976.t.3,414.p.30994,DJ Moore,WR,16.1
7,414.l.921976.t.3,414.p.30218,James Conner,RB,0.0
7,414.l.921976.t.3,414.p.28389,Jameis Winston,QB,0.0
7,414.l.921976.t.3,414.p.9265,Matthew Stafford,QB,0.0
7,414.l.921976.t.3,414.p.31902,Darrell Henderson Jr.,RB,0.0
7,414.l.921976.t.3,414.p.30346,Harrison Butker,K,6.0
7,414.l.921976.t.3,414.p.100015,Dolphins,DEF,12.0
7,414.l.921976.t.14,414.p.30614,Taysom Hill,"QB,TE",9.62
7,414.l.921976.t.14,414.p.28392,Amari Cooper,WR,8.9
7,414.l.921976.t.14,414.p.31888,Mecole Hardman Jr.,WR,26.0
7,414.l.921976.t.14,414.p.30121,Christian McCaffrey,RB,7.2
7,414.l.921976.t.14,414.p.31919,Damien Harris,RB,1.5
7,414.l.921976.t.14,414.p.31840,T.J. Hockenson,TE,6.8
7,414.l.921976.t.14,414.p.26699,Keenan Allen,WR,2.1
7,414.l.921976.t.14,414.p.30538,P.J. Walker,QB,15.08
7,414.l.921976.t.14,414.p.26664,Robert Woods,WR,4.1
7,414.l.921976.t.14,414.p.27277,Adam Thielen,WR,0.0
7,414.l.921976.t.14,414.p.30154,Dalvin Cook,RB,0.0
7,414.l.921976.t.14,414.p.29269,Hunter Henry,TE,1.7
7,414.l.921976.t.14,414.p.31074,Nyheim Miller-Hines,RB,6.8
7,414.l.921976.t.14,414.p.30115,Mitchell Trubisky,QB,0.0
7,414.l.921976.t.14,414.p.28378,Jason Myers,K,16.0
7,414.l.921976.t.14,414.p.100012,Chiefs,DEF,13.0
7,414.l.921976.t.12,414.p.30977,Josh Allen,QB,0.0
7,414.l.921976.t.12,414.p.31868,Deebo Samuel,WR,6.9
7,414.l.921976.t.12,414.p.27591,Jarvis Landry,WR,0.0
7,414.l.921976.t.12,414.p.30423,Austin Ekeler,RB,30.7
7,414.l.921976.t.12,414.p.28654,Raheem Mostert,RB,18.9
7,414.l.921976.t.12,414.p.31019,Dallas Goedert,TE,0.0
7,414.l.921976.t.12,414.p.24815,Mark Ingram II,RB,3.7
7,414.l.921976.t.12,414.p.30118,Corey Davis,WR,0.0
7,414.l.921976.t.12,414.p.27648,Logan Thomas,TE,0.0
7,414.l.921976.t.12,414.p.31051,Michael Gallup,WR,0.0
7,414.l.921976.t.12,414.p.24822,Andy Dalton,QB,29.54
7,414.l.921976.t.12,414.p.28267,Cameron Brate,TE,0.0
7,414.l.921976.t.12,414.p.24967,Tyrod Taylor,QB,0.0
7,414.l.921976.t.12,414.p.33967,Jameson Williams,WR,0.0
7,414.l.921976.t.12,414.p.9526,Graham Gano,K,11.0
7,414.l.921976.t.12,414.p.100010,Titans,DEF,19.0
7,414.l.921976.t.4,414.p.33975,Kenny Pickett,QB,13.28
7,414.l.921976.t.4,414.p.32687,CeeDee Lamb,WR,8.6
7,414.l.921976.t.4,414.p.30175,JuJu Smith-Schuster,WR,21.9
7,414.l.921976.t.4,414.p.30161,Joe Mixon,RB,16.6
7,414.l.921976.t.4,414.p.33996,Kenneth Walker III,RB,28.7
7,414.l.921976.t.4,414.p.34062,Cade Otton,TE,8.4
7,414.l.921976.t.4,414.p.34088,Romeo Doubs,WR,0.0
7,414.l.921976.t.4,414.p.28390,Marcus Mariota,QB,12.06
7,414.l.921976.t.4,414.p.28592,Darren Waller,TE,0.0
7,414.l.921976.t.4,414.p.32725,J.K. Dobbins,RB,0.0
7,414.l.921976.t.4,414.p.29235,Jared Goff,QB,3.52
7,414.l.921976.t.4,414.p.33465,Joshua Palmer,WR,0.0
7,414.l.921976.t.4,414.p.30227,Samaje Perine,RB,1.8
7,414.l.921976.t.4,414.p.24793,Julio Jones,WR,0.0
7,414.l.921976.t.4,414.p.9520,Ryan Succop,K,3.0
7,414.l.921976.t.4,414.p.100006,Cowboys,DEF,23.0
7,414.l.921976.t.15,414.p.5228,Tom Brady,QB,11.7
7,414.l.921976.t.15,414.p.31010,Courtland Sutton,WR,3.8
7,414.l.921976.t.15,414.p.32231,Jakobi Meyers,WR,10.4
7,414.l.921976.t.15,414.p.33138,James Robinson,RB,0.0
7,414.l.921976.t.15,414.p.33508,Rhamondre Stevenson,RB,19.8
7,414.l.921976.t.15,414.p.30142,David Njoku,TE,10.6
7,414.l.921976.t.15,414.p.32736,Antonio Gibson,RB,15.2
7,414.l.921976.t.15,414.p.33389,Trevor Lawrence,QB,18.7
7,414.l.921976.t.15,414.p.32798,Gabe Davis,WR,0.0
7,414.l.921976.t.15,414.p.31883,A.J. Brown,WR,0.0
7,414.l.921976.t.15,414.p.31838,Daniel Jones,QB,28.78
7,414.l.921976.t.15,414.p.31928,Dawson Knox,TE,0.0
7,414.l.921976.t.15,414.p.33582,Elijah Mitchell,RB,0.0
7,414.l.921976.t.15,414.p.24797,Blaine Gabbert,QB,0.0
7,414.l.921976.t.15,414.p.33537,Evan McPherson,K,5.0
7,414.l.921976.t.15,414.p.100027,Buccaneers,DEF,1.0
7,414.l.921976.t.10,414.p.27590,Jimmy Garoppolo,QB,17.32
7,414.l.921976.t.10,414.p.33393,Ja'Marr Chase,WR,29.0
7,414.l.921976.t.10,414.p.33965,Garrett Wilson,WR,4.4
7,414.l.921976.t.10,414.p.33495,Michael Carter,RB,8.4
7,414.l.921976.t.10,414.p.32702,Clyde Edwards-Helaire,RB,9.2
7,414.l.921976.t.10,414.p.30259,George Kittle,TE,18.8
7,414.l.921976.t.10,414.p.30777,Robert Tonyan,TE,4.7
7,414.l.921976.t.10,414.p.29325,Jacoby Brissett,QB,10.12
7,414.l.921976.t.10,414.p.32692,Justin Jefferson,WR,0.0
7,414.l.921976.t.10,414.p.33422,Elijah Moore,WR,0.0
7,414.l.921976.t.10,414.p.34047,Rachaad White,RB,3.7
7,414.l.921976.t.10,414.p.34042,Malik Willis,QB,0.0
7,414.l.921976.t.10,414.p.26804,Latavius Murray,RB,9.3
7,414.l.921976.t.10,414.p.34100,Sam Howell,QB,0.0
7,414.l.921976.t.10,414.p.29754,Wil Lutz,K,11.0
7,414.l.921976.t.10,414.p.100020,Jets,DEF,7.0
8,414.l.921976.t.5,414.p.34030,Desmond Ridder,QB,0.0
8,414.l.921976.t.5,414.p.32704,Michael Pittman Jr.,WR,8.8
8,414.l.921976.t.5,414.p.30153,Curtis Samuel,WR,9.4
8,414.l.921976.t.5,414.p.32732,A.J. Dillon,RB,6.8
8,414.l.921976.t.5,414.p.30180,Alvin Kamara,RB,38.3
8,414.l.921976.t.5,414.p.30136,Evan Engram,TE,13.5
8,414.l.921976.t.5,414.p.31960,Tony Pollard,RB,33.2
8,414.l.921976.t.5,414.p.34054,Brian Robinson Jr.,RB,2.0
8,414.l.921976.t.5,414.p.30123,Patrick Mahomes,QB,0.0
8,414.l.921976.t.5,414.p.30120,Mike Williams,WR,0.0
8,414.l.921976.t.5,414.p.32676,Justin Herbert,QB,0.0
8,414.l.921976.t.5,414.p.31934,Alexander Mattison,RB,10.0
8,414.l.921976.t.5,414.p.33408,Kadarius Toney,WR,0.0
8,414.l.921976.t.5,414.p.31164,Russell Gage Jr.,WR,0.0
8,414.l.921976.t.5,414.p.25871,Randy Bullock,K,5.0
8,414.l.921976.t.5,414.p.100007,Broncos,DEF,7.0
8,414.l.921976.t.13,414.p.32671,Joe Burrow,QB,14.48
8,414.l.921976.t.13,414.p.26650,DeAndre Hopkins,WR,27.9
8,414.l.921976.t.13,414.p.33394,Jaylen Waddle,WR,26.6
8,414.l.921976.t.13,414.p.30117,Leonard Fournette,RB,13.3
8,414.l.921976.t.13,414.p.34063,Dameon Pierce,RB,12.6
8,414.l.921976.t.13,414.p.31012,Mike Gesicki,TE,11.3
8,414.l.921976.t.13,414.p.33398,DeVonta Smith,WR,4.8
8,414.l.921976.t.13,414.p.32675,Tua Tagovailoa,QB,29.18
8,414.l.921976.t.13,414.p.32843,Darnell Mooney,WR,9.5
8,414.l.921976.t.13,414.p.34007,George Pickens,WR,0.0
8,414.l.921976.t.13,414.p.26652,Cordarrelle Patterson,RB,0.0
8,414.l.921976.t.13,414.p.31981,Hunter Renfrow,WR,1.1
8,414.l.921976.t.13,414.p.30125,Deshaun Watson,QB,0.0
8,414.l.921976.t.13,414.p.8795,Joe Flacco,QB,0.0
8,414.l.921976.t.13,414.p.8432,Nick Folk,K,21.0
8,414.l.921976.t.13,414.p.100014,Rams,DEF,2.0
8,414.l.921976.t.6,414.p.31833,Kyler Murray,QB,26.64
8,414.l.921976.t.6,414.p.32685,Jerry Jeudy,WR,15.3
8,414.l.921976.t.6,414.p.27535,Mike Evans,WR,15.3
8,414.l.921976.t.6,414.p.31856,Josh Jacobs,RB,6.4
8,414.l.921976.t.6,414.p.31885,Miles Sanders,RB,13.8
8,414.l.921976.t.6,414.p.30995,Hayden Hurst,TE,6.2
8,414.l.921976.t.6,414.p.32705,D'Andre Swift,RB,11.8
8,414.l.921976.t.6,414.p.33399,Justin Fields,QB,26.04
8,414.l.921976.t.6,414.p.32857,Donovan Peoples-Jones,WR,10.1
8,414.l.921976.t.6,414.p.31945,Justice Hill,RB,2.8
8,414.l.921976.t.6,414.p.25876,Marvin Jones Jr.,WR,0.0
8,414.l.921976.t.6,414.p.33538,Kenneth Gainwell,RB,1.6
8,414.l.921976.t.6,414.p.30285,Isaiah McKenzie,WR,7.5
8,414.l.921976.t.6,414.p.25798,Nick Foles,QB,0.0
8,414.l.921976.t.6,414.p.26534,Justin Tucker,K,9.0
8,414.l.921976.t.6,414.p.100021,Eagles,DEF,14.0
8,414.l.921976.t.16,414.p.32723,Jalen Hurts,QB,28.4
8,414.l.921976.t.16,414.p.31898,Diontae Johnson,WR,6.0
8,414.l.921976.t.16,414.p.27581,Davante Adams,WR,0.7
8,414.l.921976.t.16,414.p.30199,Kareem Hunt,RB,9.2
8,414.l.921976.t.16,414.p.29650,J.D. McKissic,RB,3.5
8,414.l.921976.t.16,414.p.32785,Harrison Bryant,TE,0.0
8,414.l.921976.t.16,414.p.30230,Josh Reynolds,WR,2.4
8,414.l.921976.t.16,414.p.31104,Chase Edmonds,RB,1.4
8,414.l.921976.t.16,414.p.25718,Ryan Tannehill,QB,0.0
8,414.l.921976.t.16,414.p.30352,Noah Brown,WR,0.0
8,414.l.921976.t.16,414.p.26686,Travis Kelce,TE,0.0
8,414.l.921976.t.16,414.p.31144,Marquez Valdes-Scantling,WR,0.0
8,414.l.921976.t.16,414.p.32010,Gardner Minshew,QB,0.82
8,414.l.921976.t.16,414.p.34447,Jaylen Warren,RB,9.0
8,414.l.921976.t.16,414.p.31199,Jason Sanders,K,8.0
8,414.l.921976.t.16,414.p.100011,Colts,DEF,5.0
8,414.l.921976.t.8,414.p.27564,Derek Carr,QB,2.94
8,414.l.921976.t.8,414.p.31017,Christian Kirk,WR,5.5
8,414.l.921976.t.8,414.p.33437,Rondale Moore,WR,19.9
8,414.l.921976.t.8,414.p.29238,Ezekiel Elliott,RB,0.0
8,414.l.921976.t.8,414.p.31906,Devin Singletary,RB,8.8
8,414.l.921976.t.8,414.p.31056,Mark Andrews,TE,4.8
8,414.l.921976.t.8,414.p.33500,Amon-Ra St. Brown,WR,10.4
8,414.l.921976.t.8,414.p.29288,Tyler Boyd,WR,11.3
8,414.l.921976.t.8,414.p.26753,Kyle Juszczyk,RB,0.0
8,414.l.921976.t.8,414.p.30157,Gerald Everett,TE,0.0
8,414.l.921976.t.8,414.p.32722,Cam Akers,RB,0.0
8,414.l.921976.t.8,414.p.31874,Drew Lock,QB,0.0
8,414.l.921976.t.8,414.p.30973,Sam Darnold,QB,0.0
8,414.l.921976.t.8,414.p.34617,Raheem Blackshear,RB,0.1
8,414.l.921976.t.8,414.p.25881,Greg Zuerlein,K,5.0
8,414.l.921976.t.8,414.p.100028,Commanders,DEF,7.0
8,414.l.921976.t.7,414.p.31002,Lamar Jackson,QB,21.82
8,414.l.921976.t.7,414.p.32703,Tee Higgins,WR,12.4
8,414.l.921976.t.7,414.p.27548,Brandin Cooks,WR,9.3
8,414.l.921976.t.7,414.p.30972,Saquon Barkley,RB,13.7
8,414.l.921976.t.7,414.p.31905,David Montgomery,RB,7.0
8,414.l.921976.t.7,414.p.29344,Tyler Higbee,TE,2.5
8,414.l.921976.t.7,414.p.34107,Tyler Allgeier,RB,16.0
8,414.l.921976.t.7,414.p.7200,Aaron Rodgers,QB,16.22
8,414.l.921976.t.7,414.p.33514,Chuba Hubbard,RB,0.0
8,414.l.921976.t.7,414.p.34008,Alec Pierce,WR,8.0
8,414.l.921976.t.7,414.p.33443,Pat Freiermuth,TE,7.7
8,414.l.921976.t.7,414.p.33605,Khalil Herbert,RB,15.9
8,414.l.921976.t.7,414.p.33455,Davis Mills,QB,9.88
8,414.l.921976.t.7,414.p.32003,Darius Slayton,WR,9.1
8,414.l.921976.t.7,414.p.30426,Younghoe Koo,K,14.0
8,414.l.921976.t.7,414.p.100033,Ravens,DEF,5.0
8,414.l.921976.t.1,414.p.33403,Mac Jones,QB,12.66
8,414.l.921976.t.1,414.p.30197,Chris Godwin Jr.,WR,10.5
8,414.l.921976.t.1,414.p.33966,Chris Olave,WR,7.7
8,414.l.921976.t.1,414.p.31005,Nick Chubb,RB,24.9
8,414.l.921976.t.1,414.p.29279,Derrick Henry,RB,35.3
8,414.l.921976.t.1,414.p.31090,Will Dissly,TE,2.2
8,414.l.921976.t.1,414.p.30247,Jamaal Williams,RB,21.1
8,414.l.921976.t.1,414.p.32719,Chase Claypool,WR,10.54
8,414.l.921976.t.1,414.p.33415,Rashod Bateman,WR,0.0
8,414.l.921976.t.1,414.p.31268,Allen Lazard,WR,0.0
8,414.l.921976.t.1,414.p.29236,Carson Wentz,QB,0.0
8,414.l.921976.t.1,414.p.27589,Allen Robinson,WR,7.9
8,414.l.921976.t.1,414.p.27540,Odell Beckham Jr.,WR,0.0
8,414.l.921976.t.1,414.p.27120,Brandon McManus,K,3.0
8,414.l.921976.t.1,414.p.100002,Bills,DEF,5.0
8,414.l.921976.t.1,414.p.100019,Giants,DEF,5.0
8,414.l.921976.t.9,414.p.33390,Zach Wilson,QB,19.4
8,414.l.921976.t.9,414.p.29399,Tyreek Hill,WR,25.5
8,414.l.921976.t.9,414.p.28457,Tyler Lockett,WR,12.8
8,414.l.921976.t.9,414.p.30295,Aaron Jones Sr.,RB,17.7
8,414.l.921976.t.9,414.p.30202,D'Onta Foreman,RB,31.8
8,414.l.921976.t.9,414.p.34036,Greg Dulcich,TE,10.7
8,414.l.921976.t.9,414.p.31424,Gus Edwards,RB,6.5
8,414.l.921976.t.9,414.p.27532,Sammy Watkins,WR,0.8
8,414.l.921976.t.9,414.p.30231,Mack Hollins,WR,9.9
8,414.l.921976.t.9,414.p.30971,Baker Mayfield,QB,0.0
8,414.l.921976.t.9,414.p.31457,Dontrell Hilliard,RB,10.0
8,414.l.921976.t.9,414.p.34120,Kyren Williams,RB,0.0
8,414.l.921976.t.9,414.p.31891,Parris Campbell,WR,8.1
8,414.l.921976.t.9,414.p.32608,D'Ernest Johnson,RB,1.7
8,414.l.921976.t.9,414.p.34080,Cade York,K,8.0
8,414.l.921976.t.9,414.p.100017,Patriots,DEF,9.0
8,414.l.921976.t.2,414.p.25812,Kirk Cousins,QB,23.48
8,414.l.921976.t.2,414.p.30182,Cooper Kupp,WR,18.9
8,414.l.921976.t.2,414.p.33963,Drake London,WR,5.1
8,414.l.921976.t.2,414.p.28403,Melvin Gordon III,RB,12.7
8,414.l.921976.t.2,414.p.32892,Eno Benjamin,RB,6.5
8,414.l.921976.t.2,414.p.26658,Zach Ertz,TE,11.4
8,414.l.921976.t.2,414.p.28534,Stefon Diggs,WR,19.8
8,414.l.921976.t.2,414.p.29369,Dak Prescott,QB,26.4
8,414.l.921976.t.2,414.p.28402,DeVante Parker,WR,0.0
8,414.l.921976.t.2,414.p.34019,James Cook III,RB,8.1
8,414.l.921976.t.2,414.p.34207,Isiah Pacheco,RB,0.0
8,414.l.921976.t.2,414.p.26662,Geno Smith,QB,19.08
8,414.l.921976.t.2,414.p.31394,Jeff Wilson Jr.,RB,4.5
8,414.l.921976.t.2,414.p.31001,Sony Michel,RB,0.0
8,414.l.921976.t.2,414.p.27369,Brett Maher,K,7.0
8,414.l.921976.t.2,414.p.100025,49ers,DEF,3.0
8,414.l.921976.t.11,414.p.25785,Russell Wilson,QB,14.78
8,414.l.921976.t.11,414.p.31908,Terry McLaurin,WR,13.6
8,414.l.921976.t.11,414.p.32231,Jakobi Meyers,WR,16.5
8,414.l.921976.t.11,414.p.32711,Jonathan Taylor,RB,5.6
8,414.l.921976.t.11,414.p.29307,Kenyan Drake,RB,14.7
8,414.l.921976.t.11,414.p.31882,Irv Smith Jr.,TE,4.8
8,414.l.921976.t.11,414.p.32727,Van Jefferson,WR,0.0
8,414.l.921976.t.11,414.p.33389,Trevor Lawrence,QB,8.82
8,414.l.921976.t.11,414.p.31107,Dalton Schultz,TE,10.4
8,414.l.921976.t.11,414.p.33637,Ben Skowronek,WR,1.5
8,414.l.921976.t.11,414.p.30150,Zay Jones,WR,5.0
8,414.l.921976.t.11,414.p.29281,Michael Thomas,WR,0.0
8,414.l.921976.t.11,414.p.8780,Matt Ryan,QB,0.0
8,414.l.921976.t.11,414.p.27560,Teddy Bridgewater,QB,0.0
8,414.l.921976.t.11,414.p.31137,Daniel Carlson,K,0.0
8,414.l.921976.t.11,414.p.100030,Jaguars,DEF,5.0
8,414.l.921976.t.3,414.p.9265,Matthew Stafford,QB,17.38
8,414.l.921976.t.3,414.p.32695,Brandon Aiyuk,WR,17.1
8,414.l.921976.t.3,414.p.30994,DJ Moore,WR,24.5
8,414.l.921976.t.3,414.p.33412,Najee Harris,RB,8.96
8,414.l.921976.t.3,414.p.31902,Darrell Henderson Jr.,RB,4.0
8,414.l.921976.t.3,414.p.33392,Kyle Pitts Sr.,TE,16.5
8,414.l.921976.t.3,414.p.33998,Wan'Dale Robinson,WR,2.5
8,414.l.921976.t.3,414.p.28839,Taylor Heinicke,QB,23.06
8,414.l.921976.t.3,414.p.30218,James Conner,RB,0.0
8,414.l.921976.t.3,414.p.32762,Devin Duvernay,WR,14.4
8,414.l.921976.t.3,414.p.31896,DK Metcalf,WR,14.5
8,414.l.921976.t.3,414.p.33732,Caleb Huntley,RB,9.1
8,414.l.921976.t.3,414.p.28389,Jameis Winston,QB,0.0
8,414.l.921976.t.3,414.p.34093,Bailey Zappe,QB,0.0
8,414.l.921976.t.3,414.p.32858,Tyler Bass,K,10.0
8,414.l.921976.t.3,414.p.100015,Dolphins,DEF,1.0
8,414.l.921976.t.14,414.p.30614,Taysom Hill,"QB,TE",7.78
8,414.l.921976.t.14,414.p.28392,Amari Cooper,WR,20.6
8,414.l.921976.t.14,414.p.27277,Adam Thielen,WR,9.7
8,414.l.921976.t.14,414.p.30121,Christian McCaffrey,RB,36.26
8,414.l.921976.t.14,414.p.31919,Damien Harris,RB,6.2
8,414.l.921976.t.14,414.p.31840,T.J. Hockenson,TE,9.5
8,414.l.921976.t.14,414.p.30154,Dalvin Cook,RB,22.6
8,414.l.921976.t.14,414.p.30538,P.J. Walker,QB,17.68
8,414.l.921976.t.14,414.p.31888,Mecole Hardman Jr.,WR,0.0
8,414.l.921976.t.14,414.p.26699,Keenan Allen,WR,0.0
8,414.l.921976.t.14,414.p.26664,Robert Woods,WR,1.6
8,414.l.921976.t.14,414.p.29269,Hunter Henry,TE,2.7
8,414.l.921976.t.14,414.p.31074,Nyheim Miller-Hines,RB,11.9
8,414.l.921976.t.14,414.p.30115,Mitchell Trubisky,QB,0.0
8,414.l.921976.t.14,414.p.28378,Jason Myers,K,11.0
8,414.l.921976.t.14,414.p.100001,Falcons,DEF,8.0
8,414.l.921976.t.12,414.p.30977,Josh Allen,QB,19.62
8,414.l.921976.t.12,414.p.31051,Michael Gallup,WR,6.9
8,414.l.921976.t.12,414.p.33109,Marquez Callaway,WR,1.5
8,414.l.921976.t.12,414.p.28654,Raheem Mostert,RB,7.2
8,414.l.921976.t.12,414.p.24815,Mark Ingram II,RB,0.7
8,414.l.921976.t.12,414.p.31019,Dallas Goedert,TE,9.4
8,414.l.921976.t.12,414.p.32123,Olamide Zaccheaus,WR,0.9
8,414.l.921976.t.12,414.p.24822,Andy Dalton,QB,17.16
8,414.l.921976.t.12,414.p.27591,Jarvis Landry,WR,0.0
8,414.l.921976.t.12,414.p.30118,Corey Davis,WR,0.0
8,414.l.921976.t.12,414.p.31868,Deebo Samuel,WR,0.0
8,414.l.921976.t.12,414.p.30423,Austin Ekeler,RB,0.0
8,414.l.921976.t.12,414.p.28267,Cameron Brate,TE,0.0
8,414.l.921976.t.12,414.p.33967,Jameson Williams,WR,0.0
8,414.l.921976.t.12,414.p.9526,Graham Gano,K,8.0
8,414.l.921976.t.12,414.p.100010,Titans,DEF,9.0
8,414.l.921976.t.4,414.p.28390,Marcus Mariota,QB,24.42
8,414.l.921976.t.4,414.p.32687,CeeDee Lamb,WR,16.3
8,414.l.921976.t.4,414.p.34088,Romeo Doubs,WR,14.2
8,414.l.921976.t.4,414.p.30161,Joe Mixon,RB,9.4
8,414.l.921976.t.4,414.p.33996,Kenneth Walker III,RB,11.7
8,414.l.921976.t.4,414.p.33113,Juwan Johnson,TE,2.4
8,414.l.921976.t.4,414.p.34062,Cade Otton,TE,2.5
8,414.l.921976.t.4,414.p.29235,Jared Goff,QB,18.14
8,414.l.921976.t.4,414.p.28592,Darren Waller,TE,0.0
8,414.l.921976.t.4,414.p.33975,Kenny Pickett,QB,8.34
8,414.l.921976.t.4,414.p.30175,JuJu Smith-Schuster,WR,0.0
8,414.l.921976.t.4,414.p.32725,J.K. Dobbins,RB,0.0
8,414.l.921976.t.4,414.p.30227,Samaje Perine,RB,3.2
8,414.l.921976.t.4,414.p.24793,Julio Jones,WR,9.1
8,414.l.921976.t.4,414.p.9520,Ryan Succop,K,10.0
8,414.l.921976.t.4,414.p.100006,Cowboys,DEF,11.0
8,414.l.921976.t.15,414.p.5228,Tom Brady,QB,17.1
8,414.l.921976.t.15,414.p.31010,Courtland Sutton,WR,1.8
8,414.l.921976.t.15,414.p.31883,A.J. Brown,WR,36.6
8,414.l.921976.t.15,414.p.33508,Rhamondre Stevenson,RB,17.8
8,414.l.921976.t.15,414.p.33413,Travis Etienne Jr.,RB,23.7
8,414.l.921976.t.15,414.p.31928,Dawson Knox,TE,8.0
8,414.l.921976.t.15,414.p.32798,Gabe Davis,WR,4.5
8,414.l.921976.t.15,414.p.31838,Daniel Jones,QB,9.04
8,414.l.921976.t.15,414.p.32736,Antonio Gibson,RB,17.2
8,414.l.921976.t.15,414.p.33138,James Robinson,RB,1.7
8,414.l.921976.t.15,414.p.30142,David Njoku,TE,0.0
8,414.l.921976.t.15,414.p.33582,Elijah Mitchell,RB,0.0
8,414.l.921976.t.15,414.p.33606,Sam Ehlinger,QB,7.54
8,414.l.921976.t.15,414.p.32018,Ty Johnson,RB,0.6
8,414.l.921976.t.15,414.p.33537,Evan McPherson,K,1.0
8,414.l.921976.t.15,414.p.100027,Buccaneers,DEF,5.0
8,414.l.921976.t.10,414.p.27590,Jimmy Garoppolo,QB,17.7
8,414.l.921976.t.10,414.p.32692,Justin Jefferson,WR,12.8
8,414.l.921976.t.10,414.p.33965,Garrett Wilson,WR,14.5
8,414.l.921976.t.10,414.p.33495,Michael Carter,RB,8.1
8,414.l.921976.t.10,414.p.26804,Latavius Murray,RB,12.4
8,414.l.921976.t.10,414.p.30259,George Kittle,TE,11.4
8,414.l.921976.t.10,414.p.33422,Elijah Moore,WR,0.0
8,414.l.921976.t.10,414.p.34042,Malik Willis,QB,2.4
8,414.l.921976.t.10,414.p.30777,Robert Tonyan,TE,6.0
8,414.l.921976.t.10,414.p.29325,Jacoby Brissett,QB,20.32
8,414.l.921976.t.10,414.p.33393,Ja'Marr Chase,WR,0.0
8,414.l.921976.t.10,414.p.32702,Clyde Edwards-Helaire,RB,0.0
8,414.l.921976.t.10,414.p.34047,Rachaad White,RB,5.8
8,414.l.921976.t.10,414.p.34100,Sam Howell,QB,0.0
8,414.l.921976.t.10,414.p.29754,Wil Lutz,K,6.0
8,414.l.921976.t.10,414.p.100020,Jets,DEF,8.0
9,414.l.921976.t.5,414.p.30123,Patrick Mahomes,QB,35.14
9,414.l.921976.t.5,414.p.32704,Michael Pittman Jr.,WR,3.7
9,414.l.921976.t.5,414.p.30153,Curtis Samuel,WR,15.6
9,414.l.921976.t.5,414.p.32732,A.J. Dillon,RB,5.4
9,414.l.921976.t.5,414.p.30180,Alvin Kamara,RB,7.7
9,414.l.921976.t.5,414.p.30136,Evan Engram,TE,1.3
9,414.l.921976.t.5,414.p.34054,Brian Robinson Jr.,RB,4.8
9,414.l.921976.t.5,414.p.32676,Justin Herbert,QB,13.1
9,414.l.921976.t.5,414.p.31960,Tony Pollard,RB,0.0
9,414.l.921976.t.5,414.p.30120,Mike Williams,WR,0.0
9,414.l.921976.t.5,414.p.31934,Alexander Mattison,RB,0.6
9,414.l.921976.t.5,414.p.33408,Kadarius Toney,WR,2.2
9,414.l.921976.t.5,414.p.31164,Russell Gage Jr.,WR,0.0
9,414.l.921976.t.5,414.p.25871,Randy Bullock,K,6.0
9,414.l.921976.t.5,414.p.100004,Bengals,DEF,6.0
9,414.l.921976.t.5,414.p.100007,Broncos,DEF,0.0
9,414.l.921976.t.13,414.p.32671,Joe Burrow,QB,19.14
9,414.l.921976.t.13,414.p.26650,DeAndre Hopkins,WR,11.6
9,414.l.921976.t.13,414.p.33394,Jaylen Waddle,WR,17.0
9,414.l.921976.t.13,414.p.34063,Dameon Pierce,RB,13.9
9,414.l.921976.t.13,414.p.26652,Cordarrelle Patterson,RB,17.8
9,414.l.921976.t.13,414.p.31012,Mike Gesicki,TE,0.8
9,414.l.921976.t.13,414.p.33398,DeVonta Smith,WR,3.2
9,414.l.921976.t.13,414.p.32675,Tua Tagovailoa,QB,24.08
9,414.l.921976.t.13,414.p.30117,Leonard Fournette,RB,8.5
9,414.l.921976.t.13,414.p.32843,Darnell Mooney,WR,14.0
9,414.l.921976.t.13,414.p.34007,George Pickens,WR,0.0
9,414.l.921976.t.13,414.p.31981,Hunter Renfrow,WR,4.1
9,414.l.921976.t.13,414.p.30125,Deshaun Watson,QB,0.0
9,414.l.921976.t.13,414.p.8795,Joe Flacco,QB,0.0
9,414.l.921976.t.13,414.p.8432,Nick Folk,K,17.0
9,414.l.921976.t.13,414.p.100014,Rams,DEF,4.0
9,414.l.921976.t.6,414.p.31833,Kyler Murray,QB,19.0
9,414.l.921976.t.6,414.p.27535,Mike Evans,WR,6.5
9,414.l.921976.t.6,414.p.30285,Isaiah McKenzie,WR,3.1
9,414.l.921976.t.6,414.p.31856,Josh Jacobs,RB,10.2
9,414.l.921976.t.6,414.p.31885,Miles Sanders,RB,15.3
9,414.l.921976.t.6,414.p.30995,Hayden Hurst,TE,6.0
9,414.l.921976.t.6,414.p.32705,D'Andre Swift,RB,6.5
9,414.l.921976.t.6,414.p.33399,Justin Fields,QB,42.72
9,414.l.921976.t.6,414.p.32685,Jerry Jeudy,WR,0.0
9,414.l.921976.t.6,414.p.32857,Donovan Peoples-Jones,WR,0.0
9,414.l.921976.t.6,414.p.31945,Justice Hill,RB,2.4
9,414.l.921976.t.6,414.p.25876,Marvin Jones Jr.,WR,7.3
9,414.l.921976.t.6,414.p.33538,Kenneth Gainwell,RB,11.3
9,414.l.921976.t.6,414.p.33113,Juwan Johnson,TE,11.2
9,414.l.921976.t.6,414.p.26534,Justin Tucker,K,10.0
9,414.l.921976.t.6,414.p.100021,Eagles,DEF,8.0
9,414.l.921976.t.16,414.p.32723,Jalen Hurts,QB,20.02
9,414.l.921976.t.16,414.p.31144,Marquez Valdes-Scantling,WR,1.7
9,414.l.921976.t.16,414.p.27581,Davante Adams,WR,31.6
9,414.l.921976.t.16,414.p.27624,Jerick McKinnon,RB,7.4
9,414.l.921976.t.16,414.p.32756,Zack Moss,RB,0.0
9,414.l.921976.t.16,414.p.26686,Travis Kelce,TE,15.6
9,414.l.921976.t.16,414.p.28947,DeAndre Carter,WR,7.8
9,414.l.921976.t.16,414.p.29631,Kalif Raymond,WR,3.2
9,414.l.921976.t.16,414.p.25718,Ryan Tannehill,QB,0.0
9,414.l.921976.t.16,414.p.29650,J.D. McKissic,RB,0.0
9,414.l.921976.t.16,414.p.31104,Chase Edmonds,RB,0.0
9,414.l.921976.t.16,414.p.30199,Kareem Hunt,RB,0.0
9,414.l.921976.t.16,414.p.31898,Diontae Johnson,WR,0.0
9,414.l.921976.t.16,414.p.32010,Gardner Minshew,QB,0.0
9,414.l.921976.t.16,414.p.31199,Jason Sanders,K,5.0
9,414.l.921976.t.16,414.p.100011,Colts,DEF,7.0
9,414.l.921976.t.8,414.p.27564,Derek Carr,QB,18.36
9,414.l.921976.t.8,414.p.31017,Christian Kirk,WR,17.6
9,414.l.921976.t.8,414.p.33437,Rondale Moore,WR,10.9
9,414.l.921976.t.8,414.p.31906,Devin Singletary,RB,6.8
9,414.l.921976.t.8,414.p.34617,Raheem Blackshear,RB,13.3
9,414.l.921976.t.8,414.p.31056,Mark Andrews,TE,0.0
9,414.l.921976.t.8,414.p.33500,Amon-Ra St. Brown,WR,7.5
9,414.l.921976.t.8,414.p.29288,Tyler Boyd,WR,6.9
9,414.l.921976.t.8,414.p.29238,Ezekiel Elliott,RB,0.0
9,414.l.921976.t.8,414.p.26753,Kyle Juszczyk,RB,0.0
9,414.l.921976.t.8,414.p.30157,Gerald Everett,TE,6.1
9,414.l.921976.t.8,414.p.32722,Cam Akers,RB,0.3
9,414.l.921976.t.8,414.p.31874,Drew Lock,QB,0.0
9,414.l.921976.t.8,414.p.30973,Sam Darnold,QB,0.0
9,414.l.921976.t.8,414.p.25881,Greg Zuerlein,K,10.0
9,414.l.921976.t.8,414.p.100028,Commanders,DEF,5.0
9,414.l.921976.t.7,414.p.31002,Lamar Jackson,QB,17.52
9,414.l.921976.t.7,414.p.32703,Tee Higgins,WR,9.5
9,414.l.921976.t.7,414.p.33465,Joshua Palmer,WR,14.6
9,414.l.921976.t.7,414.p.31905,David Montgomery,RB,4.9
9,414.l.921976.t.7,414.p.33605,Khalil Herbert,RB,2.3
9,414.l.921976.t.7,414.p.29344,Tyler Higbee,TE,0.0
9,414.l.921976.t.7,414.p.34008,Alec Pierce,WR,2.8
9,414.l.921976.t.7,414.p.7200,Aaron Rodgers,QB,16.64
9,414.l.921976.t.7,414.p.34107,Tyler Allgeier,RB,12.8
9,414.l.921976.t.7,414.p.27548,Brandin Cooks,WR,0.0
9,414.l.921976.t.7,414.p.30972,Saquon Barkley,RB,0.0
9,414.l.921976.t.7,414.p.33514,Chuba Hubbard,RB,0.0
9,414.l.921976.t.7,414.p.33443,Pat Freiermuth,TE,0.0
9,414.l.921976.t.7,414.p.33455,Davis Mills,QB,13.96
9,414.l.921976.t.7,414.p.30426,Younghoe Koo,K,5.0
9,414.l.921976.t.7,414.p.100033,Ravens,DEF,10.0
9,414.l.921976.t.1,414.p.33403,Mac Jones,QB,9.68
9,414.l.921976.t.1,414.p.30197,Chris Godwin Jr.,WR,7.2
9,414.l.921976.t.1,414.p.33966,Chris Olave,WR,10.1
9,414.l.921976.t.1,414.p.29279,Derrick Henry,RB,23.5
9,414.l.921976.t.1,414.p.30247,Jamaal Williams,RB,10.1
9,414.l.921976.t.1,414.p.31127,Tyler Conklin,TE,1.2
9,414.l.921976.t.1,414.p.31268,Allen Lazard,WR,16.7
9,414.l.921976.t.1,414.p.32719,Chase Claypool,WR,2.7
9,414.l.921976.t.1,414.p.27589,Allen Robinson,WR,3.9
9,414.l.921976.t.1,414.p.31005,Nick Chubb,RB,0.0
9,414.l.921976.t.1,414.p.33415,Rashod Bateman,WR,0.0
9,414.l.921976.t.1,414.p.29236,Carson Wentz,QB,0.0
9,414.l.921976.t.1,414.p.27540,Odell Beckham Jr.,WR,0.0
9,414.l.921976.t.1,414.p.30346,Harrison Butker,K,6.0
9,414.l.921976.t.1,414.p.27120,Brandon McManus,K,0.0
9,414.l.921976.t.1,414.p.100002,Bills,DEF,5.0
9,414.l.921976.t.9,414.p.33390,Zach Wilson,QB,10.56
9,414.l.921976.t.9,414.p.29399,Tyreek Hill,WR,23.8
9,414.l.921976.t.9,414.p.28457,Tyler Lockett,WR,15.2
9,414.l.921976.t.9,414.p.30295,Aaron Jones Sr.,RB,5.5
9,414.l.921976.t.9,414.p.30202,D'Onta Foreman,RB,3.1
9,414.l.921976.t.9,414.p.34095,Isaiah Likely,TE,8.9
9,414.l.921976.t.9,414.p.30231,Mack Hollins,WR,2.7
9,414.l.921976.t.9,414.p.31891,Parris Campbell,WR,2.6
9,414.l.921976.t.9,414.p.31424,Gus Edwards,RB,0.0
9,414.l.921976.t.9,414.p.34036,Greg Dulcich,TE,0.0
9,414.l.921976.t.9,414.p.30971,Baker Mayfield,QB,14.2
9,414.l.921976.t.9,414.p.31457,Dontrell Hilliard,RB,1.3
9,414.l.921976.t.9,414.p.34120,Kyren Williams,RB,0.0
9,414.l.921976.t.9,414.p.8447,Mason Crosby,K,3.0
9,414.l.921976.t.9,414.p.100017,Patriots,DEF,27.0
9,414.l.921976.t.9,414.p.100016,Vikings,DEF,6.0
9,414.l.921976.t.2,414.p.25812,Kirk Cousins,QB,17.4
9,414.l.921976.t.2,414.p.30182,Cooper Kupp,WR,22.8
9,414.l.921976.t.2,414.p.33963,Drake London,WR,1.8
9,414.l.921976.t.2,414.p.32892,Eno Benjamin,RB,3.2
9,414.l.921976.t.2,414.p.34207,Isiah Pacheco,RB,1.4
9,414.l.921976.t.2,414.p.26658,Zach Ertz,TE,12.5
9,414.l.921976.t.2,414.p.28534,Stefon Diggs,WR,11.8
9,414.l.921976.t.2,414.p.26662,Geno Smith,QB,21.8
9,414.l.921976.t.2,414.p.34019,James Cook III,RB,4.3
9,414.l.921976.t.2,414.p.29369,Dak Prescott,QB,0.0
9,414.l.921976.t.2,414.p.28403,Melvin Gordon III,RB,0.0
9,414.l.921976.t.2,414.p.28402,DeVante Parker,WR,0.0
9,414.l.921976.t.2,414.p.31394,Jeff Wilson Jr.,RB,14.7
9,414.l.921976.t.2,414.p.31001,Sony Michel,RB,1.2
9,414.l.921976.t.2,414.p.31538,Greg Joseph,K,8.0
9,414.l.921976.t.2,414.p.100009,Packers,DEF,3.0
9,414.l.921976.t.11,414.p.33389,Trevor Lawrence,QB,16.7
9,414.l.921976.t.11,414.p.31908,Terry McLaurin,WR,8.1
9,414.l.921976.t.11,414.p.32231,Jakobi Meyers,WR,4.9
9,414.l.921976.t.11,414.p.29307,Kenyan Drake,RB,23.9
9,414.l.921976.t.11,414.p.31379,Phillip Lindsay,RB,0.2
9,414.l.921976.t.11,414.p.30373,Johnny Mundt,TE,0.6
9,414.l.921976.t.11,414.p.33637,Ben Skowronek,WR,0.0
9,414.l.921976.t.11,414.p.30150,Zay Jones,WR,6.5
9,414.l.921976.t.11,414.p.32711,Jonathan Taylor,RB,0.0
9,414.l.921976.t.11,414.p.32727,Van Jefferson,WR,0.0
9,414.l.921976.t.11,414.p.25785,Russell Wilson,QB,0.0
9,414.l.921976.t.11,414.p.31107,Dalton Schultz,TE,0.0
9,414.l.921976.t.11,414.p.8780,Matt Ryan,QB,0.0
9,414.l.921976.t.11,414.p.27560,Teddy Bridgewater,QB,0.0
9,414.l.921976.t.11,414.p.31137,Daniel Carlson,K,8.0
9,414.l.921976.t.11,414.p.100030,Jaguars,DEF,5.0
9,414.l.921976.t.3,414.p.9265,Matthew Stafford,QB,10.5
9,414.l.921976.t.3,414.p.30994,DJ Moore,WR,3.4
9,414.l.921976.t.3,414.p.31896,DK Metcalf,WR,12.2
9,414.l.921976.t.3,414.p.30218,James Conner,RB,8.9
9,414.l.921976.t.3,414.p.33798,Deon Jackson,RB,4.6
9,414.l.921976.t.3,414.p.33392,Kyle Pitts Sr.,TE,3.7
9,414.l.921976.t.3,414.p.32762,Devin Duvernay,WR,1.0
9,414.l.921976.t.3,414.p.28839,Taylor Heinicke,QB,14.66
9,414.l.921976.t.3,414.p.31902,Darrell Henderson Jr.,RB,5.6
9,414.l.921976.t.3,414.p.33412,Najee Harris,RB,0.0
9,414.l.921976.t.3,414.p.32695,Brandon Aiyuk,WR,0.0
9,414.l.921976.t.3,414.p.33732,Caleb Huntley,RB,3.4
9,414.l.921976.t.3,414.p.28389,Jameis Winston,QB,0.0
9,414.l.921976.t.3,414.p.34093,Bailey Zappe,QB,0.0
9,414.l.921976.t.3,414.p.32858,Tyler Bass,K,7.0
9,414.l.921976.t.3,414.p.100015,Dolphins,DEF,9.0
9,414.l.921976.t.14,414.p.30614,Taysom Hill,"QB,TE",1.12
9,414.l.921976.t.14,414.p.27277,Adam Thielen,WR,8.2
9,414.l.921976.t.14,414.p.31888,Mecole Hardman Jr.,WR,16.9
9,414.l.921976.t.14,414.p.30154,Dalvin Cook,RB,12.6
9,414.l.921976.t.14,414.p.31074,Nyheim Miller-Hines,RB,0.0
9,414.l.921976.t.14,414.p.31840,T.J. Hockenson,TE,11.5
9,414.l.921976.t.14,414.p.26664,Robert Woods,WR,0.0
9,414.l.921976.t.14,414.p.30538,P.J. Walker,QB,-1.04
9,414.l.921976.t.14,414.p.31919,Damien Harris,RB,0.0
9,414.l.921976.t.14,414.p.30121,Christian McCaffrey,RB,0.0
9,414.l.921976.t.14,414.p.26699,Keenan Allen,WR,0.0
9,414.l.921976.t.14,414.p.28392,Amari Cooper,WR,0.0
9,414.l.921976.t.14,414.p.29269,Hunter Henry,TE,7.0
9,414.l.921976.t.14,414.p.30115,Mitchell Trubisky,QB,0.0
9,414.l.921976.t.14,414.p.28378,Jason Myers,K,8.0
9,414.l.921976.t.14,414.p.100001,Falcons,DEF,5.0
9,414.l.921976.t.12,414.p.30977,Josh Allen,QB,26.8
9,414.l.921976.t.12,414.p.33109,Marquez Callaway,WR,3.9
9,414.l.921976.t.12,414.p.27591,Jarvis Landry,WR,0.0
9,414.l.921976.t.12,414.p.28654,Raheem Mostert,RB,8.6
9,414.l.921976.t.12,414.p.30423,Austin Ekeler,RB,20.6
9,414.l.921976.t.12,414.p.31019,Dallas Goedert,TE,20.0
9,414.l.921976.t.12,414.p.32523,Greg Dortch,WR,0.8
9,414.l.921976.t.12,414.p.24822,Andy Dalton,QB,11.9
9,414.l.921976.t.12,414.p.24815,Mark Ingram II,RB,0.0
9,414.l.921976.t.12,414.p.30118,Corey Davis,WR,0.0
9,414.l.921976.t.12,414.p.31051,Michael Gallup,WR,0.0
9,414.l.921976.t.12,414.p.31868,Deebo Samuel,WR,0.0
9,414.l.921976.t.12,414.p.28267,Cameron Brate,TE,0.0
9,414.l.921976.t.12,414.p.33967,Jameson Williams,WR,0.0
9,414.l.921976.t.12,414.p.33381,Matt Ammendola,K,0.0
9,414.l.921976.t.12,414.p.100010,Titans,DEF,7.0
9,414.l.921976.t.4,414.p.28390,Marcus Mariota,QB,7.56
9,414.l.921976.t.4,414.p.34088,Romeo Doubs,WR,2.3
9,414.l.921976.t.4,414.p.30175,JuJu Smith-Schuster,WR,13.8
9,414.l.921976.t.4,414.p.30161,Joe Mixon,RB,53.1
9,414.l.921976.t.4,414.p.33996,Kenneth Walker III,RB,26.4
9,414.l.921976.t.4,414.p.34062,Cade Otton,TE,15.3
9,414.l.921976.t.4,414.p.24793,Julio Jones,WR,3.8
9,414.l.921976.t.4,414.p.29235,Jared Goff,QB,12.38
9,414.l.921976.t.4,414.p.28592,Darren Waller,TE,0.0
9,414.l.921976.t.4,414.p.32687,CeeDee Lamb,WR,0.0
9,414.l.921976.t.4,414.p.33975,Kenny Pickett,QB,0.0
9,414.l.921976.t.4,414.p.32725,J.K. Dobbins,RB,0.0
9,414.l.921976.t.4,414.p.30227,Samaje Perine,RB,5.9
9,414.l.921976.t.4,414.p.9520,Ryan Succop,K,12.0
9,414.l.921976.t.4,414.p.100012,Chiefs,DEF,4.0
9,414.l.921976.t.4,414.p.100006,Cowboys,DEF,0.0
9,414.l.921976.t.15,414.p.5228,Tom Brady,QB,15.2
9,414.l.921976.t.15,414.p.31883,A.J. Brown,WR,13.9
9,414.l.921976.t.15,414.p.32798,Gabe Davis,WR,4.3
9,414.l.921976.t.15,414.p.33508,Rhamondre Stevenson,RB,14.5
9,414.l.921976.t.15,414.p.33413,Travis Etienne Jr.,RB,25.6
9,414.l.921976.t.15,414.p.31928,Dawson Knox,TE,4.0
9,414.l.921976.t.15,414.p.32736,Antonio Gibson,RB,5.7
9,414.l.921976.t.15,414.p.33606,Sam Ehlinger,QB,7.02
9,414.l.921976.t.15,414.p.31010,Courtland Sutton,WR,0.0
9,414.l.921976.t.15,414.p.31838,Daniel Jones,QB,0.0
9,414.l.921976.t.15,414.p.33138,James Robinson,RB,12.3
9,414.l.921976.t.15,414.p.30142,David Njoku,TE,0.0
9,414.l.921976.t.15,414.p.33582,Elijah Mitchell,RB,0.0
9,414.l.921976.t.15,414.p.32018,Ty Johnson,RB,1.7
9,414.l.921976.t.15,414.p.33537,Evan McPherson,K,6.0
9,414.l.921976.t.15,414.p.100027,Buccaneers,DEF,8.0
9,414.l.921976.t.10,414.p.34042,Malik Willis,QB,7.2
9,414.l.921976.t.10,414.p.32692,Justin Jefferson,WR,22.0
9,414.l.921976.t.10,414.p.33965,Garrett Wilson,WR,13.9
9,414.l.921976.t.10,414.p.33495,Michael Carter,RB,15.1
9,414.l.921976.t.10,414.p.32702,Clyde Edwards-Helaire,RB,2.4
9,414.l.921976.t.10,414.p.30777,Robert Tonyan,TE,4.4
9,414.l.921976.t.10,414.p.32729,Denzel Mims,WR,1.7
9,414.l.921976.t.10,414.p.34047,Rachaad White,RB,4.9
9,414.l.921976.t.10,414.p.33422,Elijah Moore,WR,0.0
9,414.l.921976.t.10,414.p.27590,Jimmy Garoppolo,QB,0.0
9,414.l.921976.t.10,414.p.30259,George Kittle,TE,0.0
9,414.l.921976.t.10,414.p.26804,Latavius Murray,RB,0.0
9,414.l.921976.t.10,414.p.29325,Jacoby Brissett,QB,0.0
9,414.l.921976.t.10,414.p.33393,Ja'Marr Chase,WR,0.0
9,414.l.921976.t.10,414.p.29754,Wil Lutz,K,7.0
9,414.l.921976.t.10,414.p.100013,Raiders,DEF,2.0
10,414.l.921976.t.5,414.p.30123,Patrick Mahomes,QB,32.14
10,414.l.921976.t.5,414.p.32704,Michael Pittman Jr.,WR,8.8
10,414.l.921976.t.5,414.p.30153,Curtis Samuel,WR,5.0
10,414.l.921976.t.5,414.p.30180,Alvin Kamara,RB,6.0
10,414.l.921976.t.5,414.p.31960,Tony Pollard,RB,20.3
10,414.l.921976.t.5,414.p.30136,Evan Engram,TE,2.9
10,414.l.921976.t.5,414.p.32732,A.J. Dillon,RB,6.5
10,414.l.921976.t.5,414.p.32676,Justin Herbert,QB,13.04
10,414.l.921976.t.5,414.p.34054,Brian Robinson Jr.,RB,14.6
10,414.l.921976.t.5,414.p.30120,Mike Williams,WR,0.0
10,414.l.921976.t.5,414.p.31934,Alexander Mattison,RB,2.4
10,414.l.921976.t.5,414.p.33408,Kadarius Toney,WR,17.0
10,414.l.921976.t.5,414.p.30552,Matt Breida,RB,2.0
10,414.l.921976.t.5,414.p.33258,Bryce Perkins,QB,0.28
10,414.l.921976.t.5,414.p.25871,Randy Bullock,K,5.0
10,414.l.921976.t.5,414.p.100007,Broncos,DEF,4.0
10,414.l.921976.t.13,414.p.32675,Tua Tagovailoa,QB,23.4
10,414.l.921976.t.13,414.p.26650,DeAndre Hopkins,WR,14.8
10,414.l.921976.t.13,414.p.33394,Jaylen Waddle,WR,8.6
10,414.l.921976.t.13,414.p.34063,Dameon Pierce,RB,11.2
10,414.l.921976.t.13,414.p.26652,Cordarrelle Patterson,RB,2.5
10,414.l.921976.t.13,414.p.31012,Mike Gesicki,TE,4.1
10,414.l.921976.t.13,414.p.30117,Leonard Fournette,RB,11.3
10,414.l.921976.t.13,414.p.32843,Darnell Mooney,WR,7.7
10,414.l.921976.t.13,414.p.34007,George Pickens,WR,13.0
10,414.l.921976.t.13,414.p.32671,Joe Burrow,QB,0.0
10,414.l.921976.t.13,414.p.33398,DeVonta Smith,WR,10.9
10,414.l.921976.t.13,414.p.31981,Hunter Renfrow,WR,0.0
10,414.l.921976.t.13,414.p.30125,Deshaun Watson,QB,0.0
10,414.l.921976.t.13,414.p.8795,Joe Flacco,QB,0.0
10,414.l.921976.t.13,414.p.8432,Nick Folk,K,0.0
10,414.l.921976.t.13,414.p.100014,Rams,DEF,2.0
10,414.l.921976.t.6,414.p.33399,Justin Fields,QB,40.38
10,414.l.921976.t.6,414.p.27535,Mike Evans,WR,7.9
10,414.l.921976.t.6,414.p.32685,Jerry Jeudy,WR,0.0
10,414.l.921976.t.6,414.p.31856,Josh Jacobs,RB,19.6
10,414.l.921976.t.6,414.p.32705,D'Andre Swift,RB,7.7
10,414.l.921976.t.6,414.p.32713,Cole Kmet,TE,21.4
10,414.l.921976.t.6,414.p.31885,Miles Sanders,RB,5.4
10,414.l.921976.t.6,414.p.32857,Donovan Peoples-Jones,WR,12.4
10,414.l.921976.t.6,414.p.31833,Kyler Murray,QB,0.0
10,414.l.921976.t.6,414.p.30285,Isaiah McKenzie,WR,7.5
10,414.l.921976.t.6,414.p.30995,Hayden Hurst,TE,0.0
10,414.l.921976.t.6,414.p.33538,Kenneth Gainwell,RB,1.7
10,414.l.921976.t.6,414.p.31891,Parris Campbell,WR,17.1
10,414.l.921976.t.6,414.p.30266,Jake Elliott,K,3.0
10,414.l.921976.t.6,414.p.26534,Justin Tucker,K,0.0
10,414.l.921976.t.6,414.p.100021,Eagles,DEF,7.0
10,414.l.921976.t.16,414.p.32723,Jalen Hurts,QB,22.8
10,414.l.921976.t.16,414.p.27581,Davante Adams,WR,23.1
10,414.l.921976.t.16,414.p.31898,Diontae Johnson,WR,8.3
10,414.l.921976.t.16,414.p.30199,Kareem Hunt,RB,2.4
10,414.l.921976.t.16,414.p.33582,Elijah Mitchell,RB,9.3
10,414.l.921976.t.16,414.p.26686,Travis Kelce,TE,17.1
10,414.l.921976.t.16,414.p.31144,Marquez Valdes-Scantling,WR,13.5
10,414.l.921976.t.16,414.p.25718,Ryan Tannehill,QB,19.4
10,414.l.921976.t.16,414.p.27624,Jerick McKinnon,RB,8.8
10,414.l.921976.t.16,414.p.28947,DeAndre Carter,WR,14.4
10,414.l.921976.t.16,414.p.29650,J.D. McKissic,RB,0.0
10,414.l.921976.t.16,414.p.31104,Chase Edmonds,RB,1.4
10,414.l.921976.t.16,414.p.32010,Gardner Minshew,QB,0.0
10,414.l.921976.t.16,414.p.31857,Hollywood Brown,WR,0.0
10,414.l.921976.t.16,414.p.27369,Brett Maher,K,4.0
10,414.l.921976.t.16,414.p.100012,Chiefs,DEF,6.0
10,414.l.921976.t.8,414.p.27564,Derek Carr,QB,17.92
10,414.l.921976.t.8,414.p.31017,Christian Kirk,WR,27.0
10,414.l.921976.t.8,414.p.33437,Rondale Moore,WR,13.9
10,414.l.921976.t.8,414.p.31906,Devin Singletary,RB,15.2
10,414.l.921976.t.8,414.p.34617,Raheem Blackshear,RB,3.2
10,414.l.921976.t.8,414.p.30157,Gerald Everett,TE,3.3
10,414.l.921976.t.8,414.p.33500,Amon-Ra St. Brown,WR,17.1
10,414.l.921976.t.8,414.p.29238,Ezekiel Elliott,RB,0.0
10,414.l.921976.t.8,414.p.29288,Tyler Boyd,WR,0.0
10,414.l.921976.t.8,414.p.31056,Mark Andrews,TE,0.0
10,414.l.921976.t.8,414.p.26753,Kyle Juszczyk,RB,0.0
10,414.l.921976.t.8,414.p.32722,Cam Akers,RB,2.2
10,414.l.921976.t.8,414.p.31874,Drew Lock,QB,0.0
10,414.l.921976.t.8,414.p.30973,Sam Darnold,QB,0.0
10,414.l.921976.t.8,414.p.9526,Graham Gano,K,7.0
10,414.l.921976.t.8,414.p.100023,Steelers,DEF,10.0
10,414.l.921976.t.7,414.p.33455,Davis Mills,QB,15.76
10,414.l.921976.t.7,414.p.33465,Joshua Palmer,WR,5.9
10,414.l.921976.t.7,414.p.27548,Brandin Cooks,WR,6.2
10,414.l.921976.t.7,414.p.31905,David Montgomery,RB,4.9
10,414.l.921976.t.7,414.p.30972,Saquon Barkley,RB,22.5
10,414.l.921976.t.7,414.p.33443,Pat Freiermuth,TE,5.6
10,414.l.921976.t.7,414.p.33605,Khalil Herbert,RB,5.7
10,414.l.921976.t.7,414.p.7200,Aaron Rodgers,QB,19.36
10,414.l.921976.t.7,414.p.29344,Tyler Higbee,TE,11.3
10,414.l.921976.t.7,414.p.34008,Alec Pierce,WR,0.0
10,414.l.921976.t.7,414.p.32703,Tee Higgins,WR,0.0
10,414.l.921976.t.7,414.p.31002,Lamar Jackson,QB,0.0
10,414.l.921976.t.7,414.p.34107,Tyler Allgeier,RB,1.8
10,414.l.921976.t.7,414.p.33514,Chuba Hubbard,RB,1.4
10,414.l.921976.t.7,414.p.30426,Younghoe Koo,K,3.0
10,414.l.921976.t.7,414.p.100025,49ers,DEF,6.0
10,414.l.921976.t.1,414.p.24060,Colt McCoy,QB,13.92
10,414.l.921976.t.1,414.p.30197,Chris Godwin Jr.,WR,16.1
10,414.l.921976.t.1,414.p.33966,Chris Olave,WR,5.5
10,414.l.921976.t.1,414.p.29279,Derrick Henry,RB,7.7
10,414.l.921976.t.1,414.p.31005,Nick Chubb,RB,13.6
10,414.l.921976.t.1,414.p.31969,Foster Moreau,TE,11.8
10,414.l.921976.t.1,414.p.31268,Allen Lazard,WR,6.0
10,414.l.921976.t.1,414.p.30247,Jamaal Williams,RB,11.9
10,414.l.921976.t.1,414.p.32696,Jordan Love,QB,0.0
10,414.l.921976.t.1,414.p.33403,Mac Jones,QB,0.0
10,414.l.921976.t.1,414.p.32719,Chase Claypool,WR,1.3
10,414.l.921976.t.1,414.p.27589,Allen Robinson,WR,6.4
10,414.l.921976.t.1,414.p.29236,Carson Wentz,QB,0.0
10,414.l.921976.t.1,414.p.27540,Odell Beckham Jr.,WR,0.0
10,414.l.921976.t.1,414.p.27120,Brandon McManus,K,4.0
10,414.l.921976.t.1,414.p.100002,Bills,DEF,8.0
10,414.l.921976.t.9,414.p.30971,Baker Mayfield,QB,0.0
10,414.l.921976.t.9,414.p.29399,Tyreek Hill,WR,12.9
10,414.l.921976.t.9,414.p.28457,Tyler Lockett,WR,11.7
10,414.l.921976.t.9,414.p.30295,Aaron Jones Sr.,RB,22.6
10,414.l.921976.t.9,414.p.30202,D'Onta Foreman,RB,19.0
10,414.l.921976.t.9,414.p.34036,Greg Dulcich,TE,1.6
10,414.l.921976.t.9,414.p.30231,Mack Hollins,WR,2.8
10,414.l.921976.t.9,414.p.32003,Darius Slayton,WR,17.0
10,414.l.921976.t.9,414.p.33390,Zach Wilson,QB,0.0
10,414.l.921976.t.9,414.p.31424,Gus Edwards,RB,0.0
10,414.l.921976.t.9,414.p.31457,Dontrell Hilliard,RB,1.3
10,414.l.921976.t.9,414.p.34120,Kyren Williams,RB,5.4
10,414.l.921976.t.9,414.p.26483,Case Keenum,QB,0.0
10,414.l.921976.t.9,414.p.31977,Matt Gay,K,5.0
10,414.l.921976.t.9,414.p.100019,Giants,DEF,9.0
10,414.l.921976.t.9,414.p.100017,Patriots,DEF,0.0
10,414.l.921976.t.2,414.p.29369,Dak Prescott,QB,21.2
10,414.l.921976.t.2,414.p.30182,Cooper Kupp,WR,1.4
10,414.l.921976.t.2,414.p.28534,Stefon Diggs,WR,18.8
10,414.l.921976.t.2,414.p.31394,Jeff Wilson Jr.,RB,21.3
10,414.l.921976.t.2,414.p.28403,Melvin Gordon III,RB,9.0
10,414.l.921976.t.2,414.p.26658,Zach Ertz,TE,1.7
10,414.l.921976.t.2,414.p.34019,James Cook III,RB,2.2
10,414.l.921976.t.2,414.p.26662,Geno Smith,QB,19.2
10,414.l.921976.t.2,414.p.25812,Kirk Cousins,QB,17.48
10,414.l.921976.t.2,414.p.33963,Drake London,WR,12.3
10,414.l.921976.t.2,414.p.34207,Isiah Pacheco,RB,6.2
10,414.l.921976.t.2,414.p.32892,Eno Benjamin,RB,0.0
10,414.l.921976.t.2,414.p.28402,DeVante Parker,WR,0.0
10,414.l.921976.t.2,414.p.31001,Sony Michel,RB,0.2
10,414.l.921976.t.2,414.p.31538,Greg Joseph,K,9.0
10,414.l.921976.t.2,414.p.100009,Packers,DEF,5.0
10,414.l.921976.t.11,414.p.25785,Russell Wilson,QB,15.24
10,414.l.921976.t.11,414.p.31908,Terry McLaurin,WR,16.8
10,414.l.921976.t.11,414.p.30150,Zay Jones,WR,10.8
10,414.l.921976.t.11,414.p.32711,Jonathan Taylor,RB,23.3
10,414.l.921976.t.11,414.p.32036,Travis Homer,RB,0.0
10,414.l.921976.t.11,414.p.31107,Dalton Schultz,TE,14.4
10,414.l.921976.t.11,414.p.33447,Terrace Marshall Jr.,WR,4.8
10,414.l.921976.t.11,414.p.33389,Trevor Lawrence,QB,20.96
10,414.l.921976.t.11,414.p.33637,Ben Skowronek,WR,2.4
10,414.l.921976.t.11,414.p.32231,Jakobi Meyers,WR,0.0
10,414.l.921976.t.11,414.p.29307,Kenyan Drake,RB,0.0
10,414.l.921976.t.11,414.p.8780,Matt Ryan,QB,22.68
10,414.l.921976.t.11,414.p.27560,Teddy Bridgewater,QB,0.0
10,414.l.921976.t.11,414.p.33971,Jahan Dotson,WR,1.9
10,414.l.921976.t.11,414.p.31137,Daniel Carlson,K,2.0
10,414.l.921976.t.11,414.p.100022,Cardinals,DEF,8.0
10,414.l.921976.t.3,414.p.28839,Taylor Heinicke,QB,6.44
10,414.l.921976.t.3,414.p.30994,DJ Moore,WR,4.9
10,414.l.921976.t.3,414.p.31896,DK Metcalf,WR,10.1
10,414.l.921976.t.3,414.p.30218,James Conner,RB,22.1
10,414.l.921976.t.3,414.p.33412,Najee Harris,RB,9.9
10,414.l.921976.t.3,414.p.33392,Kyle Pitts Sr.,TE,3.8
10,414.l.921976.t.3,414.p.32695,Brandon Aiyuk,WR,9.4
10,414.l.921976.t.3,414.p.31803,John Wolford,QB,9.78
10,414.l.921976.t.3,414.p.9265,Matthew Stafford,QB,0.0
10,414.l.921976.t.3,414.p.32762,Devin Duvernay,WR,0.0
10,414.l.921976.t.3,414.p.33798,Deon Jackson,RB,0.0
10,414.l.921976.t.3,414.p.31902,Darrell Henderson Jr.,RB,9.7
10,414.l.921976.t.3,414.p.33732,Caleb Huntley,RB,3.2
10,414.l.921976.t.3,414.p.28389,Jameis Winston,QB,0.0
10,414.l.921976.t.3,414.p.32858,Tyler Bass,K,13.0
10,414.l.921976.t.3,414.p.100018,Saints,DEF,7.0
10,414.l.921976.t.14,414.p.30614,Taysom Hill,"QB,TE",0.1
10,414.l.921976.t.14,414.p.27277,Adam Thielen,WR,7.4
10,414.l.921976.t.14,414.p.28392,Amari Cooper,WR,4.7
10,414.l.921976.t.14,414.p.30154,Dalvin Cook,RB,22.1
10,414.l.921976.t.14,414.p.30121,Christian McCaffrey,RB,15.7
10,414.l.921976.t.14,414.p.31840,T.J. Hockenson,TE,8.0
10,414.l.921976.t.14,414.p.31074,Nyheim Miller-Hines,RB,1.4
10,414.l.921976.t.14,414.p.30538,P.J. Walker,QB,5.72
10,414.l.921976.t.14,414.p.26699,Keenan Allen,WR,0.0
10,414.l.921976.t.14,414.p.26664,Robert Woods,WR,2.0
10,414.l.921976.t.14,414.p.31888,Mecole Hardman Jr.,WR,0.0
10,414.l.921976.t.14,414.p.31919,Damien Harris,RB,0.0
10,414.l.921976.t.14,414.p.29269,Hunter Henry,TE,0.0
10,414.l.921976.t.14,414.p.30115,Mitchell Trubisky,QB,0.0
10,414.l.921976.t.14,414.p.28378,Jason Myers,K,6.0
10,414.l.921976.t.14,414.p.100001,Falcons,DEF,1.0
10,414.l.921976.t.12,414.p.30977,Josh Allen,QB,21.6
10,414.l.921976.t.12,414.p.33109,Marquez Callaway,WR,0.0
10,414.l.921976.t.12,414.p.27591,Jarvis Landry,WR,5.2
10,414.l.921976.t.12,414.p.28654,Raheem Mostert,RB,16.7
10,414.l.921976.t.12,414.p.30423,Austin Ekeler,RB,9.8
10,414.l.921976.t.12,414.p.31019,Dallas Goedert,TE,7.8
10,414.l.921976.t.12,414.p.32523,Greg Dortch,WR,0.0
10,414.l.921976.t.12,414.p.24822,Andy Dalton,QB,9.06
10,414.l.921976.t.12,414.p.24815,Mark Ingram II,RB,0.0
10,414.l.921976.t.12,414.p.30118,Corey Davis,WR,0.0
10,414.l.921976.t.12,414.p.31051,Michael Gallup,WR,5.5
10,414.l.921976.t.12,414.p.31868,Deebo Samuel,WR,6.1
10,414.l.921976.t.12,414.p.28267,Cameron Brate,TE,1.3
10,414.l.921976.t.12,414.p.33967,Jameson Williams,WR,0.0
10,414.l.921976.t.12,414.p.33381,Matt Ammendola,K,0.0
10,414.l.921976.t.12,414.p.100010,Titans,DEF,12.0
10,414.l.921976.t.4,414.p.28390,Marcus Mariota,QB,18.74
10,414.l.921976.t.4,414.p.30175,JuJu Smith-Schuster,WR,4.3
10,414.l.921976.t.4,414.p.32687,CeeDee Lamb,WR,32.5
10,414.l.921976.t.4,414.p.33996,Kenneth Walker III,RB,10.2
10,414.l.921976.t.4,414.p.34447,Jaylen Warren,RB,9.2
10,414.l.921976.t.4,414.p.34062,Cade Otton,TE,5.0
10,414.l.921976.t.4,414.p.24793,Julio Jones,WR,12.8
10,414.l.921976.t.4,414.p.29235,Jared Goff,QB,14.84
10,414.l.921976.t.4,414.p.28592,Darren Waller,TE,0.0
10,414.l.921976.t.4,414.p.34088,Romeo Doubs,WR,0.0
10,414.l.921976.t.4,414.p.30161,Joe Mixon,RB,0.0
10,414.l.921976.t.4,414.p.33975,Kenny Pickett,QB,19.06
10,414.l.921976.t.4,414.p.32725,J.K. Dobbins,RB,0.0
10,414.l.921976.t.4,414.p.30227,Samaje Perine,RB,0.0
10,414.l.921976.t.4,414.p.9520,Ryan Succop,K,3.0
10,414.l.921976.t.4,414.p.100006,Cowboys,DEF,5.0
10,414.l.921976.t.15,414.p.5228,Tom Brady,QB,17.02
10,414.l.921976.t.15,414.p.31883,A.J. Brown,WR,1.2
10,414.l.921976.t.15,414.p.32798,Gabe Davis,WR,18.3
10,414.l.921976.t.15,414.p.33413,Travis Etienne Jr.,RB,8.8
10,414.l.921976.t.15,414.p.32736,Antonio Gibson,RB,13.3
10,414.l.921976.t.15,414.p.31928,Dawson Knox,TE,7.7
10,414.l.921976.t.15,414.p.31010,Courtland Sutton,WR,9.6
10,414.l.921976.t.15,414.p.31838,Daniel Jones,QB,18.28
10,414.l.921976.t.15,414.p.33606,Sam Ehlinger,QB,0.0
10,414.l.921976.t.15,414.p.33508,Rhamondre Stevenson,RB,0.0
10,414.l.921976.t.15,414.p.33138,James Robinson,RB,0.0
10,414.l.921976.t.15,414.p.30142,David Njoku,TE,0.0
10,414.l.921976.t.15,414.p.33998,Wan'Dale Robinson,WR,2.5
10,414.l.921976.t.15,414.p.30346,Harrison Butker,K,3.0
10,414.l.921976.t.15,414.p.33537,Evan McPherson,K,0.0
10,414.l.921976.t.15,414.p.100027,Buccaneers,DEF,6.0
10,414.l.921976.t.10,414.p.27590,Jimmy Garoppolo,QB,15.9
10,414.l.921976.t.10,414.p.32692,Justin Jefferson,WR,30.3
10,414.l.921976.t.10,414.p.33477,Nico Collins,WR,13.4
10,414.l.921976.t.10,414.p.32702,Clyde Edwards-Helaire,RB,0.0
10,414.l.921976.t.10,414.p.26804,Latavius Murray,RB,6.2
10,414.l.921976.t.10,414.p.30259,George Kittle,TE,2.6
10,414.l.921976.t.10,414.p.34047,Rachaad White,RB,10.5
10,414.l.921976.t.10,414.p.29325,Jacoby Brissett,QB,16.48
10,414.l.921976.t.10,414.p.33965,Garrett Wilson,WR,0.0
10,414.l.921976.t.10,414.p.30777,Robert Tonyan,TE,1.3
10,414.l.921976.t.10,414.p.33495,Michael Carter,RB,0.0
10,414.l.921976.t.10,414.p.34042,Malik Willis,QB,-2.4
10,414.l.921976.t.10,414.p.33422,Elijah Moore,WR,0.0
10,414.l.921976.t.10,414.p.33393,Ja'Marr Chase,WR,0.0
10,414.l.921976.t.10,414.p.29754,Wil Lutz,K,5.0
10,414.l.921976.t.10,414.p.100013,Raiders,DEF,3.0
11,414.l.921976.t.5,414.p.30123,Patrick Mahomes,QB,27.46
11,414.l.921976.t.5,414.p.32704,Michael Pittman Jr.,WR,10.5
11,414.l.921976.t.5,414.p.30120,Mike Williams,WR,2.0
11,414.l.921976.t.5,414.p.30180,Alvin Kamara,RB,10.9
11,414.l.921976.t.5,414.p.31960,Tony Pollard,RB,33.9
11,414.l.921976.t.5,414.p.31127,Tyler Conklin,TE,2.5
11,414.l.921976.t.5,414.p.33408,Kadarius Toney,WR,0.0
11,414.l.921976.t.5,414.p.32676,Justin Herbert,QB,20.2
11,414.l.921976.t.5,414.p.34054,Brian Robinson Jr.,RB,5.7
11,414.l.921976.t.5,414.p.32732,A.J. Dillon,RB,2.8
11,414.l.921976.t.5,414.p.30153,Curtis Samuel,WR,9.3
11,414.l.921976.t.5,414.p.30136,Evan Engram,TE,0.0
11,414.l.921976.t.5,414.p.31934,Alexander Mattison,RB,1.3
11,414.l.921976.t.5,414.p.30552,Matt Breida,RB,9.4
11,414.l.921976.t.5,414.p.28227,Cairo Santos,K,7.0
11,414.l.921976.t.5,414.p.100007,Broncos,DEF,1.0
11,414.l.921976.t.13,414.p.32671,Joe Burrow,QB,28.7
11,414.l.921976.t.13,414.p.33398,DeVonta Smith,WR,10.8
11,414.l.921976.t.13,414.p.32843,Darnell Mooney,WR,10.9
11,414.l.921976.t.13,414.p.34063,Dameon Pierce,RB,2.7
11,414.l.921976.t.13,414.p.26652,Cordarrelle Patterson,RB,10.9
11,414.l.921976.t.13,414.p.34095,Isaiah Likely,TE,0.6
11,414.l.921976.t.13,414.p.26650,DeAndre Hopkins,WR,13.6
11,414.l.921976.t.13,414.p.34007,George Pickens,WR,16.3
11,414.l.921976.t.13,414.p.31012,Mike Gesicki,TE,0.0
11,414.l.921976.t.13,414.p.33394,Jaylen Waddle,WR,0.0
11,414.l.921976.t.13,414.p.32675,Tua Tagovailoa,QB,0.0
11,414.l.921976.t.13,414.p.30117,Leonard Fournette,RB,0.0
11,414.l.921976.t.13,414.p.31981,Hunter Renfrow,WR,0.0
11,414.l.921976.t.13,414.p.30125,Deshaun Watson,QB,0.0
11,414.l.921976.t.13,414.p.8432,Nick Folk,K,4.0
11,414.l.921976.t.13,414.p.100014,Rams,DEF,4.0
11,414.l.921976.t.6,414.p.33399,Justin Fields,QB,23.62
11,414.l.921976.t.6,414.p.32857,Donovan Peoples-Jones,WR,14.6
11,414.l.921976.t.6,414.p.31891,Parris Campbell,WR,9.2
11,414.l.921976.t.6,414.p.31856,Josh Jacobs,RB,17.5
11,414.l.921976.t.6,414.p.32705,D'Andre Swift,RB,10.7
11,414.l.921976.t.6,414.p.32713,Cole Kmet,TE,5.0
11,414.l.921976.t.6,414.p.31885,Miles Sanders,RB,5.3
11,414.l.921976.t.6,414.p.32887,Jauan Jennings,WR,0.0
11,414.l.921976.t.6,414.p.31833,Kyler Murray,QB,0.0
11,414.l.921976.t.6,414.p.30285,Isaiah McKenzie,WR,0.0
11,414.l.921976.t.6,414.p.32685,Jerry Jeudy,WR,0.0
11,414.l.921976.t.6,414.p.27535,Mike Evans,WR,0.0
11,414.l.921976.t.6,414.p.30995,Hayden Hurst,TE,3.8
11,414.l.921976.t.6,414.p.33538,Kenneth Gainwell,RB,0.0
11,414.l.921976.t.6,414.p.26534,Justin Tucker,K,7.0
11,414.l.921976.t.6,414.p.100021,Eagles,DEF,7.0
11,414.l.921976.t.16,414.p.32723,Jalen Hurts,QB,24.2
11,414.l.921976.t.16,414.p.27581,Davante Adams,WR,29.6
11,414.l.921976.t.16,414.p.31898,Diontae Johnson,WR,4.2
11,414.l.921976.t.16,414.p.30199,Kareem Hunt,RB,6.4
11,414.l.921976.t.16,414.p.33582,Elijah Mitchell,RB,5.9
11,414.l.921976.t.16,414.p.26686,Travis Kelce,TE,32.5
11,414.l.921976.t.16,414.p.31144,Marquez Valdes-Scantling,WR,2.3
11,414.l.921976.t.16,414.p.25718,Ryan Tannehill,QB,20.02
11,414.l.921976.t.16,414.p.27624,Jerick McKinnon,RB,0.9
11,414.l.921976.t.16,414.p.28947,DeAndre Carter,WR,4.8
11,414.l.921976.t.16,414.p.31104,Chase Edmonds,RB,0.6
11,414.l.921976.t.16,414.p.32010,Gardner Minshew,QB,0.0
11,414.l.921976.t.16,414.p.31857,Hollywood Brown,WR,0.0
11,414.l.921976.t.16,414.p.34157,Keaontay Ingram,RB,1.9
11,414.l.921976.t.16,414.p.27369,Brett Maher,K,22.0
11,414.l.921976.t.16,414.p.100020,Jets,DEF,10.0
11,414.l.921976.t.8,414.p.27564,Derek Carr,QB,20.28
11,414.l.921976.t.8,414.p.33437,Rondale Moore,WR,-0.6
11,414.l.921976.t.8,414.p.29288,Tyler Boyd,WR,5.2
11,414.l.921976.t.8,414.p.31906,Devin Singletary,RB,16.7
11,414.l.921976.t.8,414.p.29238,Ezekiel Elliott,RB,17.2
11,414.l.921976.t.8,414.p.31056,Mark Andrews,TE,9.3
11,414.l.921976.t.8,414.p.33500,Amon-Ra St. Brown,WR,11.5
11,414.l.921976.t.8,414.p.26753,Kyle Juszczyk,RB,0.4
11,414.l.921976.t.8,414.p.30157,Gerald Everett,TE,0.0
11,414.l.921976.t.8,414.p.30973,Sam Darnold,QB,0.0
11,414.l.921976.t.8,414.p.34617,Raheem Blackshear,RB,2.4
11,414.l.921976.t.8,414.p.31017,Christian Kirk,WR,0.0
11,414.l.921976.t.8,414.p.32722,Cam Akers,RB,6.1
11,414.l.921976.t.8,414.p.31874,Drew Lock,QB,0.0
11,414.l.921976.t.8,414.p.9526,Graham Gano,K,0.0
11,414.l.921976.t.8,414.p.100028,Commanders,DEF,19.0
11,414.l.921976.t.7,414.p.31002,Lamar Jackson,QB,16.46
11,414.l.921976.t.7,414.p.32703,Tee Higgins,WR,19.3
11,414.l.921976.t.7,414.p.27548,Brandin Cooks,WR,8.5
11,414.l.921976.t.7,414.p.31905,David Montgomery,RB,19.6
11,414.l.921976.t.7,414.p.30972,Saquon Barkley,RB,4.5
11,414.l.921976.t.7,414.p.29344,Tyler Higbee,TE,6.5
11,414.l.921976.t.7,414.p.33443,Pat Freiermuth,TE,11.9
11,414.l.921976.t.7,414.p.7200,Aaron Rodgers,QB,19.08
11,414.l.921976.t.7,414.p.33465,Joshua Palmer,WR,26.6
11,414.l.921976.t.7,414.p.33455,Davis Mills,QB,11.76
11,414.l.921976.t.7,414.p.33605,Khalil Herbert,RB,0.0
11,414.l.921976.t.7,414.p.34008,Alec Pierce,WR,4.3
11,414.l.921976.t.7,414.p.34107,Tyler Allgeier,RB,6.9
11,414.l.921976.t.7,414.p.33514,Chuba Hubbard,RB,3.5
11,414.l.921976.t.7,414.p.30426,Younghoe Koo,K,12.0
11,414.l.921976.t.7,414.p.100025,49ers,DEF,11.0
11,414.l.921976.t.1,414.p.33403,Mac Jones,QB,10.14
11,414.l.921976.t.1,414.p.33966,Chris Olave,WR,18.7
11,414.l.921976.t.1,414.p.31268,Allen Lazard,WR,8.2
11,414.l.921976.t.1,414.p.29279,Derrick Henry,RB,24.36
11,414.l.921976.t.1,414.p.31005,Nick Chubb,RB,8.2
11,414.l.921976.t.1,414.p.31969,Foster Moreau,TE,3.8
11,414.l.921976.t.1,414.p.30247,Jamaal Williams,RB,24.4
11,414.l.921976.t.1,414.p.27589,Allen Robinson,WR,12.7
11,414.l.921976.t.1,414.p.32719,Chase Claypool,WR,2.1
11,414.l.921976.t.1,414.p.29236,Carson Wentz,QB,0.0
11,414.l.921976.t.1,414.p.30197,Chris Godwin Jr.,WR,0.0
11,414.l.921976.t.1,414.p.24060,Colt McCoy,QB,8.32
11,414.l.921976.t.1,414.p.27540,Odell Beckham Jr.,WR,0.0
11,414.l.921976.t.1,414.p.33891,Jack Stoll,TE,1.2
11,414.l.921976.t.1,414.p.27120,Brandon McManus,K,14.0
11,414.l.921976.t.1,414.p.100002,Bills,DEF,5.0
11,414.l.921976.t.9,414.p.33390,Zach Wilson,QB,5.68
11,414.l.921976.t.9,414.p.32003,Darius Slayton,WR,11.1
11,414.l.921976.t.9,414.p.32727,Van Jefferson,WR,5.6
11,414.l.921976.t.9,414.p.30295,Aaron Jones Sr.,RB,11.0
11,414.l.921976.t.9,414.p.30202,D'Onta Foreman,RB,2.4
11,414.l.921976.t.9,414.p.34036,Greg Dulcich,TE,5.0
11,414.l.921976.t.9,414.p.34120,Kyren Williams,RB,4.9
11,414.l.921976.t.9,414.p.30971,Baker Mayfield,QB,7.04
11,414.l.921976.t.9,414.p.31424,Gus Edwards,RB,0.0
11,414.l.921976.t.9,414.p.29399,Tyreek Hill,WR,0.0
11,414.l.921976.t.9,414.p.28457,Tyler Lockett,WR,0.0
11,414.l.921976.t.9,414.p.31457,Dontrell Hilliard,RB,8.3
11,414.l.921976.t.9,414.p.31977,Matt Gay,K,10.0
11,414.l.921976.t.9,414.p.100017,Patriots,DEF,18.0
11,414.l.921976.t.9,414.p.100019,Giants,DEF,-1.0
11,414.l.921976.t.2,414.p.29369,Dak Prescott,QB,20.64
11,414.l.921976.t.2,414.p.28534,Stefon Diggs,WR,12.8
11,414.l.921976.t.2,414.p.33963,Drake London,WR,6.7
11,414.l.921976.t.2,414.p.28403,Melvin Gordon III,RB,9.5
11,414.l.921976.t.2,414.p.34207,Isiah Pacheco,RB,10.7
11,414.l.921976.t.2,414.p.33113,Juwan Johnson,TE,12.2
11,414.l.921976.t.2,414.p.34019,James Cook III,RB,8.6
11,414.l.921976.t.2,414.p.25812,Kirk Cousins,QB,2.2
11,414.l.921976.t.2,414.p.26662,Geno Smith,QB,0.0
11,414.l.921976.t.2,414.p.31394,Jeff Wilson Jr.,RB,0.0
11,414.l.921976.t.2,414.p.30182,Cooper Kupp,WR,0.0
11,414.l.921976.t.2,414.p.28402,DeVante Parker,WR,2.9
11,414.l.921976.t.2,414.p.31001,Sony Michel,RB,0.1
11,414.l.921976.t.2,414.p.31538,Greg Joseph,K,3.0
11,414.l.921976.t.2,414.p.100009,Packers,DEF,5.0
11,414.l.921976.t.11,414.p.25785,Russell Wilson,QB,10.68
11,414.l.921976.t.11,414.p.31908,Terry McLaurin,WR,7.6
11,414.l.921976.t.11,414.p.32231,Jakobi Meyers,WR,7.2
11,414.l.921976.t.11,414.p.32711,Jonathan Taylor,RB,14.9
11,414.l.921976.t.11,414.p.29307,Kenyan Drake,RB,6.3
11,414.l.921976.t.11,414.p.31107,Dalton Schultz,TE,3.7
11,414.l.921976.t.11,414.p.33637,Ben Skowronek,WR,0.9
11,414.l.921976.t.11,414.p.8780,Matt Ryan,QB,8.62
11,414.l.921976.t.11,414.p.33447,Terrace Marshall Jr.,WR,9.1
11,414.l.921976.t.11,414.p.32036,Travis Homer,RB,0.0
11,414.l.921976.t.11,414.p.33389,Trevor Lawrence,QB,0.0
11,414.l.921976.t.11,414.p.30150,Zay Jones,WR,0.0
11,414.l.921976.t.11,414.p.27560,Teddy Bridgewater,QB,0.0
11,414.l.921976.t.11,414.p.33971,Jahan Dotson,WR,2.1
11,414.l.921976.t.11,414.p.31137,Daniel Carlson,K,14.0
11,414.l.921976.t.11,414.p.100033,Ravens,DEF,18.0
11,414.l.921976.t.3,414.p.28839,Taylor Heinicke,QB,7.84
11,414.l.921976.t.3,414.p.30994,DJ Moore,WR,3.9
11,414.l.921976.t.3,414.p.32695,Brandon Aiyuk,WR,15.0
11,414.l.921976.t.3,414.p.30218,James Conner,RB,12.4
11,414.l.921976.t.3,414.p.33412,Najee Harris,RB,25.6
11,414.l.921976.t.3,414.p.33392,Kyle Pitts Sr.,TE,5.8
11,414.l.921976.t.3,414.p.33989,Christian Watson,WR,19.1
11,414.l.921976.t.3,414.p.9265,Matthew Stafford,QB,14.76
11,414.l.921976.t.3,414.p.31902,Darrell Henderson Jr.,RB,0.9
11,414.l.921976.t.3,414.p.31896,DK Metcalf,WR,0.0
11,414.l.921976.t.3,414.p.31803,John Wolford,QB,0.0
11,414.l.921976.t.3,414.p.32762,Devin Duvernay,WR,1.2
11,414.l.921976.t.3,414.p.28389,Jameis Winston,QB,0.0
11,414.l.921976.t.3,414.p.31852,Noah Fant,TE,0.0
11,414.l.921976.t.3,414.p.32858,Tyler Bass,K,23.0
11,414.l.921976.t.3,414.p.100018,Saints,DEF,5.0
11,414.l.921976.t.14,414.p.30614,Taysom Hill,"QB,TE",7.06
11,414.l.921976.t.14,414.p.27277,Adam Thielen,WR,3.5
11,414.l.921976.t.14,414.p.28392,Amari Cooper,WR,27.3
11,414.l.921976.t.14,414.p.30154,Dalvin Cook,RB,7.2
11,414.l.921976.t.14,414.p.30121,Christian McCaffrey,RB,14.1
11,414.l.921976.t.14,414.p.31840,T.J. Hockenson,TE,5.9
11,414.l.921976.t.14,414.p.31074,Nyheim Miller-Hines,RB,-0.8
11,414.l.921976.t.14,414.p.26699,Keenan Allen,WR,9.9
11,414.l.921976.t.14,414.p.30538,P.J. Walker,QB,0.0
11,414.l.921976.t.14,414.p.26664,Robert Woods,WR,9.9
11,414.l.921976.t.14,414.p.31888,Mecole Hardman Jr.,WR,0.0
11,414.l.921976.t.14,414.p.31919,Damien Harris,RB,10.3
11,414.l.921976.t.14,414.p.29269,Hunter Henry,TE,2.5
11,414.l.921976.t.14,414.p.30115,Mitchell Trubisky,QB,0.0
11,414.l.921976.t.14,414.p.7520,Robbie Gould,K,8.0
11,414.l.921976.t.14,414.p.100001,Falcons,DEF,12.0
11,414.l.921976.t.12,414.p.30977,Josh Allen,QB,12.58
11,414.l.921976.t.12,414.p.27591,Jarvis Landry,WR,10.8
11,414.l.921976.t.12,414.p.31051,Michael Gallup,WR,5.6
11,414.l.921976.t.12,414.p.30423,Austin Ekeler,RB,17.0
11,414.l.921976.t.12,414.p.26813,Rex Burkhead,RB,0.0
11,414.l.921976.t.12,414.p.31068,Jordan Akins,TE,1.8
11,414.l.921976.t.12,414.p.31868,Deebo Samuel,WR,18.9
11,414.l.921976.t.12,414.p.24822,Andy Dalton,QB,22.2
11,414.l.921976.t.12,414.p.33109,Marquez Callaway,WR,1.1
11,414.l.921976.t.12,414.p.31019,Dallas Goedert,TE,0.0
11,414.l.921976.t.12,414.p.33423,Javonte Williams,RB,0.0
11,414.l.921976.t.12,414.p.28654,Raheem Mostert,RB,0.0
11,414.l.921976.t.12,414.p.30118,Corey Davis,WR,0.0
11,414.l.921976.t.12,414.p.32892,Eno Benjamin,RB,0.0
11,414.l.921976.t.12,414.p.30346,Harrison Butker,K,14.0
11,414.l.921976.t.12,414.p.100010,Titans,DEF,4.0
11,414.l.921976.t.4,414.p.28390,Marcus Mariota,QB,17.74
11,414.l.921976.t.4,414.p.32687,CeeDee Lamb,WR,7.0
11,414.l.921976.t.4,414.p.29360,Demarcus Robinson,WR,17.3
11,414.l.921976.t.4,414.p.34447,Jaylen Warren,RB,1.4
11,414.l.921976.t.4,414.p.30161,Joe Mixon,RB,7.7
11,414.l.921976.t.4,414.p.34010,Trey McBride,TE,3.4
11,414.l.921976.t.4,414.p.31114,Justin Watson,WR,8.2
11,414.l.921976.t.4,414.p.29235,Jared Goff,QB,6.5
11,414.l.921976.t.4,414.p.30175,JuJu Smith-Schuster,WR,0.0
11,414.l.921976.t.4,414.p.24793,Julio Jones,WR,0.0
11,414.l.921976.t.4,414.p.33996,Kenneth Walker III,RB,0.0
11,414.l.921976.t.4,414.p.28592,Darren Waller,TE,0.0
11,414.l.921976.t.4,414.p.33975,Kenny Pickett,QB,16.0
11,414.l.921976.t.4,414.p.32725,J.K. Dobbins,RB,0.0
11,414.l.921976.t.4,414.p.34344,Cameron Dicker,K,10.0
11,414.l.921976.t.4,414.p.100006,Cowboys,DEF,17.0
11,414.l.921976.t.15,414.p.31838,Daniel Jones,QB,26.64
11,414.l.921976.t.15,414.p.31883,A.J. Brown,WR,6.5
11,414.l.921976.t.15,414.p.32798,Gabe Davis,WR,9.3
11,414.l.921976.t.15,414.p.32736,Antonio Gibson,RB,11.8
11,414.l.921976.t.15,414.p.33508,Rhamondre Stevenson,RB,11.2
11,414.l.921976.t.15,414.p.31928,Dawson Knox,TE,10.5
11,414.l.921976.t.15,414.p.31010,Courtland Sutton,WR,10.5
11,414.l.921976.t.15,414.p.33998,Wan'Dale Robinson,WR,14.9
11,414.l.921976.t.15,414.p.5228,Tom Brady,QB,0.0
11,414.l.921976.t.15,414.p.33413,Travis Etienne Jr.,RB,0.0
11,414.l.921976.t.15,414.p.33606,Sam Ehlinger,QB,0.0
11,414.l.921976.t.15,414.p.33138,James Robinson,RB,1.0
11,414.l.921976.t.15,414.p.30142,David Njoku,TE,2.7
11,414.l.921976.t.15,414.p.33537,Evan McPherson,K,17.0
11,414.l.921976.t.15,414.p.100004,Bengals,DEF,1.0
11,414.l.921976.t.15,414.p.100027,Buccaneers,DEF,0.0
11,414.l.921976.t.10,414.p.27590,Jimmy Garoppolo,QB,25.42
11,414.l.921976.t.10,414.p.32692,Justin Jefferson,WR,4.8
11,414.l.921976.t.10,414.p.33965,Garrett Wilson,WR,2.2
11,414.l.921976.t.10,414.p.33495,Michael Carter,RB,2.2
11,414.l.921976.t.10,414.p.26804,Latavius Murray,RB,15.2
11,414.l.921976.t.10,414.p.30259,George Kittle,TE,22.4
11,414.l.921976.t.10,414.p.33477,Nico Collins,WR,7.3
11,414.l.921976.t.10,414.p.29325,Jacoby Brissett,QB,25.86
11,414.l.921976.t.10,414.p.32702,Clyde Edwards-Helaire,RB,0.9
11,414.l.921976.t.10,414.p.34047,Rachaad White,RB,0.0
11,414.l.921976.t.10,414.p.30777,Robert Tonyan,TE,2.9
11,414.l.921976.t.10,414.p.34042,Malik Willis,QB,0.0
11,414.l.921976.t.10,414.p.33393,Ja'Marr Chase,WR,0.0
11,414.l.921976.t.10,414.p.33973,Treylon Burks,WR,14.6
11,414.l.921976.t.10,414.p.29754,Wil Lutz,K,10.0
11,414.l.921976.t.10,414.p.100016,Vikings,DEF,-4.0
12,414.l.921976.t.5,414.p.30123,Patrick Mahomes,QB,19.4
12,414.l.921976.t.5,414.p.32704,Michael Pittman Jr.,WR,15.6
12,414.l.921976.t.5,414.p.30153,Curtis Samuel,WR,1.3
12,414.l.921976.t.5,414.p.30180,Alvin Kamara,RB,4.0
12,414.l.921976.t.5,414.p.31960,Tony Pollard,RB,7.1
12,414.l.921976.t.5,414.p.30136,Evan Engram,TE,0.9
12,414.l.921976.t.5,414.p.34054,Brian Robinson Jr.,RB,19.5
12,414.l.921976.t.5,414.p.32676,Justin Herbert,QB,28.76
12,414.l.921976.t.5,414.p.30120,Mike Williams,WR,0.0
12,414.l.921976.t.5,414.p.33408,Kadarius Toney,WR,0.0
12,414.l.921976.t.5,414.p.32732,A.J. Dillon,RB,16.3
12,414.l.921976.t.5,414.p.31934,Alexander Mattison,RB,1.1
12,414.l.921976.t.5,414.p.24851,Randall Cobb,WR,8.9
12,414.l.921976.t.5,414.p.34008,Alec Pierce,WR,0.0
12,414.l.921976.t.5,414.p.28227,Cairo Santos,K,4.0
12,414.l.921976.t.5,414.p.100007,Broncos,DEF,2.0
12,414.l.921976.t.13,414.p.32671,Joe Burrow,QB,18.0
12,414.l.921976.t.13,414.p.26650,DeAndre Hopkins,WR,16.7
12,414.l.921976.t.13,414.p.33394,Jaylen Waddle,WR,11.0
12,414.l.921976.t.13,414.p.34063,Dameon Pierce,RB,3.1
12,414.l.921976.t.13,414.p.26652,Cordarrelle Patterson,RB,8.6
12,414.l.921976.t.13,414.p.31012,Mike Gesicki,TE,0.0
12,414.l.921976.t.13,414.p.34007,George Pickens,WR,9.2
12,414.l.921976.t.13,414.p.32675,Tua Tagovailoa,QB,15.96
12,414.l.921976.t.13,414.p.30117,Leonard Fournette,RB,0.0
12,414.l.921976.t.13,414.p.32843,Darnell Mooney,WR,0.0
12,414.l.921976.t.13,414.p.33398,DeVonta Smith,WR,7.0
12,414.l.921976.t.13,414.p.34095,Isaiah Likely,TE,0.0
12,414.l.921976.t.13,414.p.31981,Hunter Renfrow,WR,0.0
12,414.l.921976.t.13,414.p.30125,Deshaun Watson,QB,0.0
12,414.l.921976.t.13,414.p.8432,Nick Folk,K,15.0
12,414.l.921976.t.13,414.p.100014,Rams,DEF,4.0
12,414.l.921976.t.6,414.p.31833,Kyler Murray,QB,26.24
12,414.l.921976.t.6,414.p.27535,Mike Evans,WR,4.1
12,414.l.921976.t.6,414.p.31891,Parris Campbell,WR,2.4
12,414.l.921976.t.6,414.p.32705,D'Andre Swift,RB,8.3
12,414.l.921976.t.6,414.p.31885,Miles Sanders,RB,29.5
12,414.l.921976.t.6,414.p.30995,Hayden Hurst,TE,8.7
12,414.l.921976.t.6,414.p.31856,Josh Jacobs,RB,45.3
12,414.l.921976.t.6,414.p.31301,Kyle Allen,QB,11.8
12,414.l.921976.t.6,414.p.33399,Justin Fields,QB,0.0
12,414.l.921976.t.6,414.p.32685,Jerry Jeudy,WR,0.0
12,414.l.921976.t.6,414.p.32713,Cole Kmet,TE,4.2
12,414.l.921976.t.6,414.p.32857,Donovan Peoples-Jones,WR,2.6
12,414.l.921976.t.6,414.p.28638,Trevor Siemian,QB,10.96
12,414.l.921976.t.6,414.p.33967,Jameson Williams,WR,0.0
12,414.l.921976.t.6,414.p.26534,Justin Tucker,K,15.0
12,414.l.921976.t.6,414.p.100021,Eagles,DEF,6.0
12,414.l.921976.t.16,414.p.32723,Jalen Hurts,QB,29.82
12,414.l.921976.t.16,414.p.27581,Davante Adams,WR,10.9
12,414.l.921976.t.16,414.p.31857,Hollywood Brown,WR,7.6
12,414.l.921976.t.16,414.p.30199,Kareem Hunt,RB,2.6
12,414.l.921976.t.16,414.p.33582,Elijah Mitchell,RB,5.3
12,414.l.921976.t.16,414.p.26686,Travis Kelce,TE,13.7
12,414.l.921976.t.16,414.p.30227,Samaje Perine,RB,17.3
12,414.l.921976.t.16,414.p.25718,Ryan Tannehill,QB,12.54
12,414.l.921976.t.16,414.p.31898,Diontae Johnson,WR,7.4
12,414.l.921976.t.16,414.p.31144,Marquez Valdes-Scantling,WR,7.6
12,414.l.921976.t.16,414.p.27624,Jerick McKinnon,RB,4.1
12,414.l.921976.t.16,414.p.28947,DeAndre Carter,WR,16.8
12,414.l.921976.t.16,414.p.32010,Gardner Minshew,QB,0.0
12,414.l.921976.t.16,414.p.34157,Keaontay Ingram,RB,0.5
12,414.l.921976.t.16,414.p.27369,Brett Maher,K,4.0
12,414.l.921976.t.16,414.p.100020,Jets,DEF,8.0
12,414.l.921976.t.8,414.p.27564,Derek Carr,QB,22.8
12,414.l.921976.t.8,414.p.29288,Tyler Boyd,WR,2.6
12,414.l.921976.t.8,414.p.31017,Christian Kirk,WR,6.1
12,414.l.921976.t.8,414.p.31906,Devin Singletary,RB,8.5
12,414.l.921976.t.8,414.p.29238,Ezekiel Elliott,RB,16.0
12,414.l.921976.t.8,414.p.31056,Mark Andrews,TE,9.0
12,414.l.921976.t.8,414.p.33500,Amon-Ra St. Brown,WR,23.4
12,414.l.921976.t.8,414.p.30973,Sam Darnold,QB,16.86
12,414.l.921976.t.8,414.p.33437,Rondale Moore,WR,0.0
12,414.l.921976.t.8,414.p.26753,Kyle Juszczyk,RB,1.2
12,414.l.921976.t.8,414.p.30157,Gerald Everett,TE,5.8
12,414.l.921976.t.8,414.p.34617,Raheem Blackshear,RB,-0.4
12,414.l.921976.t.8,414.p.32722,Cam Akers,RB,3.7
12,414.l.921976.t.8,414.p.31874,Drew Lock,QB,0.0
12,414.l.921976.t.8,414.p.9526,Graham Gano,K,11.0
12,414.l.921976.t.8,414.p.100028,Commanders,DEF,7.0
12,414.l.921976.t.7,414.p.31002,Lamar Jackson,QB,23.06
12,414.l.921976.t.7,414.p.32703,Tee Higgins,WR,20.9
12,414.l.921976.t.7,414.p.27548,Brandin Cooks,WR,8.6
12,414.l.921976.t.7,414.p.31905,David Montgomery,RB,12.8
12,414.l.921976.t.7,414.p.30972,Saquon Barkley,RB,13.2
12,414.l.921976.t.7,414.p.33443,Pat Freiermuth,TE,5.4
12,414.l.921976.t.7,414.p.33465,Joshua Palmer,WR,8.1
12,414.l.921976.t.7,414.p.7200,Aaron Rodgers,QB,11.5
12,414.l.921976.t.7,414.p.29344,Tyler Higbee,TE,0.0
12,414.l.921976.t.7,414.p.33455,Davis Mills,QB,0.0
12,414.l.921976.t.7,414.p.33605,Khalil Herbert,RB,0.0
12,414.l.921976.t.7,414.p.34107,Tyler Allgeier,RB,5.4
12,414.l.921976.t.7,414.p.33514,Chuba Hubbard,RB,6.5
12,414.l.921976.t.7,414.p.30231,Mack Hollins,WR,14.3
12,414.l.921976.t.7,414.p.30426,Younghoe Koo,K,9.0
12,414.l.921976.t.7,414.p.100025,49ers,DEF,15.0
12,414.l.921976.t.1,414.p.33403,Mac Jones,QB,23.28
12,414.l.921976.t.1,414.p.33966,Chris Olave,WR,8.7
12,414.l.921976.t.1,414.p.30197,Chris Godwin Jr.,WR,23.0
12,414.l.921976.t.1,414.p.29279,Derrick Henry,RB,13.2
12,414.l.921976.t.1,414.p.31005,Nick Chubb,RB,19.7
12,414.l.921976.t.1,414.p.31969,Foster Moreau,TE,10.8
12,414.l.921976.t.1,414.p.30247,Jamaal Williams,RB,10.6
12,414.l.921976.t.1,414.p.33258,Bryce Perkins,QB,10.4
12,414.l.921976.t.1,414.p.31268,Allen Lazard,WR,3.4
12,414.l.921976.t.1,414.p.27589,Allen Robinson,WR,0.0
12,414.l.921976.t.1,414.p.32719,Chase Claypool,WR,6.1
12,414.l.921976.t.1,414.p.29236,Carson Wentz,QB,0.0
12,414.l.921976.t.1,414.p.27540,Odell Beckham Jr.,WR,0.0
12,414.l.921976.t.1,414.p.32993,Tyler Huntley,QB,0.0
12,414.l.921976.t.1,414.p.27120,Brandon McManus,K,4.0
12,414.l.921976.t.1,414.p.100002,Bills,DEF,8.0
12,414.l.921976.t.9,414.p.8795,Joe Flacco,QB,0.0
12,414.l.921976.t.9,414.p.29399,Tyreek Hill,WR,12.0
12,414.l.921976.t.9,414.p.28457,Tyler Lockett,WR,14.3
12,414.l.921976.t.9,414.p.30295,Aaron Jones Sr.,RB,17.4
12,414.l.921976.t.9,414.p.30202,D'Onta Foreman,RB,11.3
12,414.l.921976.t.9,414.p.34036,Greg Dulcich,TE,2.1
12,414.l.921976.t.9,414.p.32003,Darius Slayton,WR,7.8
12,414.l.921976.t.9,414.p.31424,Gus Edwards,RB,9.2
12,414.l.921976.t.9,414.p.34120,Kyren Williams,RB,7.5
12,414.l.921976.t.9,414.p.30971,Baker Mayfield,QB,0.0
12,414.l.921976.t.9,414.p.33390,Zach Wilson,QB,0.0
12,414.l.921976.t.9,414.p.31457,Dontrell Hilliard,RB,3.4
12,414.l.921976.t.9,414.p.32727,Van Jefferson,WR,10.4
12,414.l.921976.t.9,414.p.31199,Jason Sanders,K,13.0
12,414.l.921976.t.9,414.p.100012,Chiefs,DEF,11.0
12,414.l.921976.t.9,414.p.100017,Patriots,DEF,2.0
12,414.l.921976.t.2,414.p.29369,Dak Prescott,QB,16.84
12,414.l.921976.t.2,414.p.28534,Stefon Diggs,WR,17.7
12,414.l.921976.t.2,414.p.33963,Drake London,WR,3.9
12,414.l.921976.t.2,414.p.34207,Isiah Pacheco,RB,15.1
12,414.l.921976.t.2,414.p.31394,Jeff Wilson Jr.,RB,11.7
12,414.l.921976.t.2,414.p.33113,Juwan Johnson,TE,0.0
12,414.l.921976.t.2,414.p.34019,James Cook III,RB,2.8
12,414.l.921976.t.2,414.p.26662,Geno Smith,QB,20.32
12,414.l.921976.t.2,414.p.25812,Kirk Cousins,QB,22.86
12,414.l.921976.t.2,414.p.28403,Melvin Gordon III,RB,0.0
12,414.l.921976.t.2,414.p.30182,Cooper Kupp,WR,0.0
12,414.l.921976.t.2,414.p.28402,DeVante Parker,WR,10.0
12,414.l.921976.t.2,414.p.31001,Sony Michel,RB,0.0
12,414.l.921976.t.2,414.p.31538,Greg Joseph,K,9.0
12,414.l.921976.t.2,414.p.100033,Ravens,DEF,5.0
12,414.l.921976.t.11,414.p.25785,Russell Wilson,QB,8.48
12,414.l.921976.t.11,414.p.31908,Terry McLaurin,WR,7.3
12,414.l.921976.t.11,414.p.32231,Jakobi Meyers,WR,7.7
12,414.l.921976.t.11,414.p.32711,Jonathan Taylor,RB,17.3
12,414.l.921976.t.11,414.p.29307,Kenyan Drake,RB,0.2
12,414.l.921976.t.11,414.p.31107,Dalton Schultz,TE,17.1
12,414.l.921976.t.11,414.p.30150,Zay Jones,WR,22.0
12,414.l.921976.t.11,414.p.8780,Matt Ryan,QB,11.16
12,414.l.921976.t.11,414.p.33389,Trevor Lawrence,QB,24.94
12,414.l.921976.t.11,414.p.33637,Ben Skowronek,WR,1.5
12,414.l.921976.t.11,414.p.33447,Terrace Marshall Jr.,WR,1.3
12,414.l.921976.t.11,414.p.33971,Jahan Dotson,WR,0.0
12,414.l.921976.t.11,414.p.32036,Travis Homer,RB,12.3
12,414.l.921976.t.11,414.p.27560,Teddy Bridgewater,QB,0.0
12,414.l.921976.t.11,414.p.31137,Daniel Carlson,K,10.0
12,414.l.921976.t.11,414.p.100015,Dolphins,DEF,18.0
12,414.l.921976.t.3,414.p.28839,Taylor Heinicke,QB,12.42
12,414.l.921976.t.3,414.p.32695,Brandon Aiyuk,WR,9.0
12,414.l.921976.t.3,414.p.31896,DK Metcalf,WR,14.5
12,414.l.921976.t.3,414.p.30218,James Conner,RB,19.5
12,414.l.921976.t.3,414.p.33412,Najee Harris,RB,10.4
12,414.l.921976.t.3,414.p.31852,Noah Fant,TE,4.9
12,414.l.921976.t.3,414.p.33989,Christian Watson,WR,19.0
12,414.l.921976.t.3,414.p.31141,Mike White,QB,24.8
12,414.l.921976.t.3,414.p.9265,Matthew Stafford,QB,0.0
12,414.l.921976.t.3,414.p.30994,DJ Moore,WR,18.3
12,414.l.921976.t.3,414.p.31902,Darrell Henderson Jr.,RB,0.0
12,414.l.921976.t.3,414.p.31803,John Wolford,QB,0.0
12,414.l.921976.t.3,414.p.32762,Devin Duvernay,WR,5.4
12,414.l.921976.t.3,414.p.28389,Jameis Winston,QB,0.0
12,414.l.921976.t.3,414.p.32858,Tyler Bass,K,10.0
12,414.l.921976.t.3,414.p.100011,Colts,DEF,3.0
12,414.l.921976.t.14,414.p.30614,Taysom Hill,"QB,TE",2.5
12,414.l.921976.t.14,414.p.27277,Adam Thielen,WR,16.6
12,414.l.921976.t.14,414.p.28392,Amari Cooper,WR,12.9
12,414.l.921976.t.14,414.p.30154,Dalvin Cook,RB,7.6
12,414.l.921976.t.14,414.p.30121,Christian McCaffrey,RB,6.9
12,414.l.921976.t.14,414.p.31840,T.J. Hockenson,TE,12.8
12,414.l.921976.t.14,414.p.31919,Damien Harris,RB,1.6
12,414.l.921976.t.14,414.p.26699,Keenan Allen,WR,13.4
12,414.l.921976.t.14,414.p.31074,Nyheim Miller-Hines,RB,0.3
12,414.l.921976.t.14,414.p.30538,P.J. Walker,QB,0.0
12,414.l.921976.t.14,414.p.26664,Robert Woods,WR,2.6
12,414.l.921976.t.14,414.p.31888,Mecole Hardman Jr.,WR,0.0
12,414.l.921976.t.14,414.p.29269,Hunter Henry,TE,13.8
12,414.l.921976.t.14,414.p.30115,Mitchell Trubisky,QB,0.0
12,414.l.921976.t.14,414.p.7520,Robbie Gould,K,8.0
12,414.l.921976.t.14,414.p.100001,Falcons,DEF,3.0
12,414.l.921976.t.12,414.p.30977,Josh Allen,QB,30.92
12,414.l.921976.t.12,414.p.27591,Jarvis Landry,WR,3.0
12,414.l.921976.t.12,414.p.31051,Michael Gallup,WR,8.8
12,414.l.921976.t.12,414.p.30423,Austin Ekeler,RB,19.5
12,414.l.921976.t.12,414.p.28654,Raheem Mostert,RB,0.0
12,414.l.921976.t.12,414.p.31068,Jordan Akins,TE,12.6
12,414.l.921976.t.12,414.p.31868,Deebo Samuel,WR,5.8
12,414.l.921976.t.12,414.p.24822,Andy Dalton,QB,10.26
12,414.l.921976.t.12,414.p.26813,Rex Burkhead,RB,1.0
12,414.l.921976.t.12,414.p.33109,Marquez Callaway,WR,0.0
12,414.l.921976.t.12,414.p.31019,Dallas Goedert,TE,0.0
12,414.l.921976.t.12,414.p.33423,Javonte Williams,RB,0.0
12,414.l.921976.t.12,414.p.30118,Corey Davis,WR,1.4
12,414.l.921976.t.12,414.p.32892,Eno Benjamin,RB,0.0
12,414.l.921976.t.12,414.p.30346,Harrison Butker,K,14.0
12,414.l.921976.t.12,414.p.100010,Titans,DEF,2.0
12,414.l.921976.t.4,414.p.28390,Marcus Mariota,QB,14.86
12,414.l.921976.t.4,414.p.32687,CeeDee Lamb,WR,14.7
12,414.l.921976.t.4,414.p.29360,Demarcus Robinson,WR,2.2
12,414.l.921976.t.4,414.p.33996,Kenneth Walker III,RB,16.4
12,414.l.921976.t.4,414.p.33798,Deon Jackson,RB,0.0
12,414.l.921976.t.4,414.p.34010,Trey McBride,TE,0.6
12,414.l.921976.t.4,414.p.30175,JuJu Smith-Schuster,WR,5.3
12,414.l.921976.t.4,414.p.29235,Jared Goff,QB,17.6
12,414.l.921976.t.4,414.p.30161,Joe Mixon,RB,0.0
12,414.l.921976.t.4,414.p.34447,Jaylen Warren,RB,0.0
12,414.l.921976.t.4,414.p.24793,Julio Jones,WR,7.0
12,414.l.921976.t.4,414.p.28592,Darren Waller,TE,0.0
12,414.l.921976.t.4,414.p.33975,Kenny Pickett,QB,12.16
12,414.l.921976.t.4,414.p.32725,J.K. Dobbins,RB,0.0
12,414.l.921976.t.4,414.p.9520,Ryan Succop,K,6.0
12,414.l.921976.t.4,414.p.100006,Cowboys,DEF,4.0
12,414.l.921976.t.15,414.p.31838,Daniel Jones,QB,14.52
12,414.l.921976.t.15,414.p.31883,A.J. Brown,WR,10.6
12,414.l.921976.t.15,414.p.32798,Gabe Davis,WR,5.8
12,414.l.921976.t.15,414.p.32736,Antonio Gibson,RB,6.9
12,414.l.921976.t.15,414.p.33508,Rhamondre Stevenson,RB,15.7
12,414.l.921976.t.15,414.p.31928,Dawson Knox,TE,2.7
12,414.l.921976.t.15,414.p.33413,Travis Etienne Jr.,RB,0.3
12,414.l.921976.t.15,414.p.5228,Tom Brady,QB,18.04
12,414.l.921976.t.15,414.p.31010,Courtland Sutton,WR,10.5
12,414.l.921976.t.15,414.p.33998,Wan'Dale Robinson,WR,0.0
12,414.l.921976.t.15,414.p.33606,Sam Ehlinger,QB,0.0
12,414.l.921976.t.15,414.p.33138,James Robinson,RB,0.0
12,414.l.921976.t.15,414.p.30142,David Njoku,TE,11.4
12,414.l.921976.t.15,414.p.33537,Evan McPherson,K,9.0
12,414.l.921976.t.15,414.p.100027,Buccaneers,DEF,6.0
12,414.l.921976.t.15,414.p.100004,Bengals,DEF,2.0
12,414.l.921976.t.10,414.p.27590,Jimmy Garoppolo,QB,13.28
12,414.l.921976.t.10,414.p.32692,Justin Jefferson,WR,24.84
12,414.l.921976.t.10,414.p.33965,Garrett Wilson,WR,23.9
12,414.l.921976.t.10,414.p.33495,Michael Carter,RB,4.6
12,414.l.921976.t.10,414.p.26804,Latavius Murray,RB,10.3
12,414.l.921976.t.10,414.p.30259,George Kittle,TE,4.1
12,414.l.921976.t.10,414.p.34047,Rachaad White,RB,15.4
12,414.l.921976.t.10,414.p.29325,Jacoby Brissett,QB,14.1
12,414.l.921976.t.10,414.p.33393,Ja'Marr Chase,WR,0.0
12,414.l.921976.t.10,414.p.33477,Nico Collins,WR,7.4
12,414.l.921976.t.10,414.p.32702,Clyde Edwards-Helaire,RB,0.0
12,414.l.921976.t.10,414.p.30777,Robert Tonyan,TE,3.5
12,414.l.921976.t.10,414.p.34042,Malik Willis,QB,0.0
12,414.l.921976.t.10,414.p.33973,Treylon Burks,WR,15.0
12,414.l.921976.t.10,414.p.29754,Wil Lutz,K,0.0
12,414.l.921976.t.10,414.p.100016,Vikings,DEF,9.0
13,414.l.921976.t.5,414.p.30123,Patrick Mahomes,QB,19.82
13,414.l.921976.t.5,414.p.32704,Michael Pittman Jr.,WR,2.6
13,414.l.921976.t.5,414.p.24851,Randall Cobb,WR,0.0
13,414.l.921976.t.5,414.p.30180,Alvin Kamara,RB,4.7
13,414.l.921976.t.5,414.p.31960,Tony Pollard,RB,23.6
13,414.l.921976.t.5,414.p.30136,Evan Engram,TE,11.5
13,414.l.921976.t.5,414.p.34054,Brian Robinson Jr.,RB,12.1
13,414.l.921976.t.5,414.p.32676,Justin Herbert,QB,18.1
13,414.l.921976.t.5,414.p.30120,Mike Williams,WR,0.0
13,414.l.921976.t.5,414.p.30153,Curtis Samuel,WR,11.6
13,414.l.921976.t.5,414.p.33408,Kadarius Toney,WR,0.0
13,414.l.921976.t.5,414.p.32732,A.J. Dillon,RB,19.4
13,414.l.921976.t.5,414.p.31934,Alexander Mattison,RB,8.8
13,414.l.921976.t.5,414.p.30266,Jake Elliott,K,5.0
13,414.l.921976.t.5,414.p.100028,Commanders,DEF,7.0
13,414.l.921976.t.5,414.p.100007,Broncos,DEF,12.0
13,414.l.921976.t.13,414.p.32671,Joe Burrow,QB,30.04
13,414.l.921976.t.13,414.p.33394,Jaylen Waddle,WR,1.4
13,414.l.921976.t.13,414.p.33398,DeVonta Smith,WR,18.7
13,414.l.921976.t.13,414.p.34063,Dameon Pierce,RB,11.0
13,414.l.921976.t.13,414.p.26652,Cordarrelle Patterson,RB,6.0
13,414.l.921976.t.13,414.p.31012,Mike Gesicki,TE,0.0
13,414.l.921976.t.13,414.p.34007,George Pickens,WR,0.7
13,414.l.921976.t.13,414.p.32675,Tua Tagovailoa,QB,15.8
13,414.l.921976.t.13,414.p.30125,Deshaun Watson,QB,6.34
13,414.l.921976.t.13,414.p.26650,DeAndre Hopkins,WR,0.0
13,414.l.921976.t.13,414.p.30117,Leonard Fournette,RB,11.1
13,414.l.921976.t.13,414.p.34095,Isaiah Likely,TE,5.0
13,414.l.921976.t.13,414.p.31981,Hunter Renfrow,WR,0.0
13,414.l.921976.t.13,414.p.31127,Tyler Conklin,TE,1.9
13,414.l.921976.t.13,414.p.8432,Nick Folk,K,4.0
13,414.l.921976.t.13,414.p.100014,Rams,DEF,8.0
13,414.l.921976.t.6,414.p.33399,Justin Fields,QB,21.26
13,414.l.921976.t.6,414.p.27535,Mike Evans,WR,7.9
13,414.l.921976.t.6,414.p.32857,Donovan Peoples-Jones,WR,11.9
13,414.l.921976.t.6,414.p.32705,D'Andre Swift,RB,19.1
13,414.l.921976.t.6,414.p.31885,Miles Sanders,RB,10.8
13,414.l.921976.t.6,414.p.30995,Hayden Hurst,TE,2.2
13,414.l.921976.t.6,414.p.31856,Josh Jacobs,RB,20.0
13,414.l.921976.t.6,414.p.31301,Kyle Allen,QB,8.14
13,414.l.921976.t.6,414.p.32685,Jerry Jeudy,WR,8.5
13,414.l.921976.t.6,414.p.31891,Parris Campbell,WR,6.5
13,414.l.921976.t.6,414.p.31833,Kyler Murray,QB,0.0
13,414.l.921976.t.6,414.p.32713,Cole Kmet,TE,10.2
13,414.l.921976.t.6,414.p.28442,Ameer Abdullah,RB,0.4
13,414.l.921976.t.6,414.p.33967,Jameson Williams,WR,0.0
13,414.l.921976.t.6,414.p.26534,Justin Tucker,K,4.0
13,414.l.921976.t.6,414.p.100021,Eagles,DEF,10.0
13,414.l.921976.t.16,414.p.32723,Jalen Hurts,QB,34.4
13,414.l.921976.t.16,414.p.27581,Davante Adams,WR,33.7
13,414.l.921976.t.16,414.p.31898,Diontae Johnson,WR,8.5
13,414.l.921976.t.16,414.p.30199,Kareem Hunt,RB,8.4
13,414.l.921976.t.16,414.p.27624,Jerick McKinnon,RB,13.0
13,414.l.921976.t.16,414.p.26686,Travis Kelce,TE,5.6
13,414.l.921976.t.16,414.p.30227,Samaje Perine,RB,18.5
13,414.l.921976.t.16,414.p.25718,Ryan Tannehill,QB,13.04
13,414.l.921976.t.16,414.p.28947,DeAndre Carter,WR,1.9
13,414.l.921976.t.16,414.p.30285,Isaiah McKenzie,WR,6.9
13,414.l.921976.t.16,414.p.31857,Hollywood Brown,WR,0.0
13,414.l.921976.t.16,414.p.31144,Marquez Valdes-Scantling,WR,8.1
13,414.l.921976.t.16,414.p.32010,Gardner Minshew,QB,0.44
13,414.l.921976.t.16,414.p.31954,Benny Snell Jr.,RB,4.0
13,414.l.921976.t.16,414.p.27369,Brett Maher,K,6.0
13,414.l.921976.t.16,414.p.100020,Jets,DEF,2.0
13,414.l.921976.t.8,414.p.27564,Derek Carr,QB,17.0
13,414.l.921976.t.8,414.p.29288,Tyler Boyd,WR,8.0
13,414.l.921976.t.8,414.p.31017,Christian Kirk,WR,13.4
13,414.l.921976.t.8,414.p.31906,Devin Singletary,RB,11.1
13,414.l.921976.t.8,414.p.29238,Ezekiel Elliott,RB,16.6
13,414.l.921976.t.8,414.p.31056,Mark Andrews,TE,7.4
13,414.l.921976.t.8,414.p.33500,Amon-Ra St. Brown,WR,29.1
13,414.l.921976.t.8,414.p.30157,Gerald Everett,TE,10.5
13,414.l.921976.t.8,414.p.30973,Sam Darnold,QB,0.0
13,414.l.921976.t.8,414.p.33437,Rondale Moore,WR,0.0
13,414.l.921976.t.8,414.p.26753,Kyle Juszczyk,RB,8.7
13,414.l.921976.t.8,414.p.34617,Raheem Blackshear,RB,0.0
13,414.l.921976.t.8,414.p.32722,Cam Akers,RB,18.5
13,414.l.921976.t.8,414.p.31874,Drew Lock,QB,0.0
13,414.l.921976.t.8,414.p.9526,Graham Gano,K,9.0
13,414.l.921976.t.8,414.p.100005,Browns,DEF,30.0
13,414.l.921976.t.7,414.p.31002,Lamar Jackson,QB,1.34
13,414.l.921976.t.7,414.p.32703,Tee Higgins,WR,11.0
13,414.l.921976.t.7,414.p.30231,Mack Hollins,WR,6.0
13,414.l.921976.t.7,414.p.31905,David Montgomery,RB,14.7
13,414.l.921976.t.7,414.p.30972,Saquon Barkley,RB,16.6
13,414.l.921976.t.7,414.p.33443,Pat Freiermuth,TE,9.1
13,414.l.921976.t.7,414.p.33465,Joshua Palmer,WR,9.5
13,414.l.921976.t.7,414.p.7200,Aaron Rodgers,QB,13.68
13,414.l.921976.t.7,414.p.27548,Brandin Cooks,WR,0.0
13,414.l.921976.t.7,414.p.29344,Tyler Higbee,TE,2.4
13,414.l.921976.t.7,414.p.33455,Davis Mills,QB,0.0
13,414.l.921976.t.7,414.p.33605,Khalil Herbert,RB,0.0
13,414.l.921976.t.7,414.p.34107,Tyler Allgeier,RB,5.2
13,414.l.921976.t.7,414.p.33514,Chuba Hubbard,RB,0.0
13,414.l.921976.t.7,414.p.30426,Younghoe Koo,K,14.0
13,414.l.921976.t.7,414.p.100025,49ers,DEF,18.0
13,414.l.921976.t.1,414.p.33403,Mac Jones,QB,12.5
13,414.l.921976.t.1,414.p.33966,Chris Olave,WR,8.5
13,414.l.921976.t.1,414.p.30197,Chris Godwin Jr.,WR,10.3
13,414.l.921976.t.1,414.p.29279,Derrick Henry,RB,4.8
13,414.l.921976.t.1,414.p.31005,Nick Chubb,RB,8.0
13,414.l.921976.t.1,414.p.31969,Foster Moreau,TE,3.7
13,414.l.921976.t.1,414.p.30247,Jamaal Williams,RB,9.5
13,414.l.921976.t.1,414.p.33258,Bryce Perkins,QB,0.5
13,414.l.921976.t.1,414.p.31268,Allen Lazard,WR,9.2
13,414.l.921976.t.1,414.p.32719,Chase Claypool,WR,3.3
13,414.l.921976.t.1,414.p.29236,Carson Wentz,QB,0.0
13,414.l.921976.t.1,414.p.27540,Odell Beckham Jr.,WR,0.0
13,414.l.921976.t.1,414.p.32993,Tyler Huntley,QB,16.58
13,414.l.921976.t.1,414.p.31210,Richie James,WR,3.5
13,414.l.921976.t.1,414.p.27120,Brandon McManus,K,14.0
13,414.l.921976.t.1,414.p.100002,Bills,DEF,5.0
13,414.l.921976.t.9,414.p.33729,Feleipe Franks,"QB,TE",0.0
13,414.l.921976.t.9,414.p.29399,Tyreek Hill,WR,25.1
13,414.l.921976.t.9,414.p.28457,Tyler Lockett,WR,23.3
13,414.l.921976.t.9,414.p.30295,Aaron Jones Sr.,RB,7.5
13,414.l.921976.t.9,414.p.31424,Gus Edwards,RB,1.2
13,414.l.921976.t.9,414.p.34036,Greg Dulcich,TE,11.5
13,414.l.921976.t.9,414.p.34357,Bam Knight,RB,14.3
13,414.l.921976.t.9,414.p.34120,Kyren Williams,RB,0.9
13,414.l.921976.t.9,414.p.32727,Van Jefferson,WR,4.9
13,414.l.921976.t.9,414.p.32003,Darius Slayton,WR,12.0
13,414.l.921976.t.9,414.p.30202,D'Onta Foreman,RB,0.0
13,414.l.921976.t.9,414.p.33390,Zach Wilson,QB,0.0
13,414.l.921976.t.9,414.p.32018,Ty Johnson,RB,7.1
13,414.l.921976.t.9,414.p.34344,Cameron Dicker,K,8.0
13,414.l.921976.t.9,414.p.100026,Seahawks,DEF,8.0
13,414.l.921976.t.9,414.p.100012,Chiefs,DEF,1.0
13,414.l.921976.t.2,414.p.29369,Dak Prescott,QB,17.8
13,414.l.921976.t.2,414.p.28534,Stefon Diggs,WR,18.7
13,414.l.921976.t.2,414.p.28402,DeVante Parker,WR,2.6
13,414.l.921976.t.2,414.p.34207,Isiah Pacheco,RB,15.2
13,414.l.921976.t.2,414.p.31394,Jeff Wilson Jr.,RB,0.3
13,414.l.921976.t.2,414.p.27648,Logan Thomas,TE,3.5
13,414.l.921976.t.2,414.p.34019,James Cook III,RB,13.5
13,414.l.921976.t.2,414.p.26662,Geno Smith,QB,23.98
13,414.l.921976.t.2,414.p.33113,Juwan Johnson,TE,0.0
13,414.l.921976.t.2,414.p.33963,Drake London,WR,12.5
13,414.l.921976.t.2,414.p.25812,Kirk Cousins,QB,11.82
13,414.l.921976.t.2,414.p.28403,Melvin Gordon III,RB,0.0
13,414.l.921976.t.2,414.p.30182,Cooper Kupp,WR,0.0
13,414.l.921976.t.2,414.p.31538,Greg Joseph,K,12.0
13,414.l.921976.t.2,414.p.100033,Ravens,DEF,6.0
13,414.l.921976.t.11,414.p.33389,Trevor Lawrence,QB,16.36
13,414.l.921976.t.11,414.p.31908,Terry McLaurin,WR,20.5
13,414.l.921976.t.11,414.p.32231,Jakobi Meyers,WR,3.7
13,414.l.921976.t.11,414.p.32711,Jonathan Taylor,RB,11.8
13,414.l.921976.t.11,414.p.34320,Jordan Mason,RB,5.1
13,414.l.921976.t.11,414.p.31107,Dalton Schultz,TE,4.3
13,414.l.921976.t.11,414.p.30150,Zay Jones,WR,2.6
13,414.l.921976.t.11,414.p.25785,Russell Wilson,QB,9.66
13,414.l.921976.t.11,414.p.8780,Matt Ryan,QB,12.12
13,414.l.921976.t.11,414.p.29307,Kenyan Drake,RB,5.6
13,414.l.921976.t.11,414.p.33637,Ben Skowronek,WR,4.0
13,414.l.921976.t.11,414.p.33447,Terrace Marshall Jr.,WR,0.0
13,414.l.921976.t.11,414.p.33971,Jahan Dotson,WR,13.9
13,414.l.921976.t.11,414.p.32036,Travis Homer,RB,0.0
13,414.l.921976.t.11,414.p.31137,Daniel Carlson,K,11.0
13,414.l.921976.t.11,414.p.100015,Dolphins,DEF,6.0
13,414.l.921976.t.3,414.p.28839,Taylor Heinicke,QB,17.6
13,414.l.921976.t.3,414.p.32695,Brandon Aiyuk,WR,7.1
13,414.l.921976.t.3,414.p.31896,DK Metcalf,WR,22.7
13,414.l.921976.t.3,414.p.33412,Najee Harris,RB,9.7
13,414.l.921976.t.3,414.p.31221,Justin Jackson,RB,3.8
13,414.l.921976.t.3,414.p.31852,Noah Fant,TE,12.2
13,414.l.921976.t.3,414.p.33989,Christian Watson,WR,22.9
13,414.l.921976.t.3,414.p.31141,Mike White,QB,19.46
13,414.l.921976.t.3,414.p.31902,Darrell Henderson Jr.,RB,0.0
13,414.l.921976.t.3,414.p.30218,James Conner,RB,0.0
13,414.l.921976.t.3,414.p.9265,Matthew Stafford,QB,0.0
13,414.l.921976.t.3,414.p.30994,DJ Moore,WR,0.0
13,414.l.921976.t.3,414.p.32762,Devin Duvernay,WR,7.3
13,414.l.921976.t.3,414.p.28389,Jameis Winston,QB,0.0
13,414.l.921976.t.3,414.p.32858,Tyler Bass,K,7.0
13,414.l.921976.t.3,414.p.100009,Packers,DEF,9.0
13,414.l.921976.t.14,414.p.30614,Taysom Hill,"QB,TE",12.34
13,414.l.921976.t.14,414.p.27277,Adam Thielen,WR,3.7
13,414.l.921976.t.14,414.p.28392,Amari Cooper,WR,6.0
13,414.l.921976.t.14,414.p.30154,Dalvin Cook,RB,15.3
13,414.l.921976.t.14,414.p.30121,Christian McCaffrey,RB,24.6
13,414.l.921976.t.14,414.p.31840,T.J. Hockenson,TE,5.3
13,414.l.921976.t.14,414.p.29269,Hunter Henry,TE,2.3
13,414.l.921976.t.14,414.p.26699,Keenan Allen,WR,17.8
13,414.l.921976.t.14,414.p.33538,Kenneth Gainwell,RB,6.8
13,414.l.921976.t.14,414.p.31919,Damien Harris,RB,0.0
13,414.l.921976.t.14,414.p.31074,Nyheim Miller-Hines,RB,2.3
13,414.l.921976.t.14,414.p.26664,Robert Woods,WR,1.1
13,414.l.921976.t.14,414.p.30115,Mitchell Trubisky,QB,0.0
13,414.l.921976.t.14,414.p.32696,Jordan Love,QB,0.0
13,414.l.921976.t.14,414.p.7520,Robbie Gould,K,18.0
13,414.l.921976.t.14,414.p.100001,Falcons,DEF,1.0
13,414.l.921976.t.12,414.p.30977,Josh Allen,QB,16.92
13,414.l.921976.t.12,414.p.27591,Jarvis Landry,WR,2.4
13,414.l.921976.t.12,414.p.31051,Michael Gallup,WR,16.3
13,414.l.921976.t.12,414.p.30423,Austin Ekeler,RB,10.7
13,414.l.921976.t.12,414.p.28654,Raheem Mostert,RB,3.0
13,414.l.921976.t.12,414.p.31090,Will Dissly,TE,3.2
13,414.l.921976.t.12,414.p.31868,Deebo Samuel,WR,9.3
13,414.l.921976.t.12,414.p.24822,Andy Dalton,QB,13.26
13,414.l.921976.t.12,414.p.31068,Jordan Akins,TE,3.6
13,414.l.921976.t.12,414.p.33109,Marquez Callaway,WR,0.0
13,414.l.921976.t.12,414.p.31019,Dallas Goedert,TE,0.0
13,414.l.921976.t.12,414.p.33423,Javonte Williams,RB,0.0
13,414.l.921976.t.12,414.p.30118,Corey Davis,WR,11.0
13,414.l.921976.t.12,414.p.32892,Eno Benjamin,RB,0.0
13,414.l.921976.t.12,414.p.30346,Harrison Butker,K,6.0
13,414.l.921976.t.12,414.p.100010,Titans,DEF,-2.0
13,414.l.921976.t.4,414.p.28390,Marcus Mariota,QB,11.38
13,414.l.921976.t.4,414.p.32687,CeeDee Lamb,WR,17.9
13,414.l.921976.t.4,414.p.24793,Julio Jones,WR,4.3
13,414.l.921976.t.4,414.p.33996,Kenneth Walker III,RB,3.6
13,414.l.921976.t.4,414.p.33798,Deon Jackson,RB,0.6
13,414.l.921976.t.4,414.p.34068,Daniel Bellinger,TE,4.9
13,414.l.921976.t.4,414.p.30175,JuJu Smith-Schuster,WR,5.0
13,414.l.921976.t.4,414.p.29235,Jared Goff,QB,21.6
13,414.l.921976.t.4,414.p.30161,Joe Mixon,RB,0.0
13,414.l.921976.t.4,414.p.29360,Demarcus Robinson,WR,7.6
13,414.l.921976.t.4,414.p.34447,Jaylen Warren,RB,2.9
13,414.l.921976.t.4,414.p.28592,Darren Waller,TE,0.0
13,414.l.921976.t.4,414.p.33975,Kenny Pickett,QB,13.28
13,414.l.921976.t.4,414.p.32725,J.K. Dobbins,RB,0.0
13,414.l.921976.t.4,414.p.9520,Ryan Succop,K,5.0
13,414.l.921976.t.4,414.p.100006,Cowboys,DEF,20.0
13,414.l.921976.t.15,414.p.31838,Daniel Jones,QB,17.1
13,414.l.921976.t.15,414.p.31883,A.J. Brown,WR,27.9
13,414.l.921976.t.15,414.p.32798,Gabe Davis,WR,8.5
13,414.l.921976.t.15,414.p.32736,Antonio Gibson,RB,6.9
13,414.l.921976.t.15,414.p.33508,Rhamondre Stevenson,RB,10.8
13,414.l.921976.t.15,414.p.32785,Harrison Bryant,TE,1.9
13,414.l.921976.t.15,414.p.33413,Travis Etienne Jr.,RB,6.1
13,414.l.921976.t.15,414.p.5228,Tom Brady,QB,18.14
13,414.l.921976.t.15,414.p.30142,David Njoku,TE,0.0
13,414.l.921976.t.15,414.p.31928,Dawson Knox,TE,0.0
13,414.l.921976.t.15,414.p.31010,Courtland Sutton,WR,0.0
13,414.l.921976.t.15,414.p.33998,Wan'Dale Robinson,WR,0.0
13,414.l.921976.t.15,414.p.33606,Sam Ehlinger,QB,0.0
13,414.l.921976.t.15,414.p.33138,James Robinson,RB,1.0
13,414.l.921976.t.15,414.p.33537,Evan McPherson,K,10.0
13,414.l.921976.t.15,414.p.100027,Buccaneers,DEF,3.0
13,414.l.921976.t.10,414.p.27590,Jimmy Garoppolo,QB,2.24
13,414.l.921976.t.10,414.p.32692,Justin Jefferson,WR,15.1
13,414.l.921976.t.10,414.p.33393,Ja'Marr Chase,WR,13.2
13,414.l.921976.t.10,414.p.26804,Latavius Murray,RB,8.1
13,414.l.921976.t.10,414.p.34047,Rachaad White,RB,13.9
13,414.l.921976.t.10,414.p.30259,George Kittle,TE,3.2
13,414.l.921976.t.10,414.p.33973,Treylon Burks,WR,9.0
13,414.l.921976.t.10,414.p.33965,Garrett Wilson,WR,20.2
13,414.l.921976.t.10,414.p.33495,Michael Carter,RB,0.0
13,414.l.921976.t.10,414.p.29325,Jacoby Brissett,QB,0.0
13,414.l.921976.t.10,414.p.33477,Nico Collins,WR,11.0
13,414.l.921976.t.10,414.p.30777,Robert Tonyan,TE,1.5
13,414.l.921976.t.10,414.p.34042,Malik Willis,QB,1.44
13,414.l.921976.t.10,414.p.30971,Baker Mayfield,QB,0.0
13,414.l.921976.t.10,414.p.29754,Wil Lutz,K,10.0
13,414.l.921976.t.10,414.p.100016,Vikings,DEF,5.0
14,414.l.921976.t.5,414.p.30123,Patrick Mahomes,QB,22.78
14,414.l.921976.t.5,414.p.30120,Mike Williams,WR,20.6
14,414.l.921976.t.5,414.p.33408,Kadarius Toney,WR,0.0
14,414.l.921976.t.5,414.p.31960,Tony Pollard,RB,20.2
14,414.l.921976.t.5,414.p.31934,Alexander Mattison,RB,-0.1
14,414.l.921976.t.5,414.p.30136,Evan Engram,TE,33.7
14,414.l.921976.t.5,414.p.34054,Brian Robinson Jr.,RB,0.0
14,414.l.921976.t.5,414.p.32676,Justin Herbert,QB,19.48
14,414.l.921976.t.5,414.p.32732,A.J. Dillon,RB,0.0
14,414.l.921976.t.5,414.p.24851,Randall Cobb,WR,0.0
14,414.l.921976.t.5,414.p.30180,Alvin Kamara,RB,0.0
14,414.l.921976.t.5,414.p.32704,Michael Pittman Jr.,WR,0.0
14,414.l.921976.t.5,414.p.30153,Curtis Samuel,WR,0.0
14,414.l.921976.t.5,414.p.30266,Jake Elliott,K,12.0
14,414.l.921976.t.5,414.p.100023,Steelers,DEF,3.0
14,414.l.921976.t.5,414.p.100007,Broncos,DEF,7.0
14,414.l.921976.t.13,414.p.32671,Joe Burrow,QB,17.56
14,414.l.921976.t.13,414.p.33394,Jaylen Waddle,WR,4.1
14,414.l.921976.t.13,414.p.33398,DeVonta Smith,WR,14.9
14,414.l.921976.t.13,414.p.30117,Leonard Fournette,RB,7.6
14,414.l.921976.t.13,414.p.34063,Dameon Pierce,RB,11.8
14,414.l.921976.t.13,414.p.31127,Tyler Conklin,TE,5.3
14,414.l.921976.t.13,414.p.26650,DeAndre Hopkins,WR,9.4
14,414.l.921976.t.13,414.p.32675,Tua Tagovailoa,QB,12.6
14,414.l.921976.t.13,414.p.26652,Cordarrelle Patterson,RB,0.0
14,414.l.921976.t.13,414.p.31012,Mike Gesicki,TE,0.0
14,414.l.921976.t.13,414.p.34007,George Pickens,WR,9.3
14,414.l.921976.t.13,414.p.30125,Deshaun Watson,QB,17.34
14,414.l.921976.t.13,414.p.34095,Isaiah Likely,TE,0.0
14,414.l.921976.t.13,414.p.31981,Hunter Renfrow,WR,0.0
14,414.l.921976.t.13,414.p.8432,Nick Folk,K,11.0
14,414.l.921976.t.13,414.p.100014,Rams,DEF,5.0
14,414.l.921976.t.6,414.p.31833,Kyler Murray,QB,0.66
14,414.l.921976.t.6,414.p.27535,Mike Evans,WR,6.4
14,414.l.921976.t.6,414.p.32685,Jerry Jeudy,WR,29.3
14,414.l.921976.t.6,414.p.32705,D'Andre Swift,RB,5.4
14,414.l.921976.t.6,414.p.31885,Miles Sanders,RB,28.0
14,414.l.921976.t.6,414.p.33171,Mitchell Wilcox,TE,1.5
14,414.l.921976.t.6,414.p.31856,Josh Jacobs,RB,18.4
14,414.l.921976.t.6,414.p.32857,Donovan Peoples-Jones,WR,15.4
14,414.l.921976.t.6,414.p.30995,Hayden Hurst,TE,0.0
14,414.l.921976.t.6,414.p.33399,Justin Fields,QB,0.0
14,414.l.921976.t.6,414.p.31891,Parris Campbell,WR,0.0
14,414.l.921976.t.6,414.p.32713,Cole Kmet,TE,0.0
14,414.l.921976.t.6,414.p.28442,Ameer Abdullah,RB,2.7
14,414.l.921976.t.6,414.p.33967,Jameson Williams,WR,10.6
14,414.l.921976.t.6,414.p.26534,Justin Tucker,K,11.0
14,414.l.921976.t.6,414.p.100021,Eagles,DEF,9.0
14,414.l.921976.t.16,414.p.32723,Jalen Hurts,QB,30.38
14,414.l.921976.t.16,414.p.27581,Davante Adams,WR,8.6
14,414.l.921976.t.16,414.p.31857,Hollywood Brown,WR,5.4
14,414.l.921976.t.16,414.p.30199,Kareem Hunt,RB,2.2
14,414.l.921976.t.16,414.p.30227,Samaje Perine,RB,8.9
14,414.l.921976.t.16,414.p.26686,Travis Kelce,TE,9.1
14,414.l.921976.t.16,414.p.27624,Jerick McKinnon,RB,28.9
14,414.l.921976.t.16,414.p.25718,Ryan Tannehill,QB,18.76
14,414.l.921976.t.16,414.p.31898,Diontae Johnson,WR,11.2
14,414.l.921976.t.16,414.p.28947,DeAndre Carter,WR,0.5
14,414.l.921976.t.16,414.p.31144,Marquez Valdes-Scantling,WR,2.5
14,414.l.921976.t.16,414.p.32010,Gardner Minshew,QB,-0.1
14,414.l.921976.t.16,414.p.31954,Benny Snell Jr.,RB,0.4
14,414.l.921976.t.16,414.p.33114,Tony Jones,RB,0.7
14,414.l.921976.t.16,414.p.27369,Brett Maher,K,11.0
14,414.l.921976.t.16,414.p.100017,Patriots,DEF,20.0
14,414.l.921976.t.8,414.p.27564,Derek Carr,QB,4.58
14,414.l.921976.t.8,414.p.29288,Tyler Boyd,WR,0.0
14,414.l.921976.t.8,414.p.31017,Christian Kirk,WR,7.0
14,414.l.921976.t.8,414.p.31906,Devin Singletary,RB,4.8
14,414.l.921976.t.8,414.p.29238,Ezekiel Elliott,RB,15.6
14,414.l.921976.t.8,414.p.31056,Mark Andrews,TE,2.7
14,414.l.921976.t.8,414.p.33500,Amon-Ra St. Brown,WR,10.4
14,414.l.921976.t.8,414.p.30973,Sam Darnold,QB,11.8
14,414.l.921976.t.8,414.p.30157,Gerald Everett,TE,5.3
14,414.l.921976.t.8,414.p.33437,Rondale Moore,WR,0.0
14,414.l.921976.t.8,414.p.34617,Raheem Blackshear,RB,11.4
14,414.l.921976.t.8,414.p.32722,Cam Akers,RB,8.8
14,414.l.921976.t.8,414.p.31874,Drew Lock,QB,0.0
14,414.l.921976.t.8,414.p.34218,Brock Purdy,QB,21.7
14,414.l.921976.t.8,414.p.9526,Graham Gano,K,2.0
14,414.l.921976.t.8,414.p.100005,Browns,DEF,4.0
14,414.l.921976.t.7,414.p.31803,John Wolford,QB,0.0
14,414.l.921976.t.7,414.p.32703,Tee Higgins,WR,0.0
14,414.l.921976.t.7,414.p.30231,Mack Hollins,WR,7.2
14,414.l.921976.t.7,414.p.30972,Saquon Barkley,RB,5.8
14,414.l.921976.t.7,414.p.33514,Chuba Hubbard,RB,17.4
14,414.l.921976.t.7,414.p.33443,Pat Freiermuth,TE,10.8
14,414.l.921976.t.7,414.p.33465,Joshua Palmer,WR,7.3
14,414.l.921976.t.7,414.p.33455,Davis Mills,QB,6.2
14,414.l.921976.t.7,414.p.29344,Tyler Higbee,TE,2.1
14,414.l.921976.t.7,414.p.31002,Lamar Jackson,QB,0.0
14,414.l.921976.t.7,414.p.7200,Aaron Rodgers,QB,0.0
14,414.l.921976.t.7,414.p.31905,David Montgomery,RB,0.0
14,414.l.921976.t.7,414.p.27548,Brandin Cooks,WR,0.0
14,414.l.921976.t.7,414.p.33605,Khalil Herbert,RB,0.0
14,414.l.921976.t.7,414.p.31366,Michael Badgley,K,12.0
14,414.l.921976.t.7,414.p.100025,49ers,DEF,10.0
14,414.l.921976.t.1,414.p.32993,Tyler Huntley,QB,6.62
14,414.l.921976.t.1,414.p.30197,Chris Godwin Jr.,WR,7.9
14,414.l.921976.t.1,414.p.31210,Richie James,WR,15.6
14,414.l.921976.t.1,414.p.29279,Derrick Henry,RB,19.0
14,414.l.921976.t.1,414.p.31005,Nick Chubb,RB,6.9
14,414.l.921976.t.1,414.p.31969,Foster Moreau,TE,0.0
14,414.l.921976.t.1,414.p.30247,Jamaal Williams,RB,3.7
14,414.l.921976.t.1,414.p.33403,Mac Jones,QB,8.3
14,414.l.921976.t.1,414.p.33966,Chris Olave,WR,0.0
14,414.l.921976.t.1,414.p.33258,Bryce Perkins,QB,0.0
14,414.l.921976.t.1,414.p.31268,Allen Lazard,WR,0.0
14,414.l.921976.t.1,414.p.32719,Chase Claypool,WR,0.0
14,414.l.921976.t.1,414.p.29236,Carson Wentz,QB,0.0
14,414.l.921976.t.1,414.p.27540,Odell Beckham Jr.,WR,0.0
14,414.l.921976.t.1,414.p.27120,Brandon McManus,K,4.0
14,414.l.921976.t.1,414.p.100002,Bills,DEF,12.0
14,414.l.921976.t.9,414.p.8795,Joe Flacco,QB,-1.96
14,414.l.921976.t.9,414.p.29399,Tyreek Hill,WR,22.1
14,414.l.921976.t.9,414.p.28457,Tyler Lockett,WR,14.5
14,414.l.921976.t.9,414.p.30202,D'Onta Foreman,RB,8.0
14,414.l.921976.t.9,414.p.34357,Bam Knight,RB,14.7
14,414.l.921976.t.9,414.p.34036,Greg Dulcich,TE,5.7
14,414.l.921976.t.9,414.p.31031,DJ Chark,WR,18.4
14,414.l.921976.t.9,414.p.32003,Darius Slayton,WR,5.2
14,414.l.921976.t.9,414.p.31424,Gus Edwards,RB,6.6
14,414.l.921976.t.9,414.p.34120,Kyren Williams,RB,3.4
14,414.l.921976.t.9,414.p.30295,Aaron Jones Sr.,RB,0.0
14,414.l.921976.t.9,414.p.33390,Zach Wilson,QB,0.0
14,414.l.921976.t.9,414.p.34030,Desmond Ridder,QB,0.0
14,414.l.921976.t.9,414.p.34344,Cameron Dicker,K,11.0
14,414.l.921976.t.9,414.p.100026,Seahawks,DEF,1.0
14,414.l.921976.t.9,414.p.100012,Chiefs,DEF,15.0
14,414.l.921976.t.2,414.p.29369,Dak Prescott,QB,15.66
14,414.l.921976.t.2,414.p.28534,Stefon Diggs,WR,5.2
14,414.l.921976.t.2,414.p.28402,DeVante Parker,WR,3.4
14,414.l.921976.t.2,414.p.34207,Isiah Pacheco,RB,10.8
14,414.l.921976.t.2,414.p.31394,Jeff Wilson Jr.,RB,2.6
14,414.l.921976.t.2,414.p.34062,Cade Otton,TE,4.8
14,414.l.921976.t.2,414.p.34019,James Cook III,RB,2.0
14,414.l.921976.t.2,414.p.26662,Geno Smith,QB,22.56
14,414.l.921976.t.2,414.p.33113,Juwan Johnson,TE,0.0
14,414.l.921976.t.2,414.p.33963,Drake London,WR,0.0
14,414.l.921976.t.2,414.p.25812,Kirk Cousins,QB,25.0
14,414.l.921976.t.2,414.p.28403,Melvin Gordon III,RB,0.0
14,414.l.921976.t.2,414.p.30182,Cooper Kupp,WR,0.0
14,414.l.921976.t.2,414.p.31538,Greg Joseph,K,6.0
14,414.l.921976.t.2,414.p.100033,Ravens,DEF,11.0
14,414.l.921976.t.11,414.p.33389,Trevor Lawrence,QB,33.42
14,414.l.921976.t.11,414.p.33447,Terrace Marshall Jr.,WR,2.3
14,414.l.921976.t.11,414.p.28408,Nelson Agholor,WR,5.7
14,414.l.921976.t.11,414.p.34320,Jordan Mason,RB,5.6
14,414.l.921976.t.11,414.p.32036,Travis Homer,RB,4.4
14,414.l.921976.t.11,414.p.31107,Dalton Schultz,TE,11.7
14,414.l.921976.t.11,414.p.30150,Zay Jones,WR,17.7
14,414.l.921976.t.11,414.p.25785,Russell Wilson,QB,26.58
14,414.l.921976.t.11,414.p.32711,Jonathan Taylor,RB,0.0
14,414.l.921976.t.11,414.p.31908,Terry McLaurin,WR,0.0
14,414.l.921976.t.11,414.p.8780,Matt Ryan,QB,0.0
14,414.l.921976.t.11,414.p.29307,Kenyan Drake,RB,1.2
14,414.l.921976.t.11,414.p.33637,Ben Skowronek,WR,12.4
14,414.l.921976.t.11,414.p.33971,Jahan Dotson,WR,0.0
14,414.l.921976.t.11,414.p.31137,Daniel Carlson,K,12.0
14,414.l.921976.t.11,414.p.100015,Dolphins,DEF,4.0
14,414.l.921976.t.3,414.p.31141,Mike White,QB,10.72
14,414.l.921976.t.3,414.p.32695,Brandon Aiyuk,WR,12.7
14,414.l.921976.t.3,414.p.31896,DK Metcalf,WR,15.6
14,414.l.921976.t.3,414.p.33412,Najee Harris,RB,12.0
14,414.l.921976.t.3,414.p.30218,James Conner,RB,20.4
14,414.l.921976.t.3,414.p.31852,Noah Fant,TE,0.0
14,414.l.921976.t.3,414.p.30994,DJ Moore,WR,0.6
14,414.l.921976.t.3,414.p.32762,Devin Duvernay,WR,0.0
14,414.l.921976.t.3,414.p.28839,Taylor Heinicke,QB,0.0
14,414.l.921976.t.3,414.p.33989,Christian Watson,WR,0.0
14,414.l.921976.t.3,414.p.28389,Jameis Winston,QB,0.0
14,414.l.921976.t.3,414.p.34008,Alec Pierce,WR,0.0
14,414.l.921976.t.3,414.p.30552,Matt Breida,RB,2.5
14,414.l.921976.t.3,414.p.32858,Tyler Bass,K,9.0
14,414.l.921976.t.3,414.p.100013,Raiders,DEF,7.0
14,414.l.921976.t.3,414.p.100009,Packers,DEF,0.0
14,414.l.921976.t.14,414.p.30614,Taysom Hill,"QB,TE",0.0
14,414.l.921976.t.14,414.p.27277,Adam Thielen,WR,16.0
14,414.l.921976.t.14,414.p.28392,Amari Cooper,WR,5.2
14,414.l.921976.t.14,414.p.30154,Dalvin Cook,RB,8.1
14,414.l.921976.t.14,414.p.30121,Christian McCaffrey,RB,28.3
14,414.l.921976.t.14,414.p.31840,T.J. Hockenson,TE,8.7
14,414.l.921976.t.14,414.p.29269,Hunter Henry,TE,8.5
14,414.l.921976.t.14,414.p.26699,Keenan Allen,WR,15.2
14,414.l.921976.t.14,414.p.33538,Kenneth Gainwell,RB,0.5
14,414.l.921976.t.14,414.p.31919,Damien Harris,RB,0.0
14,414.l.921976.t.14,414.p.31074,Nyheim Miller-Hines,RB,1.2
14,414.l.921976.t.14,414.p.26664,Robert Woods,WR,7.4
14,414.l.921976.t.14,414.p.30115,Mitchell Trubisky,QB,12.04
14,414.l.921976.t.14,414.p.32696,Jordan Love,QB,0.0
14,414.l.921976.t.14,414.p.7520,Robbie Gould,K,5.0
14,414.l.921976.t.14,414.p.100022,Cardinals,DEF,3.0
14,414.l.921976.t.12,414.p.30977,Josh Allen,QB,20.58
14,414.l.921976.t.12,414.p.31051,Michael Gallup,WR,5.0
14,414.l.921976.t.12,414.p.30118,Corey Davis,WR,2.0
14,414.l.921976.t.12,414.p.30423,Austin Ekeler,RB,20.4
14,414.l.921976.t.12,414.p.28654,Raheem Mostert,RB,4.9
14,414.l.921976.t.12,414.p.29315,Austin Hooper,TE,9.3
14,414.l.921976.t.12,414.p.31868,Deebo Samuel,WR,12.4
14,414.l.921976.t.12,414.p.30285,Isaiah McKenzie,WR,4.3
14,414.l.921976.t.12,414.p.33423,Javonte Williams,RB,0.0
14,414.l.921976.t.12,414.p.31068,Jordan Akins,TE,1.0
14,414.l.921976.t.12,414.p.24822,Andy Dalton,QB,0.0
14,414.l.921976.t.12,414.p.27591,Jarvis Landry,WR,0.0
14,414.l.921976.t.12,414.p.33109,Marquez Callaway,WR,0.0
14,414.l.921976.t.12,414.p.31019,Dallas Goedert,TE,0.0
14,414.l.921976.t.12,414.p.30346,Harrison Butker,K,11.0
14,414.l.921976.t.12,414.p.100010,Titans,DEF,-4.0
14,414.l.921976.t.4,414.p.33975,Kenny Pickett,QB,1.6
14,414.l.921976.t.4,414.p.32687,CeeDee Lamb,WR,5.8
14,414.l.921976.t.4,414.p.24793,Julio Jones,WR,6.3
14,414.l.921976.t.4,414.p.30161,Joe Mixon,RB,11.6
14,414.l.921976.t.4,414.p.34447,Jaylen Warren,RB,3.7
14,414.l.921976.t.4,414.p.34068,Daniel Bellinger,TE,3.4
14,414.l.921976.t.4,414.p.30175,JuJu Smith-Schuster,WR,17.9
14,414.l.921976.t.4,414.p.29235,Jared Goff,QB,26.1
14,414.l.921976.t.4,414.p.33996,Kenneth Walker III,RB,0.0
14,414.l.921976.t.4,414.p.28390,Marcus Mariota,QB,0.0
14,414.l.921976.t.4,414.p.29360,Demarcus Robinson,WR,7.7
14,414.l.921976.t.4,414.p.28592,Darren Waller,TE,0.0
14,414.l.921976.t.4,414.p.32725,J.K. Dobbins,RB,18.0
14,414.l.921976.t.4,414.p.34107,Tyler Allgeier,RB,0.0
14,414.l.921976.t.4,414.p.9520,Ryan Succop,K,1.0
14,414.l.921976.t.4,414.p.100006,Cowboys,DEF,4.0
14,414.l.921976.t.15,414.p.31838,Daniel Jones,QB,19.36
14,414.l.921976.t.15,414.p.31883,A.J. Brown,WR,15.0
14,414.l.921976.t.15,414.p.32798,Gabe Davis,WR,4.6
14,414.l.921976.t.15,414.p.33508,Rhamondre Stevenson,RB,2.0
14,414.l.921976.t.15,414.p.33413,Travis Etienne Jr.,RB,3.2
14,414.l.921976.t.15,414.p.30142,David Njoku,TE,15.2
14,414.l.921976.t.15,414.p.31928,Dawson Knox,TE,12.1
14,414.l.921976.t.15,414.p.5228,Tom Brady,QB,12.12
14,414.l.921976.t.15,414.p.31010,Courtland Sutton,WR,0.0
14,414.l.921976.t.15,414.p.32785,Harrison Bryant,TE,1.3
14,414.l.921976.t.15,414.p.32736,Antonio Gibson,RB,0.0
14,414.l.921976.t.15,414.p.33998,Wan'Dale Robinson,WR,0.0
14,414.l.921976.t.15,414.p.33606,Sam Ehlinger,QB,0.0
14,414.l.921976.t.15,414.p.33138,James Robinson,RB,0.0
14,414.l.921976.t.15,414.p.33537,Evan McPherson,K,5.0
14,414.l.921976.t.15,414.p.100027,Buccaneers,DEF,-2.0
14,414.l.921976.t.10,414.p.30971,Baker Mayfield,QB,14.2
14,414.l.921976.t.10,414.p.32692,Justin Jefferson,WR,27.8
14,414.l.921976.t.10,414.p.33393,Ja'Marr Chase,WR,23.5
14,414.l.921976.t.10,414.p.26804,Latavius Murray,RB,4.6
14,414.l.921976.t.10,414.p.34047,Rachaad White,RB,8.2
14,414.l.921976.t.10,414.p.30259,George Kittle,TE,4.8
14,414.l.921976.t.10,414.p.33495,Michael Carter,RB,1.5
14,414.l.921976.t.10,414.p.33965,Garrett Wilson,WR,10.8
14,414.l.921976.t.10,414.p.33973,Treylon Burks,WR,0.0
14,414.l.921976.t.10,414.p.29325,Jacoby Brissett,QB,0.0
14,414.l.921976.t.10,414.p.33477,Nico Collins,WR,0.0
14,414.l.921976.t.10,414.p.34042,Malik Willis,QB,0.0
14,414.l.921976.t.10,414.p.32814,DeeJay Dallas,RB,0.0
14,414.l.921976.t.10,414.p.31228,Mike Boone,RB,3.9
14,414.l.921976.t.10,414.p.28378,Jason Myers,K,6.0
14,414.l.921976.t.10,414.p.100016,Vikings,DEF,-1.0
15,414.l.921976.t.5,414.p.30123,Patrick Mahomes,QB,32.74
15,414.l.921976.t.5,414.p.30120,Mike Williams,WR,8.7
15,414.l.921976.t.5,414.p.32704,Michael Pittman Jr.,WR,14.0
15,414.l.921976.t.5,414.p.31960,Tony Pollard,RB,12.6
15,414.l.921976.t.5,414.p.30180,Alvin Kamara,RB,11.4
15,414.l.921976.t.5,414.p.30136,Evan Engram,TE,10.2
15,414.l.921976.t.5,414.p.34054,Brian Robinson Jr.,RB,11.2
15,414.l.921976.t.5,414.p.32676,Justin Herbert,QB,10.72
15,414.l.921976.t.5,414.p.33408,Kadarius Toney,WR,1.0
15,414.l.921976.t.5,414.p.31934,Alexander Mattison,RB,0.1
15,414.l.921976.t.5,414.p.32732,A.J. Dillon,RB,20.6
15,414.l.921976.t.5,414.p.24851,Randall Cobb,WR,4.7
15,414.l.921976.t.5,414.p.30153,Curtis Samuel,WR,6.0
15,414.l.921976.t.5,414.p.30426,Younghoe Koo,K,4.0
15,414.l.921976.t.5,414.p.100007,Broncos,DEF,10.0
15,414.l.921976.t.5,414.p.100024,Chargers,DEF,7.0
15,414.l.921976.t.13,414.p.32671,Joe Burrow,QB,25.8
15,414.l.921976.t.13,414.p.33398,DeVonta Smith,WR,15.1
15,414.l.921976.t.13,414.p.26650,DeAndre Hopkins,WR,9.5
15,414.l.921976.t.13,414.p.26652,Cordarrelle Patterson,RB,11.7
15,414.l.921976.t.13,414.p.30117,Leonard Fournette,RB,9.4
15,414.l.921976.t.13,414.p.31127,Tyler Conklin,TE,1.4
15,414.l.921976.t.13,414.p.33394,Jaylen Waddle,WR,18.9
15,414.l.921976.t.13,414.p.30125,Deshaun Watson,QB,12.64
15,414.l.921976.t.13,414.p.34063,Dameon Pierce,RB,0.0
15,414.l.921976.t.13,414.p.32675,Tua Tagovailoa,QB,18.06
15,414.l.921976.t.13,414.p.31012,Mike Gesicki,TE,1.0
15,414.l.921976.t.13,414.p.34007,George Pickens,WR,6.3
15,414.l.921976.t.13,414.p.34095,Isaiah Likely,TE,2.8
15,414.l.921976.t.13,414.p.31981,Hunter Renfrow,WR,1.9
15,414.l.921976.t.13,414.p.8432,Nick Folk,K,13.0
15,414.l.921976.t.13,414.p.100018,Saints,DEF,7.0
15,414.l.921976.t.6,414.p.33399,Justin Fields,QB,23.58
15,414.l.921976.t.6,414.p.27535,Mike Evans,WR,10.8
15,414.l.921976.t.6,414.p.32685,Jerry Jeudy,WR,11.1
15,414.l.921976.t.6,414.p.32705,D'Andre Swift,RB,10.0
15,414.l.921976.t.6,414.p.31885,Miles Sanders,RB,1.4
15,414.l.921976.t.6,414.p.32713,Cole Kmet,TE,4.5
15,414.l.921976.t.6,414.p.31856,Josh Jacobs,RB,12.0
15,414.l.921976.t.6,414.p.32857,Donovan Peoples-Jones,WR,11.1
15,414.l.921976.t.6,414.p.31833,Kyler Murray,QB,0.0
15,414.l.921976.t.6,414.p.30995,Hayden Hurst,TE,0.0
15,414.l.921976.t.6,414.p.31891,Parris Campbell,WR,2.3
15,414.l.921976.t.6,414.p.28442,Ameer Abdullah,RB,2.4
15,414.l.921976.t.6,414.p.33967,Jameson Williams,WR,0.0
15,414.l.921976.t.6,414.p.30284,Nathan Peterman,QB,0.0
15,414.l.921976.t.6,414.p.26534,Justin Tucker,K,5.0
15,414.l.921976.t.6,414.p.100021,Eagles,DEF,9.0
15,414.l.921976.t.16,414.p.32723,Jalen Hurts,QB,36.7
15,414.l.921976.t.16,414.p.27581,Davante Adams,WR,4.8
15,414.l.921976.t.16,414.p.31857,Hollywood Brown,WR,3.9
15,414.l.921976.t.16,414.p.30227,Samaje Perine,RB,2.9
15,414.l.921976.t.16,414.p.27624,Jerick McKinnon,RB,30.2
15,414.l.921976.t.16,414.p.26686,Travis Kelce,TE,15.5
15,414.l.921976.t.16,414.p.31898,Diontae Johnson,WR,15.0
15,414.l.921976.t.16,414.p.25718,Ryan Tannehill,QB,11.7
15,414.l.921976.t.16,414.p.30199,Kareem Hunt,RB,3.2
15,414.l.921976.t.16,414.p.28947,DeAndre Carter,WR,1.0
15,414.l.921976.t.16,414.p.31144,Marquez Valdes-Scantling,WR,10.1
15,414.l.921976.t.16,414.p.32010,Gardner Minshew,QB,0.0
15,414.l.921976.t.16,414.p.31954,Benny Snell Jr.,RB,0.0
15,414.l.921976.t.16,414.p.33114,Tony Jones,RB,0.0
15,414.l.921976.t.16,414.p.27369,Brett Maher,K,12.0
15,414.l.921976.t.16,414.p.100017,Patriots,DEF,11.0
15,414.l.921976.t.8,414.p.27564,Derek Carr,QB,20.24
15,414.l.921976.t.8,414.p.29288,Tyler Boyd,WR,12.0
15,414.l.921976.t.8,414.p.31017,Christian Kirk,WR,12.2
15,414.l.921976.t.8,414.p.31906,Devin Singletary,RB,8.5
15,414.l.921976.t.8,414.p.29238,Ezekiel Elliott,RB,14.1
15,414.l.921976.t.8,414.p.31056,Mark Andrews,TE,4.6
15,414.l.921976.t.8,414.p.33500,Amon-Ra St. Brown,WR,11.7
15,414.l.921976.t.8,414.p.30973,Sam Darnold,QB,13.2
15,414.l.921976.t.8,414.p.30157,Gerald Everett,TE,6.2
15,414.l.921976.t.8,414.p.33437,Rondale Moore,WR,0.0
15,414.l.921976.t.8,414.p.34617,Raheem Blackshear,RB,0.0
15,414.l.921976.t.8,414.p.32722,Cam Akers,RB,11.5
15,414.l.921976.t.8,414.p.31874,Drew Lock,QB,0.0
15,414.l.921976.t.8,414.p.34218,Brock Purdy,QB,16.48
15,414.l.921976.t.8,414.p.9526,Graham Gano,K,12.0
15,414.l.921976.t.8,414.p.100005,Browns,DEF,17.0
15,414.l.921976.t.7,414.p.33455,Davis Mills,QB,18.94
15,414.l.921976.t.7,414.p.32703,Tee Higgins,WR,13.8
15,414.l.921976.t.7,414.p.33465,Joshua Palmer,WR,7.4
15,414.l.921976.t.7,414.p.30972,Saquon Barkley,RB,20.5
15,414.l.921976.t.7,414.p.31905,David Montgomery,RB,22.6
15,414.l.921976.t.7,414.p.33443,Pat Freiermuth,TE,0.0
15,414.l.921976.t.7,414.p.33514,Chuba Hubbard,RB,8.2
15,414.l.921976.t.7,414.p.7200,Aaron Rodgers,QB,11.86
15,414.l.921976.t.7,414.p.30231,Mack Hollins,WR,12.0
15,414.l.921976.t.7,414.p.31002,Lamar Jackson,QB,0.0
15,414.l.921976.t.7,414.p.29344,Tyler Higbee,TE,10.7
15,414.l.921976.t.7,414.p.27548,Brandin Cooks,WR,0.0
15,414.l.921976.t.7,414.p.33605,Khalil Herbert,RB,0.0
15,414.l.921976.t.7,414.p.26813,Rex Burkhead,RB,2.7
15,414.l.921976.t.7,414.p.31366,Michael Badgley,K,8.0
15,414.l.921976.t.7,414.p.100025,49ers,DEF,9.0
15,414.l.921976.t.1,414.p.33403,Mac Jones,QB,7.48
15,414.l.921976.t.1,414.p.30197,Chris Godwin Jr.,WR,18.3
15,414.l.921976.t.1,414.p.33966,Chris Olave,WR,6.8
15,414.l.921976.t.1,414.p.29279,Derrick Henry,RB,24.3
15,414.l.921976.t.1,414.p.31005,Nick Chubb,RB,9.9
15,414.l.921976.t.1,414.p.30777,Robert Tonyan,TE,0.9
15,414.l.921976.t.1,414.p.30247,Jamaal Williams,RB,3.3
15,414.l.921976.t.1,414.p.32993,Tyler Huntley,QB,6.02
15,414.l.921976.t.1,414.p.31969,Foster Moreau,TE,3.0
15,414.l.921976.t.1,414.p.31268,Allen Lazard,WR,1.2
15,414.l.921976.t.1,414.p.32719,Chase Claypool,WR,0.0
15,414.l.921976.t.1,414.p.29236,Carson Wentz,QB,0.0
15,414.l.921976.t.1,414.p.27540,Odell Beckham Jr.,WR,0.0
15,414.l.921976.t.1,414.p.24060,Colt McCoy,QB,2.32
15,414.l.921976.t.1,414.p.27120,Brandon McManus,K,8.0
15,414.l.921976.t.1,414.p.100002,Bills,DEF,1.0
15,414.l.921976.t.9,414.p.34030,Desmond Ridder,QB,7.68
15,414.l.921976.t.9,414.p.29399,Tyreek Hill,WR,17.4
15,414.l.921976.t.9,414.p.28457,Tyler Lockett,WR,10.3
15,414.l.921976.t.9,414.p.30202,D'Onta Foreman,RB,0.9
15,414.l.921976.t.9,414.p.30295,Aaron Jones Sr.,RB,18.6
15,414.l.921976.t.9,414.p.34036,Greg Dulcich,TE,1.6
15,414.l.921976.t.9,414.p.34357,Bam Knight,RB,2.3
15,414.l.921976.t.9,414.p.33390,Zach Wilson,QB,20.38
15,414.l.921976.t.9,414.p.32003,Darius Slayton,WR,4.8
15,414.l.921976.t.9,414.p.8795,Joe Flacco,QB,0.0
15,414.l.921976.t.9,414.p.31031,DJ Chark,WR,2.3
15,414.l.921976.t.9,414.p.31424,Gus Edwards,RB,5.5
15,414.l.921976.t.9,414.p.29441,Jeff Driskel,"QB,TE",1.12
15,414.l.921976.t.9,414.p.34344,Cameron Dicker,K,6.0
15,414.l.921976.t.9,414.p.100012,Chiefs,DEF,3.0
15,414.l.921976.t.9,414.p.100026,Seahawks,DEF,1.0
15,414.l.921976.t.2,414.p.29369,Dak Prescott,QB,22.24
15,414.l.921976.t.2,414.p.28534,Stefon Diggs,WR,8.2
15,414.l.921976.t.2,414.p.33422,Elijah Moore,WR,7.4
15,414.l.921976.t.2,414.p.34207,Isiah Pacheco,RB,8.2
15,414.l.921976.t.2,414.p.34019,James Cook III,RB,10.9
15,414.l.921976.t.2,414.p.34062,Cade Otton,TE,2.5
15,414.l.921976.t.2,414.p.29341,Chris Moore,WR,6.2
15,414.l.921976.t.2,414.p.25812,Kirk Cousins,QB,34.4
15,414.l.921976.t.2,414.p.31394,Jeff Wilson Jr.,RB,0.0
15,414.l.921976.t.2,414.p.26662,Geno Smith,QB,15.32
15,414.l.921976.t.2,414.p.28402,DeVante Parker,WR,0.0
15,414.l.921976.t.2,414.p.33113,Juwan Johnson,TE,20.7
15,414.l.921976.t.2,414.p.33963,Drake London,WR,8.5
15,414.l.921976.t.2,414.p.32727,Van Jefferson,WR,4.2
15,414.l.921976.t.2,414.p.31538,Greg Joseph,K,8.0
15,414.l.921976.t.2,414.p.100033,Ravens,DEF,7.0
15,414.l.921976.t.11,414.p.33389,Trevor Lawrence,QB,27.82
15,414.l.921976.t.11,414.p.31908,Terry McLaurin,WR,10.0
15,414.l.921976.t.11,414.p.33637,Ben Skowronek,WR,0.8
15,414.l.921976.t.11,414.p.34320,Jordan Mason,RB,6.4
15,414.l.921976.t.11,414.p.32711,Jonathan Taylor,RB,1.8
15,414.l.921976.t.11,414.p.31107,Dalton Schultz,TE,2.5
15,414.l.921976.t.11,414.p.30150,Zay Jones,WR,31.9
15,414.l.921976.t.11,414.p.8780,Matt Ryan,QB,11.28
15,414.l.921976.t.11,414.p.25785,Russell Wilson,QB,0.0
15,414.l.921976.t.11,414.p.33447,Terrace Marshall Jr.,WR,6.6
15,414.l.921976.t.11,414.p.32036,Travis Homer,RB,3.0
15,414.l.921976.t.11,414.p.28408,Nelson Agholor,WR,0.8
15,414.l.921976.t.11,414.p.29307,Kenyan Drake,RB,0.0
15,414.l.921976.t.11,414.p.33971,Jahan Dotson,WR,18.5
15,414.l.921976.t.11,414.p.31137,Daniel Carlson,K,7.0
15,414.l.921976.t.11,414.p.100029,Panthers,DEF,1.0
15,414.l.921976.t.3,414.p.28839,Taylor Heinicke,QB,13.26
15,414.l.921976.t.3,414.p.32695,Brandon Aiyuk,WR,2.9
15,414.l.921976.t.3,414.p.31896,DK Metcalf,WR,9.0
15,414.l.921976.t.3,414.p.33412,Najee Harris,RB,14.6
15,414.l.921976.t.3,414.p.30218,James Conner,RB,16.6
15,414.l.921976.t.3,414.p.31852,Noah Fant,TE,11.7
15,414.l.921976.t.3,414.p.33989,Christian Watson,WR,6.6
15,414.l.921976.t.3,414.p.32221,Brett Rypien,QB,8.68
15,414.l.921976.t.3,414.p.30994,DJ Moore,WR,15.8
15,414.l.921976.t.3,414.p.31141,Mike White,QB,0.0
15,414.l.921976.t.3,414.p.28389,Jameis Winston,QB,0.0
15,414.l.921976.t.3,414.p.30552,Matt Breida,RB,1.7
15,414.l.921976.t.3,414.p.34083,Pierre Strong Jr.,RB,5.2
15,414.l.921976.t.3,414.p.29754,Wil Lutz,K,3.0
15,414.l.921976.t.3,414.p.100009,Packers,DEF,11.0
15,414.l.921976.t.3,414.p.100013,Raiders,DEF,11.0
15,414.l.921976.t.14,414.p.30614,Taysom Hill,"QB,TE",10.2
15,414.l.921976.t.14,414.p.27277,Adam Thielen,WR,11.6
15,414.l.921976.t.14,414.p.28392,Amari Cooper,WR,7.8
15,414.l.921976.t.14,414.p.30154,Dalvin Cook,RB,25.0
15,414.l.921976.t.14,414.p.30121,Christian McCaffrey,RB,22.8
15,414.l.921976.t.14,414.p.31840,T.J. Hockenson,TE,6.8
15,414.l.921976.t.14,414.p.29269,Hunter Henry,TE,1.9
15,414.l.921976.t.14,414.p.26699,Keenan Allen,WR,12.6
15,414.l.921976.t.14,414.p.33538,Kenneth Gainwell,RB,2.4
15,414.l.921976.t.14,414.p.31919,Damien Harris,RB,0.0
15,414.l.921976.t.14,414.p.31074,Nyheim Miller-Hines,RB,7.5
15,414.l.921976.t.14,414.p.26664,Robert Woods,WR,2.2
15,414.l.921976.t.14,414.p.30115,Mitchell Trubisky,QB,14.06
15,414.l.921976.t.14,414.p.32696,Jordan Love,QB,0.0
15,414.l.921976.t.14,414.p.7520,Robbie Gould,K,3.0
15,414.l.921976.t.14,414.p.100022,Cardinals,DEF,11.0
15,414.l.921976.t.12,414.p.30977,Josh Allen,QB,35.86
15,414.l.921976.t.12,414.p.31051,Michael Gallup,WR,0.7
15,414.l.921976.t.12,414.p.32762,Devin Duvernay,WR,3.9
15,414.l.921976.t.12,414.p.30423,Austin Ekeler,RB,14.0
15,414.l.921976.t.12,414.p.28654,Raheem Mostert,RB,16.1
15,414.l.921976.t.12,414.p.29315,Austin Hooper,TE,4.3
15,414.l.921976.t.12,414.p.30230,Josh Reynolds,WR,0.0
15,414.l.921976.t.12,414.p.30285,Isaiah McKenzie,WR,3.4
15,414.l.921976.t.12,414.p.31019,Dallas Goedert,TE,0.0
15,414.l.921976.t.12,414.p.30118,Corey Davis,WR,0.0
15,414.l.921976.t.12,414.p.31868,Deebo Samuel,WR,0.0
15,414.l.921976.t.12,414.p.33423,Javonte Williams,RB,0.0
15,414.l.921976.t.12,414.p.31068,Jordan Akins,TE,9.7
15,414.l.921976.t.12,414.p.24822,Andy Dalton,QB,14.14
15,414.l.921976.t.12,414.p.30346,Harrison Butker,K,4.0
15,414.l.921976.t.12,414.p.100010,Titans,DEF,8.0
15,414.l.921976.t.4,414.p.29235,Jared Goff,QB,14.08
15,414.l.921976.t.4,414.p.32687,CeeDee Lamb,WR,16.2
15,414.l.921976.t.4,414.p.30175,JuJu Smith-Schuster,WR,11.8
15,414.l.921976.t.4,414.p.30161,Joe Mixon,RB,7.9
15,414.l.921976.t.4,414.p.33996,Kenneth Walker III,RB,9.9
15,414.l.921976.t.4,414.p.28592,Darren Waller,TE,12.3
15,414.l.921976.t.4,414.p.32725,J.K. Dobbins,RB,13.3
15,414.l.921976.t.4,414.p.29360,Demarcus Robinson,WR,3.9
15,414.l.921976.t.4,414.p.34099,Chig Okonkwo,TE,8.0
15,414.l.921976.t.4,414.p.33975,Kenny Pickett,QB,0.0
15,414.l.921976.t.4,414.p.34068,Daniel Bellinger,TE,0.9
15,414.l.921976.t.4,414.p.24793,Julio Jones,WR,0.0
15,414.l.921976.t.4,414.p.34447,Jaylen Warren,RB,11.4
15,414.l.921976.t.4,414.p.34107,Tyler Allgeier,RB,22.1
15,414.l.921976.t.4,414.p.9520,Ryan Succop,K,5.0
15,414.l.921976.t.4,414.p.100006,Cowboys,DEF,6.0
15,414.l.921976.t.15,414.p.31838,Daniel Jones,QB,9.9
15,414.l.921976.t.15,414.p.31883,A.J. Brown,WR,22.6
15,414.l.921976.t.15,414.p.32798,Gabe Davis,WR,7.6
15,414.l.921976.t.15,414.p.33508,Rhamondre Stevenson,RB,23.8
15,414.l.921976.t.15,414.p.33413,Travis Etienne Jr.,RB,11.7
15,414.l.921976.t.15,414.p.30142,David Njoku,TE,4.3
15,414.l.921976.t.15,414.p.32736,Antonio Gibson,RB,3.7
15,414.l.921976.t.15,414.p.5228,Tom Brady,QB,18.58
15,414.l.921976.t.15,414.p.31928,Dawson Knox,TE,18.8
15,414.l.921976.t.15,414.p.31010,Courtland Sutton,WR,0.0
15,414.l.921976.t.15,414.p.32785,Harrison Bryant,TE,1.7
15,414.l.921976.t.15,414.p.33998,Wan'Dale Robinson,WR,0.0
15,414.l.921976.t.15,414.p.33138,James Robinson,RB,0.0
15,414.l.921976.t.15,414.p.32231,Jakobi Meyers,WR,3.7
15,414.l.921976.t.15,414.p.33537,Evan McPherson,K,9.0
15,414.l.921976.t.15,414.p.100027,Buccaneers,DEF,3.0
15,414.l.921976.t.10,414.p.32692,Justin Jefferson,WR,24.3
15,414.l.921976.t.10,414.p.33393,Ja'Marr Chase,WR,15.5
15,414.l.921976.t.10,414.p.26804,Latavius Murray,RB,20.7
15,414.l.921976.t.10,414.p.34047,Rachaad White,RB,4.8
15,414.l.921976.t.10,414.p.30259,George Kittle,TE,23.3
15,414.l.921976.t.10,414.p.33495,Michael Carter,RB,3.6
15,414.l.921976.t.10,414.p.33965,Garrett Wilson,WR,11.8
15,414.l.921976.t.10,414.p.30971,Baker Mayfield,QB,7.54
15,414.l.921976.t.10,414.p.33973,Treylon Burks,WR,0.0
15,414.l.921976.t.10,414.p.29325,Jacoby Brissett,QB,0.3
15,414.l.921976.t.10,414.p.33477,Nico Collins,WR,0.0
15,414.l.921976.t.10,414.p.34042,Malik Willis,QB,1.6
15,414.l.921976.t.10,414.p.30551,Kendrick Bourne,WR,0.0
15,414.l.921976.t.10,414.p.34139,Kevin Harris,RB,1.9
15,414.l.921976.t.10,414.p.28378,Jason Myers,K,9.0
15,414.l.921976.t.10,414.p.100016,Vikings,DEF,4.0
16,414.l.921976.t.5,414.p.30123,Patrick Mahomes,QB,23.76
16,414.l.921976.t.5,414.p.30120,Mike Williams,WR,9.6
16,414.l.921976.t.5,414.p.32704,Michael Pittman Jr.,WR,5.9
16,414.l.921976.t.5,414.p.31960,Tony Pollard,RB,11.0
16,414.l.921976.t.5,414.p.30180,Alvin Kamara,RB,18.0
16,414.l.921976.t.5,414.p.30136,Evan Engram,TE,14.8
16,414.l.921976.t.5,414.p.32732,A.J. Dillon,RB,11.8
16,414.l.921976.t.5,414.p.32676,Justin Herbert,QB,6.5
16,414.l.921976.t.5,414.p.34054,Brian Robinson Jr.,RB,5.8
16,414.l.921976.t.5,414.p.33408,Kadarius Toney,WR,7.3
16,414.l.921976.t.5,414.p.31934,Alexander Mattison,RB,1.7
16,414.l.921976.t.5,414.p.24851,Randall Cobb,WR,1.0
16,414.l.921976.t.5,414.p.30153,Curtis Samuel,WR,13.9
16,414.l.921976.t.5,414.p.30426,Younghoe Koo,K,9.0
16,414.l.921976.t.5,414.p.100007,Broncos,DEF,-4.0
16,414.l.921976.t.5,414.p.100024,Chargers,DEF,21.0
16,414.l.921976.t.13,414.p.32671,Joe Burrow,QB,25.5
16,414.l.921976.t.13,414.p.33398,DeVonta Smith,WR,27.3
16,414.l.921976.t.13,414.p.26650,DeAndre Hopkins,WR,0.9
16,414.l.921976.t.13,414.p.26652,Cordarrelle Patterson,RB,3.6
16,414.l.921976.t.13,414.p.30117,Leonard Fournette,RB,20.7
16,414.l.921976.t.13,414.p.31127,Tyler Conklin,TE,5.4
16,414.l.921976.t.13,414.p.33394,Jaylen Waddle,WR,22.8
16,414.l.921976.t.13,414.p.32675,Tua Tagovailoa,QB,13.4
16,414.l.921976.t.13,414.p.30125,Deshaun Watson,QB,12.8
16,414.l.921976.t.13,414.p.31012,Mike Gesicki,TE,2.9
16,414.l.921976.t.13,414.p.34007,George Pickens,WR,14.2
16,414.l.921976.t.13,414.p.34095,Isaiah Likely,TE,0.9
16,414.l.921976.t.13,414.p.31981,Hunter Renfrow,WR,12.2
16,414.l.921976.t.13,414.p.30256,Marlon Mack,RB,2.2
16,414.l.921976.t.13,414.p.8432,Nick Folk,K,0.0
16,414.l.921976.t.13,414.p.100018,Saints,DEF,8.0
16,414.l.921976.t.6,414.p.33399,Justin Fields,QB,9.86
16,414.l.921976.t.6,414.p.27535,Mike Evans,WR,4.4
16,414.l.921976.t.6,414.p.32685,Jerry Jeudy,WR,14.7
16,414.l.921976.t.6,414.p.32705,D'Andre Swift,RB,3.0
16,414.l.921976.t.6,414.p.31885,Miles Sanders,RB,5.6
16,414.l.921976.t.6,414.p.32713,Cole Kmet,TE,5.2
16,414.l.921976.t.6,414.p.31856,Josh Jacobs,RB,5.5
16,414.l.921976.t.6,414.p.32029,Trace McSorley,QB,5.08
16,414.l.921976.t.6,414.p.32857,Donovan Peoples-Jones,WR,0.7
16,414.l.921976.t.6,414.p.30995,Hayden Hurst,TE,0.0
16,414.l.921976.t.6,414.p.31891,Parris Campbell,WR,2.9
16,414.l.921976.t.6,414.p.28442,Ameer Abdullah,RB,3.7
16,414.l.921976.t.6,414.p.33967,Jameson Williams,WR,0.0
16,414.l.921976.t.6,414.p.30284,Nathan Peterman,QB,0.0
16,414.l.921976.t.6,414.p.26534,Justin Tucker,K,9.0
16,414.l.921976.t.6,414.p.100021,Eagles,DEF,10.0
16,414.l.921976.t.16,414.p.32010,Gardner Minshew,QB,24.7
16,414.l.921976.t.16,414.p.27581,Davante Adams,WR,2.5
16,414.l.921976.t.16,414.p.31857,Hollywood Brown,WR,7.3
16,414.l.921976.t.16,414.p.27624,Jerick McKinnon,RB,11.3
16,414.l.921976.t.16,414.p.30199,Kareem Hunt,RB,3.7
16,414.l.921976.t.16,414.p.26686,Travis Kelce,TE,14.3
16,414.l.921976.t.16,414.p.31898,Diontae Johnson,WR,8.9
16,414.l.921976.t.16,414.p.34088,Romeo Doubs,WR,5.1
16,414.l.921976.t.16,414.p.25718,Ryan Tannehill,QB,0.0
16,414.l.921976.t.16,414.p.30227,Samaje Perine,RB,3.7
16,414.l.921976.t.16,414.p.32723,Jalen Hurts,QB,0.0
16,414.l.921976.t.16,414.p.28947,DeAndre Carter,WR,0.0
16,414.l.921976.t.16,414.p.31144,Marquez Valdes-Scantling,WR,0.0
16,414.l.921976.t.16,414.p.33114,Tony Jones,RB,0.0
16,414.l.921976.t.16,414.p.27369,Brett Maher,K,18.0
16,414.l.921976.t.16,414.p.100017,Patriots,DEF,14.0
16,414.l.921976.t.8,414.p.27564,Derek Carr,QB,9.36
16,414.l.921976.t.8,414.p.29288,Tyler Boyd,WR,3.6
16,414.l.921976.t.8,414.p.31017,Christian Kirk,WR,4.1
16,414.l.921976.t.8,414.p.31906,Devin Singletary,RB,19.5
16,414.l.921976.t.8,414.p.29238,Ezekiel Elliott,RB,12.6
16,414.l.921976.t.8,414.p.31056,Mark Andrews,TE,6.0
16,414.l.921976.t.8,414.p.33500,Amon-Ra St. Brown,WR,11.1
16,414.l.921976.t.8,414.p.30973,Sam Darnold,QB,21.9
16,414.l.921976.t.8,414.p.30157,Gerald Everett,TE,0.0
16,414.l.921976.t.8,414.p.33437,Rondale Moore,WR,0.0
16,414.l.921976.t.8,414.p.34617,Raheem Blackshear,RB,8.0
16,414.l.921976.t.8,414.p.32722,Cam Akers,RB,33.7
16,414.l.921976.t.8,414.p.31874,Drew Lock,QB,0.0
16,414.l.921976.t.8,414.p.34218,Brock Purdy,QB,16.96
16,414.l.921976.t.8,414.p.9526,Graham Gano,K,14.0
16,414.l.921976.t.8,414.p.100005,Browns,DEF,3.0
16,414.l.921976.t.7,414.p.33455,Davis Mills,QB,10.92
16,414.l.921976.t.7,414.p.32703,Tee Higgins,WR,22.8
16,414.l.921976.t.7,414.p.33465,Joshua Palmer,WR,2.6
16,414.l.921976.t.7,414.p.30972,Saquon Barkley,RB,23.3
16,414.l.921976.t.7,414.p.31905,David Montgomery,RB,8.4
16,414.l.921976.t.7,414.p.33443,Pat Freiermuth,TE,10.1
16,414.l.921976.t.7,414.p.33514,Chuba Hubbard,RB,12.5
16,414.l.921976.t.7,414.p.7200,Aaron Rodgers,QB,14.32
16,414.l.921976.t.7,414.p.30231,Mack Hollins,WR,1.2
16,414.l.921976.t.7,414.p.31002,Lamar Jackson,QB,0.0
16,414.l.921976.t.7,414.p.29344,Tyler Higbee,TE,25.9
16,414.l.921976.t.7,414.p.27548,Brandin Cooks,WR,11.4
16,414.l.921976.t.7,414.p.33605,Khalil Herbert,RB,1.3
16,414.l.921976.t.7,414.p.26813,Rex Burkhead,RB,7.7
16,414.l.921976.t.7,414.p.31366,Michael Badgley,K,5.0
16,414.l.921976.t.7,414.p.100025,49ers,DEF,7.0
16,414.l.921976.t.1,414.p.33403,Mac Jones,QB,17.5
16,414.l.921976.t.1,414.p.30197,Chris Godwin Jr.,WR,10.3
16,414.l.921976.t.1,414.p.33966,Chris Olave,WR,0.0
16,414.l.921976.t.1,414.p.29279,Derrick Henry,RB,17.6
16,414.l.921976.t.1,414.p.31005,Nick Chubb,RB,10.7
16,414.l.921976.t.1,414.p.30777,Robert Tonyan,TE,1.8
16,414.l.921976.t.1,414.p.30247,Jamaal Williams,RB,2.4
16,414.l.921976.t.1,414.p.32993,Tyler Huntley,QB,13.2
16,414.l.921976.t.1,414.p.31969,Foster Moreau,TE,2.9
16,414.l.921976.t.1,414.p.31268,Allen Lazard,WR,8.6
16,414.l.921976.t.1,414.p.32719,Chase Claypool,WR,0.0
16,414.l.921976.t.1,414.p.29236,Carson Wentz,QB,8.92
16,414.l.921976.t.1,414.p.27540,Odell Beckham Jr.,WR,0.0
16,414.l.921976.t.1,414.p.24060,Colt McCoy,QB,0.0
16,414.l.921976.t.1,414.p.27120,Brandon McManus,K,9.0
16,414.l.921976.t.1,414.p.100002,Bills,DEF,10.0
16,414.l.921976.t.9,414.p.34030,Desmond Ridder,QB,9.52
16,414.l.921976.t.9,414.p.29399,Tyreek Hill,WR,12.3
16,414.l.921976.t.9,414.p.28457,Tyler Lockett,WR,0.0
16,414.l.921976.t.9,414.p.30202,D'Onta Foreman,RB,22.5
16,414.l.921976.t.9,414.p.30295,Aaron Jones Sr.,RB,4.4
16,414.l.921976.t.9,414.p.34036,Greg Dulcich,TE,11.9
16,414.l.921976.t.9,414.p.34357,Bam Knight,RB,1.8
16,414.l.921976.t.9,414.p.33390,Zach Wilson,QB,2.78
16,414.l.921976.t.9,414.p.32003,Darius Slayton,WR,9.9
16,414.l.921976.t.9,414.p.8795,Joe Flacco,QB,0.0
16,414.l.921976.t.9,414.p.31031,DJ Chark,WR,12.8
16,414.l.921976.t.9,414.p.31424,Gus Edwards,RB,9.9
16,414.l.921976.t.9,414.p.29441,Jeff Driskel,"QB,TE",2.7
16,414.l.921976.t.9,414.p.34344,Cameron Dicker,K,8.0
16,414.l.921976.t.9,414.p.100012,Chiefs,DEF,8.0
16,414.l.921976.t.9,414.p.100026,Seahawks,DEF,1.0
16,414.l.921976.t.2,414.p.29369,Dak Prescott,QB,28.98
16,414.l.921976.t.2,414.p.28534,Stefon Diggs,WR,3.6
16,414.l.921976.t.2,414.p.33963,Drake London,WR,11.1
16,414.l.921976.t.2,414.p.34207,Isiah Pacheco,RB,9.5
16,414.l.921976.t.2,414.p.34019,James Cook III,RB,17.3
16,414.l.921976.t.2,414.p.33113,Juwan Johnson,TE,1.4
16,414.l.921976.t.2,414.p.33422,Elijah Moore,WR,2.5
16,414.l.921976.t.2,414.p.25812,Kirk Cousins,QB,24.16
16,414.l.921976.t.2,414.p.34062,Cade Otton,TE,2.2
16,414.l.921976.t.2,414.p.29341,Chris Moore,WR,3.5
16,414.l.921976.t.2,414.p.31394,Jeff Wilson Jr.,RB,10.5
16,414.l.921976.t.2,414.p.26662,Geno Smith,QB,13.2
16,414.l.921976.t.2,414.p.28402,DeVante Parker,WR,0.0
16,414.l.921976.t.2,414.p.32727,Van Jefferson,WR,3.4
16,414.l.921976.t.2,414.p.31538,Greg Joseph,K,12.0
16,414.l.921976.t.2,414.p.100033,Ravens,DEF,8.0
16,414.l.921976.t.11,414.p.33389,Trevor Lawrence,QB,18.26
16,414.l.921976.t.11,414.p.31908,Terry McLaurin,WR,15.7
16,414.l.921976.t.11,414.p.26701,Marquise Goodwin,WR,0.0
16,414.l.921976.t.11,414.p.32756,Zack Moss,RB,7.5
16,414.l.921976.t.11,414.p.33798,Deon Jackson,RB,2.4
16,414.l.921976.t.11,414.p.31107,Dalton Schultz,TE,5.8
16,414.l.921976.t.11,414.p.30150,Zay Jones,WR,1.6
16,414.l.921976.t.11,414.p.25785,Russell Wilson,QB,11.26
16,414.l.921976.t.11,414.p.31210,Richie James,WR,13.0
16,414.l.921976.t.11,414.p.8780,Matt Ryan,QB,0.0
16,414.l.921976.t.11,414.p.33971,Jahan Dotson,WR,16.6
16,414.l.921976.t.11,414.p.34320,Jordan Mason,RB,0.0
16,414.l.921976.t.11,414.p.32711,Jonathan Taylor,RB,0.0
16,414.l.921976.t.11,414.p.28408,Nelson Agholor,WR,0.0
16,414.l.921976.t.11,414.p.31137,Daniel Carlson,K,5.0
16,414.l.921976.t.11,414.p.100014,Rams,DEF,21.0
16,414.l.921976.t.3,414.p.28839,Taylor Heinicke,QB,11.24
16,414.l.921976.t.3,414.p.31896,DK Metcalf,WR,11.6
16,414.l.921976.t.3,414.p.33989,Christian Watson,WR,7.9
16,414.l.921976.t.3,414.p.33412,Najee Harris,RB,12.5
16,414.l.921976.t.3,414.p.30218,James Conner,RB,21.5
16,414.l.921976.t.3,414.p.31852,Noah Fant,TE,8.2
16,414.l.921976.t.3,414.p.30994,DJ Moore,WR,17.6
16,414.l.921976.t.3,414.p.25798,Nick Foles,QB,2.72
16,414.l.921976.t.3,414.p.32695,Brandon Aiyuk,WR,10.6
16,414.l.921976.t.3,414.p.31141,Mike White,QB,0.0
16,414.l.921976.t.3,414.p.28389,Jameis Winston,QB,0.0
16,414.l.921976.t.3,414.p.30552,Matt Breida,RB,0.9
16,414.l.921976.t.3,414.p.31888,Mecole Hardman Jr.,WR,0.0
16,414.l.921976.t.3,414.p.32417,Chase McLaughlin,K,4.0
16,414.l.921976.t.3,414.p.100004,Bengals,DEF,10.0
16,414.l.921976.t.3,414.p.100030,Jaguars,DEF,15.0
16,414.l.921976.t.14,414.p.30614,Taysom Hill,"QB,TE",11.6
16,414.l.921976.t.14,414.p.27277,Adam Thielen,WR,1.1
16,414.l.921976.t.14,414.p.28392,Amari Cooper,WR,10.2
16,414.l.921976.t.14,414.p.30154,Dalvin Cook,RB,9.2
16,414.l.921976.t.14,414.p.30121,Christian McCaffrey,RB,12.8
16,414.l.921976.t.14,414.p.31840,T.J. Hockenson,TE,29.4
16,414.l.921976.t.14,414.p.29269,Hunter Henry,TE,0.0
16,414.l.921976.t.14,414.p.26699,Keenan Allen,WR,15.9
16,414.l.921976.t.14,414.p.33538,Kenneth Gainwell,RB,7.8
16,414.l.921976.t.14,414.p.31919,Damien Harris,RB,0.0
16,414.l.921976.t.14,414.p.31074,Nyheim Miller-Hines,RB,1.6
16,414.l.921976.t.14,414.p.26664,Robert Woods,WR,5.0
16,414.l.921976.t.14,414.p.30115,Mitchell Trubisky,QB,0.0
16,414.l.921976.t.14,414.p.32696,Jordan Love,QB,0.0
16,414.l.921976.t.14,414.p.7520,Robbie Gould,K,13.0
16,414.l.921976.t.14,414.p.100022,Cardinals,DEF,5.0
16,414.l.921976.t.12,414.p.30977,Josh Allen,QB,24.98
16,414.l.921976.t.12,414.p.31051,Michael Gallup,WR,11.6
16,414.l.921976.t.12,414.p.30118,Corey Davis,WR,2.4
16,414.l.921976.t.12,414.p.30423,Austin Ekeler,RB,21.9
16,414.l.921976.t.12,414.p.28654,Raheem Mostert,RB,3.9
16,414.l.921976.t.12,414.p.31019,Dallas Goedert,TE,8.2
16,414.l.921976.t.12,414.p.32846,K.J. Osborn,WR,3.2
16,414.l.921976.t.12,414.p.24822,Andy Dalton,QB,2.58
16,414.l.921976.t.12,414.p.30230,Josh Reynolds,WR,4.1
16,414.l.921976.t.12,414.p.30285,Isaiah McKenzie,WR,0.6
16,414.l.921976.t.12,414.p.29315,Austin Hooper,TE,3.0
16,414.l.921976.t.12,414.p.31868,Deebo Samuel,WR,0.0
16,414.l.921976.t.12,414.p.33423,Javonte Williams,RB,0.0
16,414.l.921976.t.12,414.p.31068,Jordan Akins,TE,5.4
16,414.l.921976.t.12,414.p.30346,Harrison Butker,K,7.0
16,414.l.921976.t.12,414.p.100010,Titans,DEF,4.0
16,414.l.921976.t.4,414.p.29235,Jared Goff,QB,25.7
16,414.l.921976.t.4,414.p.32687,CeeDee Lamb,WR,29.0
16,414.l.921976.t.4,414.p.30175,JuJu Smith-Schuster,WR,4.2
16,414.l.921976.t.4,414.p.30161,Joe Mixon,RB,14.3
16,414.l.921976.t.4,414.p.33996,Kenneth Walker III,RB,11.5
16,414.l.921976.t.4,414.p.28592,Darren Waller,TE,7.8
16,414.l.921976.t.4,414.p.32725,J.K. Dobbins,RB,5.9
16,414.l.921976.t.4,414.p.29360,Demarcus Robinson,WR,7.1
16,414.l.921976.t.4,414.p.34099,Chig Okonkwo,TE,1.5
16,414.l.921976.t.4,414.p.33975,Kenny Pickett,QB,13.66
16,414.l.921976.t.4,414.p.34068,Daniel Bellinger,TE,3.7
16,414.l.921976.t.4,414.p.24793,Julio Jones,WR,1.0
16,414.l.921976.t.4,414.p.34447,Jaylen Warren,RB,3.5
16,414.l.921976.t.4,414.p.34107,Tyler Allgeier,RB,13.7
16,414.l.921976.t.4,414.p.9520,Ryan Succop,K,15.0
16,414.l.921976.t.4,414.p.100006,Cowboys,DEF,7.0
16,414.l.921976.t.15,414.p.31838,Daniel Jones,QB,21.76
16,414.l.921976.t.15,414.p.31883,A.J. Brown,WR,13.3
16,414.l.921976.t.15,414.p.32798,Gabe Davis,WR,10.0
16,414.l.921976.t.15,414.p.33508,Rhamondre Stevenson,RB,2.3
16,414.l.921976.t.15,414.p.33413,Travis Etienne Jr.,RB,12.7
16,414.l.921976.t.15,414.p.30142,David Njoku,TE,2.4
16,414.l.921976.t.15,414.p.32736,Antonio Gibson,RB,4.1
16,414.l.921976.t.15,414.p.5228,Tom Brady,QB,13.34
16,414.l.921976.t.15,414.p.31928,Dawson Knox,TE,11.3
16,414.l.921976.t.15,414.p.31010,Courtland Sutton,WR,8.9
16,414.l.921976.t.15,414.p.32785,Harrison Bryant,TE,0.0
16,414.l.921976.t.15,414.p.33998,Wan'Dale Robinson,WR,0.0
16,414.l.921976.t.15,414.p.33138,James Robinson,RB,0.0
16,414.l.921976.t.15,414.p.32231,Jakobi Meyers,WR,17.3
16,414.l.921976.t.15,414.p.33537,Evan McPherson,K,4.0
16,414.l.921976.t.15,414.p.100027,Buccaneers,DEF,8.0
16,414.l.921976.t.10,414.p.30971,Baker Mayfield,QB,17.4
16,414.l.921976.t.10,414.p.32692,Justin Jefferson,WR,25.3
16,414.l.921976.t.10,414.p.33393,Ja'Marr Chase,WR,9.9
16,414.l.921976.t.10,414.p.26804,Latavius Murray,RB,6.5
16,414.l.921976.t.10,414.p.34047,Rachaad White,RB,13.3
16,414.l.921976.t.10,414.p.30259,George Kittle,TE,27.0
16,414.l.921976.t.10,414.p.33965,Garrett Wilson,WR,3.0
16,414.l.921976.t.10,414.p.34042,Malik Willis,QB,12.26
16,414.l.921976.t.10,414.p.33495,Michael Carter,RB,7.5
16,414.l.921976.t.10,414.p.33973,Treylon Burks,WR,1.5
16,414.l.921976.t.10,414.p.29325,Jacoby Brissett,QB,0.0
16,414.l.921976.t.10,414.p.33477,Nico Collins,WR,0.0
16,414.l.921976.t.10,414.p.30551,Kendrick Bourne,WR,21.9
16,414.l.921976.t.10,414.p.34139,Kevin Harris,RB,0.3
16,414.l.921976.t.10,414.p.28378,Jason Myers,K,4.0
16,414.l.921976.t.10,414.p.100016,Vikings,DEF,9.0
17,414.l.921976.t.5,414.p.30123,Patrick Mahomes,QB,26.02
17,414.l.921976.t.5,414.p.30120,Mike Williams,WR,12.9
17,414.l.921976.t.5,414.p.32704,Michael Pittman Jr.,WR,13.1
17,414.l.921976.t.5,414.p.30180,Alvin Kamara,RB,8.5
17,414.l.921976.t.5,414.p.32732,A.J. Dillon,RB,10.1
17,414.l.921976.t.5,414.p.30136,Evan Engram,TE,3.4
17,414.l.921976.t.5,414.p.34054,Brian Robinson Jr.,RB,8.7
17,414.l.921976.t.5,414.p.32676,Justin Herbert,QB,16.68
17,414.l.921976.t.5,414.p.34087,Hassan Haskins,RB,6.3
17,414.l.921976.t.5,414.p.33408,Kadarius Toney,WR,7.1
17,414.l.921976.t.5,414.p.31934,Alexander Mattison,RB,5.0
17,414.l.921976.t.5,414.p.24851,Randall Cobb,WR,3.0
17,414.l.921976.t.5,414.p.30153,Curtis Samuel,WR,1.1
17,414.l.921976.t.5,414.p.30426,Younghoe Koo,K,8.0
17,414.l.921976.t.5,414.p.100019,Giants,DEF,14.0
17,414.l.921976.t.5,414.p.100024,Chargers,DEF,9.0
17,414.l.921976.t.13,414.p.32671,Joe Burrow,QB,0.0
17,414.l.921976.t.13,414.p.33398,DeVonta Smith,WR,16.0
17,414.l.921976.t.13,414.p.34007,George Pickens,WR,3.9
17,414.l.921976.t.13,414.p.26652,Cordarrelle Patterson,RB,17.4
17,414.l.921976.t.13,414.p.30117,Leonard Fournette,RB,6.7
17,414.l.921976.t.13,414.p.31127,Tyler Conklin,TE,11.0
17,414.l.921976.t.13,414.p.33394,Jaylen Waddle,WR,6.7
17,414.l.921976.t.13,414.p.30125,Deshaun Watson,QB,21.86
17,414.l.921976.t.13,414.p.26650,DeAndre Hopkins,WR,0.0
17,414.l.921976.t.13,414.p.32675,Tua Tagovailoa,QB,0.0
17,414.l.921976.t.13,414.p.31012,Mike Gesicki,TE,8.8
17,414.l.921976.t.13,414.p.34095,Isaiah Likely,TE,8.7
17,414.l.921976.t.13,414.p.31981,Hunter Renfrow,WR,3.4
17,414.l.921976.t.13,414.p.30256,Marlon Mack,RB,0.0
17,414.l.921976.t.13,414.p.31977,Matt Gay,K,4.0
17,414.l.921976.t.13,414.p.100018,Saints,DEF,18.0
17,414.l.921976.t.6,414.p.33399,Justin Fields,QB,17.2
17,414.l.921976.t.6,414.p.27535,Mike Evans,WR,43.7
17,414.l.921976.t.6,414.p.32685,Jerry Jeudy,WR,7.3
17,414.l.921976.t.6,414.p.32705,D'Andre Swift,RB,25.7
17,414.l.921976.t.6,414.p.31885,Miles Sanders,RB,6.1
17,414.l.921976.t.6,414.p.32713,Cole Kmet,TE,9.7
17,414.l.921976.t.6,414.p.31856,Josh Jacobs,RB,17.5
17,414.l.921976.t.6,414.p.32029,Trace McSorley,QB,0.0
17,414.l.921976.t.6,414.p.32857,Donovan Peoples-Jones,WR,7.8
17,414.l.921976.t.6,414.p.30995,Hayden Hurst,TE,0.0
17,414.l.921976.t.6,414.p.31891,Parris Campbell,WR,6.8
17,414.l.921976.t.6,414.p.28442,Ameer Abdullah,RB,0.0
17,414.l.921976.t.6,414.p.33967,Jameson Williams,WR,4.0
17,414.l.921976.t.6,414.p.30284,Nathan Peterman,QB,0.0
17,414.l.921976.t.6,414.p.26534,Justin Tucker,K,9.0
17,414.l.921976.t.6,414.p.100021,Eagles,DEF,10.0
17,414.l.921976.t.16,414.p.32010,Gardner Minshew,QB,13.96
17,414.l.921976.t.16,414.p.27581,Davante Adams,WR,30.8
17,414.l.921976.t.16,414.p.31857,Hollywood Brown,WR,9.1
17,414.l.921976.t.16,414.p.27624,Jerick McKinnon,RB,20.1
17,414.l.921976.t.16,414.p.30199,Kareem Hunt,RB,0.4
17,414.l.921976.t.16,414.p.26686,Travis Kelce,TE,7.8
17,414.l.921976.t.16,414.p.31898,Diontae Johnson,WR,4.5
17,414.l.921976.t.16,414.p.34088,Romeo Doubs,WR,3.5
17,414.l.921976.t.16,414.p.25718,Ryan Tannehill,QB,0.0
17,414.l.921976.t.16,414.p.30227,Samaje Perine,RB,0.0
17,414.l.921976.t.16,414.p.32723,Jalen Hurts,QB,0.0
17,414.l.921976.t.16,414.p.28947,DeAndre Carter,WR,2.4
17,414.l.921976.t.16,414.p.31144,Marquez Valdes-Scantling,WR,3.8
17,414.l.921976.t.16,414.p.33114,Tony Jones,RB,0.0
17,414.l.921976.t.16,414.p.27369,Brett Maher,K,10.0
17,414.l.921976.t.16,414.p.100017,Patriots,DEF,12.0
17,414.l.921976.t.8,414.p.27564,Derek Carr,QB,0.0
17,414.l.921976.t.8,414.p.29288,Tyler Boyd,WR,0.0
17,414.l.921976.t.8,414.p.31017,Christian Kirk,WR,3.1
17,414.l.921976.t.8,414.p.31906,Devin Singletary,RB,0.0
17,414.l.921976.t.8,414.p.29238,Ezekiel Elliott,RB,9.7
17,414.l.921976.t.8,414.p.31056,Mark Andrews,TE,14.5
17,414.l.921976.t.8,414.p.33500,Amon-Ra St. Brown,WR,8.2
17,414.l.921976.t.8,414.p.30973,Sam Darnold,QB,22.64
17,414.l.921976.t.8,414.p.30157,Gerald Everett,TE,9.0
17,414.l.921976.t.8,414.p.33437,Rondale Moore,WR,0.0
17,414.l.921976.t.8,414.p.34617,Raheem Blackshear,RB,0.4
17,414.l.921976.t.8,414.p.32722,Cam Akers,RB,13.8
17,414.l.921976.t.8,414.p.31874,Drew Lock,QB,0.0
17,414.l.921976.t.8,414.p.34218,Brock Purdy,QB,18.06
17,414.l.921976.t.8,414.p.9526,Graham Gano,K,8.0
17,414.l.921976.t.8,414.p.100005,Browns,DEF,13.0
17,414.l.921976.t.7,414.p.33455,Davis Mills,QB,9.38
17,414.l.921976.t.7,414.p.32703,Tee Higgins,WR,0.0
17,414.l.921976.t.7,414.p.33465,Joshua Palmer,WR,0.0
17,414.l.921976.t.7,414.p.30972,Saquon Barkley,RB,6.3
17,414.l.921976.t.7,414.p.31905,David Montgomery,RB,4.6
17,414.l.921976.t.7,414.p.33443,Pat Freiermuth,TE,5.1
17,414.l.921976.t.7,414.p.33514,Chuba Hubbard,RB,8.0
17,414.l.921976.t.7,414.p.7200,Aaron Rodgers,QB,16.56
17,414.l.921976.t.7,414.p.30231,Mack Hollins,WR,5.5
17,414.l.921976.t.7,414.p.31002,Lamar Jackson,QB,0.0
17,414.l.921976.t.7,414.p.29344,Tyler Higbee,TE,2.6
17,414.l.921976.t.7,414.p.27548,Brandin Cooks,WR,5.9
17,414.l.921976.t.7,414.p.33605,Khalil Herbert,RB,3.1
17,414.l.921976.t.7,414.p.26813,Rex Burkhead,RB,2.5
17,414.l.921976.t.7,414.p.31366,Michael Badgley,K,12.0
17,414.l.921976.t.7,414.p.100025,49ers,DEF,3.0
17,414.l.921976.t.1,414.p.33403,Mac Jones,QB,16.26
17,414.l.921976.t.1,414.p.30197,Chris Godwin Jr.,WR,16.5
17,414.l.921976.t.1,414.p.33966,Chris Olave,WR,6.2
17,414.l.921976.t.1,414.p.29279,Derrick Henry,RB,0.0
17,414.l.921976.t.1,414.p.31005,Nick Chubb,RB,12.1
17,414.l.921976.t.1,414.p.30777,Robert Tonyan,TE,12.7
17,414.l.921976.t.1,414.p.30247,Jamaal Williams,RB,22.2
17,414.l.921976.t.1,414.p.32993,Tyler Huntley,QB,10.6
17,414.l.921976.t.1,414.p.31969,Foster Moreau,TE,7.0
17,414.l.921976.t.1,414.p.31268,Allen Lazard,WR,8.4
17,414.l.921976.t.1,414.p.32719,Chase Claypool,WR,0.0
17,414.l.921976.t.1,414.p.29236,Carson Wentz,QB,9.42
17,414.l.921976.t.1,414.p.27540,Odell Beckham Jr.,WR,0.0
17,414.l.921976.t.1,414.p.24060,Colt McCoy,QB,0.0
17,414.l.921976.t.1,414.p.27120,Brandon McManus,K,7.0
17,414.l.921976.t.1,414.p.100002,Bills,DEF,0.0
17,414.l.921976.t.9,414.p.34030,Desmond Ridder,QB,5.66
17,414.l.921976.t.9,414.p.29399,Tyreek Hill,WR,13.7
17,414.l.921976.t.9,414.p.28457,Tyler Lockett,WR,2.5
17,414.l.921976.t.9,414.p.30202,D'Onta Foreman,RB,3.5
17,414.l.921976.t.9,414.p.30295,Aaron Jones Sr.,RB,12.3
17,414.l.921976.t.9,414.p.34036,Greg Dulcich,TE,0.0
17,414.l.921976.t.9,414.p.34357,Bam Knight,RB,5.4
17,414.l.921976.t.9,414.p.33390,Zach Wilson,QB,0.0
17,414.l.921976.t.9,414.p.32003,Darius Slayton,WR,0.4
17,414.l.921976.t.9,414.p.8795,Joe Flacco,QB,0.0
17,414.l.921976.t.9,414.p.31031,DJ Chark,WR,6.6
17,414.l.921976.t.9,414.p.31424,Gus Edwards,RB,0.2
17,414.l.921976.t.9,414.p.29441,Jeff Driskel,"QB,TE",1.06
17,414.l.921976.t.9,414.p.34344,Cameron Dicker,K,8.0
17,414.l.921976.t.9,414.p.100012,Chiefs,DEF,8.0
17,414.l.921976.t.9,414.p.100026,Seahawks,DEF,18.0
17,414.l.921976.t.2,414.p.29369,Dak Prescott,QB,16.38
17,414.l.921976.t.2,414.p.28534,Stefon Diggs,WR,0.0
17,414.l.921976.t.2,414.p.33963,Drake London,WR,7.2
17,414.l.921976.t.2,414.p.34207,Isiah Pacheco,RB,11.9
17,414.l.921976.t.2,414.p.34019,James Cook III,RB,0.0
17,414.l.921976.t.2,414.p.33113,Juwan Johnson,TE,8.7
17,414.l.921976.t.2,414.p.33422,Elijah Moore,WR,2.8
17,414.l.921976.t.2,414.p.25812,Kirk Cousins,QB,10.9
17,414.l.921976.t.2,414.p.34062,Cade Otton,TE,2.7
17,414.l.921976.t.2,414.p.29341,Chris Moore,WR,3.6
17,414.l.921976.t.2,414.p.31394,Jeff Wilson Jr.,RB,9.1
17,414.l.921976.t.2,414.p.26662,Geno Smith,QB,17.12
17,414.l.921976.t.2,414.p.28402,DeVante Parker,WR,0.0
17,414.l.921976.t.2,414.p.32727,Van Jefferson,WR,9.2
17,414.l.921976.t.2,414.p.31538,Greg Joseph,K,5.0
17,414.l.921976.t.2,414.p.100033,Ravens,DEF,3.0
17,414.l.921976.t.11,414.p.33389,Trevor Lawrence,QB,5.48
17,414.l.921976.t.11,414.p.31908,Terry McLaurin,WR,4.7
17,414.l.921976.t.11,414.p.33971,Jahan Dotson,WR,5.2
17,414.l.921976.t.11,414.p.32756,Zack Moss,RB,7.4
17,414.l.921976.t.11,414.p.33798,Deon Jackson,RB,1.0
17,414.l.921976.t.11,414.p.31107,Dalton Schultz,TE,21.1
17,414.l.921976.t.11,414.p.30150,Zay Jones,WR,3.9
17,414.l.921976.t.11,414.p.25785,Russell Wilson,QB,24.58
17,414.l.921976.t.11,414.p.31210,Richie James,WR,17.1
17,414.l.921976.t.11,414.p.26701,Marquise Goodwin,WR,0.0
17,414.l.921976.t.11,414.p.8780,Matt Ryan,QB,0.0
17,414.l.921976.t.11,414.p.34320,Jordan Mason,RB,7.3
17,414.l.921976.t.11,414.p.32711,Jonathan Taylor,RB,0.0
17,414.l.921976.t.11,414.p.28408,Nelson Agholor,WR,0.0
17,414.l.921976.t.11,414.p.30266,Jake Elliott,K,6.0
17,414.l.921976.t.11,414.p.100015,Dolphins,DEF,4.0
17,414.l.921976.t.3,414.p.31141,Mike White,QB,5.6
17,414.l.921976.t.3,414.p.31896,DK Metcalf,WR,0.8
17,414.l.921976.t.3,414.p.32695,Brandon Aiyuk,WR,22.2
17,414.l.921976.t.3,414.p.33412,Najee Harris,RB,19.3
17,414.l.921976.t.3,414.p.30218,James Conner,RB,12.5
17,414.l.921976.t.3,414.p.31852,Noah Fant,TE,5.0
17,414.l.921976.t.3,414.p.30994,DJ Moore,WR,20.7
17,414.l.921976.t.3,414.p.27560,Teddy Bridgewater,QB,10.04
17,414.l.921976.t.3,414.p.33989,Christian Watson,WR,1.6
17,414.l.921976.t.3,414.p.25798,Nick Foles,QB,3.04
17,414.l.921976.t.3,414.p.28389,Jameis Winston,QB,0.0
17,414.l.921976.t.3,414.p.30552,Matt Breida,RB,7.2
17,414.l.921976.t.3,414.p.32877,Isaiah Hodgins,WR,12.2
17,414.l.921976.t.3,414.p.8447,Mason Crosby,K,13.0
17,414.l.921976.t.3,414.p.100030,Jaguars,DEF,18.0
17,414.l.921976.t.3,414.p.100004,Bengals,DEF,0.0
17,414.l.921976.t.14,414.p.30614,Taysom Hill,"QB,TE",13.06
17,414.l.921976.t.14,414.p.27277,Adam Thielen,WR,2.1
17,414.l.921976.t.14,414.p.28392,Amari Cooper,WR,24.0
17,414.l.921976.t.14,414.p.30154,Dalvin Cook,RB,5.4
17,414.l.921976.t.14,414.p.30121,Christian McCaffrey,RB,28.3
17,414.l.921976.t.14,414.p.31840,T.J. Hockenson,TE,9.4
17,414.l.921976.t.14,414.p.29269,Hunter Henry,TE,7.7
17,414.l.921976.t.14,414.p.26699,Keenan Allen,WR,9.3
17,414.l.921976.t.14,414.p.33538,Kenneth Gainwell,RB,2.7
17,414.l.921976.t.14,414.p.31919,Damien Harris,RB,6.4
17,414.l.921976.t.14,414.p.31074,Nyheim Miller-Hines,RB,0.0
17,414.l.921976.t.14,414.p.26664,Robert Woods,WR,12.4
17,414.l.921976.t.14,414.p.30115,Mitchell Trubisky,QB,0.0
17,414.l.921976.t.14,414.p.32696,Jordan Love,QB,0.26
17,414.l.921976.t.14,414.p.7520,Robbie Gould,K,14.0
17,414.l.921976.t.14,414.p.100022,Cardinals,DEF,4.0
17,414.l.921976.t.12,414.p.30977,Josh Allen,QB,0.0
17,414.l.921976.t.12,414.p.31051,Michael Gallup,WR,5.4
17,414.l.921976.t.12,414.p.30118,Corey Davis,WR,6.0
17,414.l.921976.t.12,414.p.30423,Austin Ekeler,RB,30.1
17,414.l.921976.t.12,414.p.28654,Raheem Mostert,RB,19.1
17,414.l.921976.t.12,414.p.31019,Dallas Goedert,TE,6.0
17,414.l.921976.t.12,414.p.32846,K.J. Osborn,WR,15.4
17,414.l.921976.t.12,414.p.24822,Andy Dalton,QB,7.0
17,414.l.921976.t.12,414.p.30230,Josh Reynolds,WR,1.0
17,414.l.921976.t.12,414.p.30285,Isaiah McKenzie,WR,0.0
17,414.l.921976.t.12,414.p.29315,Austin Hooper,TE,1.1
17,414.l.921976.t.12,414.p.31868,Deebo Samuel,WR,0.0
17,414.l.921976.t.12,414.p.33423,Javonte Williams,RB,0.0
17,414.l.921976.t.12,414.p.31068,Jordan Akins,TE,4.8
17,414.l.921976.t.12,414.p.30346,Harrison Butker,K,3.0
17,414.l.921976.t.12,414.p.100010,Titans,DEF,7.0
17,414.l.921976.t.4,414.p.29235,Jared Goff,QB,22.4
17,414.l.921976.t.4,414.p.32687,CeeDee Lamb,WR,15.5
17,414.l.921976.t.4,414.p.30175,JuJu Smith-Schuster,WR,3.1
17,414.l.921976.t.4,414.p.30161,Joe Mixon,RB,0.0
17,414.l.921976.t.4,414.p.33996,Kenneth Walker III,RB,14.7
17,414.l.921976.t.4,414.p.28592,Darren Waller,TE,14.7
17,414.l.921976.t.4,414.p.32725,J.K. Dobbins,RB,9.3
17,414.l.921976.t.4,414.p.33975,Kenny Pickett,QB,10.92
17,414.l.921976.t.4,414.p.34107,Tyler Allgeier,RB,16.0
17,414.l.921976.t.4,414.p.29360,Demarcus Robinson,WR,1.4
17,414.l.921976.t.4,414.p.34099,Chig Okonkwo,TE,3.9
17,414.l.921976.t.4,414.p.34068,Daniel Bellinger,TE,5.7
17,414.l.921976.t.4,414.p.24793,Julio Jones,WR,2.8
17,414.l.921976.t.4,414.p.34447,Jaylen Warren,RB,11.3
17,414.l.921976.t.4,414.p.9520,Ryan Succop,K,4.0
17,414.l.921976.t.4,414.p.100006,Cowboys,DEF,10.0
17,414.l.921976.t.15,414.p.31838,Daniel Jones,QB,36.18
17,414.l.921976.t.15,414.p.31883,A.J. Brown,WR,17.7
17,414.l.921976.t.15,414.p.32798,Gabe Davis,WR,0.0
17,414.l.921976.t.15,414.p.33508,Rhamondre Stevenson,RB,6.1
17,414.l.921976.t.15,414.p.33413,Travis Etienne Jr.,RB,21.5
17,414.l.921976.t.15,414.p.30142,David Njoku,TE,2.6
17,414.l.921976.t.15,414.p.32736,Antonio Gibson,RB,0.0
17,414.l.921976.t.15,414.p.5228,Tom Brady,QB,37.68
17,414.l.921976.t.15,414.p.31928,Dawson Knox,TE,0.0
17,414.l.921976.t.15,414.p.31010,Courtland Sutton,WR,6.4
17,414.l.921976.t.15,414.p.32785,Harrison Bryant,TE,2.9
17,414.l.921976.t.15,414.p.33998,Wan'Dale Robinson,WR,0.0
17,414.l.921976.t.15,414.p.33138,James Robinson,RB,0.0
17,414.l.921976.t.15,414.p.32231,Jakobi Meyers,WR,13.9
17,414.l.921976.t.15,414.p.33537,Evan McPherson,K,0.0
17,414.l.921976.t.15,414.p.100027,Buccaneers,DEF,8.0
17,414.l.921976.t.10,414.p.30971,Baker Mayfield,QB,4.08
17,414.l.921976.t.10,414.p.32692,Justin Jefferson,WR,2.0
17,414.l.921976.t.10,414.p.33393,Ja'Marr Chase,WR,0.0
17,414.l.921976.t.10,414.p.26804,Latavius Murray,RB,9.2
17,414.l.921976.t.10,414.p.34047,Rachaad White,RB,7.3
17,414.l.921976.t.10,414.p.30259,George Kittle,TE,10.3
17,414.l.921976.t.10,414.p.33965,Garrett Wilson,WR,3.3
17,414.l.921976.t.10,414.p.33973,Treylon Burks,WR,10.6
17,414.l.921976.t.10,414.p.34042,Malik Willis,QB,0.0
17,414.l.921976.t.10,414.p.33495,Michael Carter,RB,1.5
17,414.l.921976.t.10,414.p.29325,Jacoby Brissett,QB,0.2
17,414.l.921976.t.10,414.p.33477,Nico Collins,WR,0.0
17,414.l.921976.t.10,414.p.30551,Kendrick Bourne,WR,2.3
17,414.l.921976.t.10,414.p.34139,Kevin Harris,RB,0.0
17,414.l.921976.t.10,414.p.28378,Jason Myers,K,11.0
17,414.l.921976.t.10,414.p.100016,Vikings,DEF,-1.0
