week,team_key,player_key,player_name,display_position,points
1,461.l.721870.t.14,461.p.40875,Bo Nix,QB,8.84
1,461.l.721870.t.14,461.p.40041,Jaxon Smith-Njigba,WR,14.9
1,461.l.721870.t.14,461.p.40892,Ricky Pearsall,WR,12.8
1,461.l.721870.t.14,461.p.40196,Chase Brown,RB,12.1
1,461.l.721870.t.14,461.p.34112,Jerome Ford,RB,1.0
1,461.l.721870.t.14,461.p.30259,George Kittle,TE,10.5
1,461.l.721870.t.14,461.p.41804,Emeka Egbuka,WR,21.6
1,461.l.721870.t.14,461.p.33389,Trevor Lawrence,QB,11.32
1,461.l.721870.t.14,461.p.40901,Rome Odunze,WR,12.7
1,461.l.721870.t.14,461.p.42010,Jacory Croskey-Merritt,RB,14.2
1,461.l.721870.t.14,461.p.40962,Blake Corum,RB,2.1
1,461.l.721870.t.14,461.p.40095,Tank Bigsby,RB,1.2
1,461.l.721870.t.14,461.p.41922,Cam Skattebo,RB,1.9
1,461.l.721870.t.14,461.p.34107,Tyler Allgeier,RB,2.4
1,461.l.721870.t.14,461.p.40819,Brandon Aubrey,K,11.0
1,461.l.721870.t.14,461.p.100023,Steelers,DEF,4.0
1,461.l.721870.t.8,461.p.32675,Tua Tagovailoa,QB,7.26
1,461.l.721870.t.8,461.p.34007,George Pickens,WR,4.5
1,461.l.721870.t.8,461.p.32685,Jerry Jeudy,WR,9.1
1,461.l.721870.t.8,461.p.31856,Josh Jacobs,RB,13.5
1,461.l.721870.t.8,461.p.33991,Breece Hall,RB,15.5
1,461.l.721870.t.8,461.p.30213,Jonnu Smith,TE,10.0
1,461.l.721870.t.8,461.p.31868,Deebo Samuel,WR,19.1
1,461.l.721870.t.8,461.p.32676,Justin Herbert,QB,27.92
1,461.l.721870.t.8,461.p.28592,Darren Waller,TE,0.0
1,461.l.721870.t.8,461.p.33423,Javonte Williams,RB,19.4
1,461.l.721870.t.8,461.p.40905,J.J. McCarthy,QB,22.22
1,461.l.721870.t.8,461.p.32695,Brandon Aiyuk,WR,0.0
1,461.l.721870.t.8,461.p.31005,Nick Chubb,RB,6.0
1,461.l.721870.t.8,461.p.41969,Ollie Gordon II,RB,0.8
1,461.l.721870.t.8,461.p.40835,Jake Bates,K,7.0
1,461.l.721870.t.8,461.p.100015,Dolphins,DEF,1.0
1,461.l.721870.t.3,461.p.30977,Josh Allen,QB,38.76
1,461.l.721870.t.3,461.p.32887,Jauan Jennings,WR,2.6
1,461.l.721870.t.3,461.p.34104,Khalil Shakir,WR,9.4
1,461.l.721870.t.3,461.p.40055,Bijan Robinson,RB,21.4
1,461.l.721870.t.3,461.p.40993,Bucky Irving,RB,12.5
1,461.l.721870.t.3,461.p.34099,Chig Okonkwo,TE,3.4
1,461.l.721870.t.3,461.p.26699,Keenan Allen,WR,16.3
1,461.l.721870.t.3,461.p.40889,Michael Penix Jr.,QB,24.02
1,461.l.721870.t.3,461.p.40890,Xavier Legette,WR,2.5
1,461.l.721870.t.3,461.p.41904,Elic Ayomanor,WR,2.3
1,461.l.721870.t.3,461.p.41865,Isaac TeSlaa,WR,7.8
1,461.l.721870.t.3,461.p.41919,Jarquez Hunter,RB,0.0
1,461.l.721870.t.3,461.p.41983,Tahj Brooks,RB,0.0
1,461.l.721870.t.3,461.p.40915,Adonai Mitchell,WR,3.1
1,461.l.721870.t.3,461.p.41093,Will Reichard,K,9.0
1,461.l.721870.t.3,461.p.100028,Commanders,DEF,11.0
1,461.l.721870.t.12,461.p.31833,Kyler Murray,QB,18.32
1,461.l.721870.t.12,461.p.33963,Drake London,WR,9.5
1,461.l.721870.t.12,461.p.41793,Tetairoa McMillan,WR,9.3
1,461.l.721870.t.12,461.p.30121,Christian McCaffrey,RB,18.7
1,461.l.721870.t.12,461.p.34120,Kyren Williams,RB,13.4
1,461.l.721870.t.12,461.p.40878,Brock Bowers,TE,12.8
1,461.l.721870.t.12,461.p.41048,Tyrone Tracy Jr.,RB,4.5
1,461.l.721870.t.12,461.p.30142,David Njoku,TE,5.2
1,461.l.721870.t.12,461.p.41825,Tyler Shough,QB,0.0
1,461.l.721870.t.12,461.p.40980,Ray Davis,RB,0.6
1,461.l.721870.t.12,461.p.33998,Wan'Dale Robinson,WR,8.5
1,461.l.721870.t.12,461.p.34088,Romeo Doubs,WR,7.8
1,461.l.721870.t.12,461.p.41902,Woody Marks,RB,0.3
1,461.l.721870.t.12,461.p.41952,Tory Horton,WR,0.0
1,461.l.721870.t.12,461.p.30346,Harrison Butker,K,8.0
1,461.l.721870.t.12,461.p.100007,Broncos,DEF,15.0
1,461.l.721870.t.5,461.p.40881,Drake Maye,QB,16.28
1,461.l.721870.t.5,461.p.33393,Ja'Marr Chase,WR,3.6
1,461.l.721870.t.5,461.p.41808,Matthew Golden,WR,2.6
1,461.l.721870.t.5,461.p.31960,Tony Pollard,RB,7.4
1,461.l.721870.t.5,461.p.32725,J.K. Dobbins,RB,13.8
1,461.l.721870.t.5,461.p.30136,Evan Engram,TE,3.6
1,461.l.721870.t.5,461.p.40075,Zach Charbonnet,RB,10.7
1,461.l.721870.t.5,461.p.29369,Dak Prescott,QB,7.82
1,461.l.721870.t.5,461.p.41002,Will Shipley,RB,2.6
1,461.l.721870.t.5,461.p.33465,Joshua Palmer,WR,8.6
1,461.l.721870.t.5,461.p.40093,Cedric Tillman,WR,13.7
1,461.l.721870.t.5,461.p.34063,Dameon Pierce,RB,0.5
1,461.l.721870.t.5,461.p.41835,Elijah Arroyo,TE,1.2
1,461.l.721870.t.5,461.p.28457,Tyler Lockett,WR,0.0
1,461.l.721870.t.5,461.p.41062,Cam Little,K,15.0
1,461.l.721870.t.5,461.p.100017,Patriots,DEF,7.0
1,461.l.721870.t.6,461.p.30973,Sam Darnold,QB,5.4
1,461.l.721870.t.6,461.p.31883,A.J. Brown,WR,1.3
1,461.l.721870.t.6,461.p.27581,Davante Adams,WR,7.1
1,461.l.721870.t.6,461.p.32711,Jonathan Taylor,RB,11.3
1,461.l.721870.t.6,461.p.34019,James Cook III,RB,18.7
1,461.l.721870.t.6,461.p.26686,Travis Kelce,TE,11.7
1,461.l.721870.t.6,461.p.33967,Jameson Williams,WR,4.6
1,461.l.721870.t.6,461.p.34447,Jaylen Warren,RB,12.9
1,461.l.721870.t.6,461.p.31056,Mark Andrews,TE,1.0
1,461.l.721870.t.6,461.p.40040,Anthony Richardson Sr.,QB,0.0
1,461.l.721870.t.6,461.p.25812,Kirk Cousins,QB,0.0
1,461.l.721870.t.6,461.p.40126,Josh Downs,WR,2.2
1,461.l.721870.t.6,461.p.41907,Dylan Sampson,RB,13.3
1,461.l.721870.t.6,461.p.33989,Christian Watson,WR,0.0
1,461.l.721870.t.6,461.p.34344,Cameron Dicker,K,9.0
1,461.l.721870.t.6,461.p.100021,Eagles,DEF,4.0
1,461.l.721870.t.15,461.p.40900,Caleb Williams,QB,24.2
1,461.l.721870.t.15,461.p.29399,Tyreek Hill,WR,6.0
1,461.l.721870.t.15,461.p.33394,Jaylen Waddle,WR,5.0
1,461.l.721870.t.15,461.p.30218,James Conner,RB,12.4
1,461.l.721870.t.15,461.p.41845,RJ Harvey,RB,7.4
1,461.l.721870.t.15,461.p.26658,Zach Ertz,TE,10.1
1,461.l.721870.t.15,461.p.31908,Terry McLaurin,WR,3.7
1,461.l.721870.t.15,461.p.30123,Patrick Mahomes,QB,26.02
1,461.l.721870.t.15,461.p.32843,Darnell Mooney,WR,0.0
1,461.l.721870.t.15,461.p.40042,Jordan Addison,WR,0.0
1,461.l.721870.t.15,461.p.33100,Rico Dowdle,RB,2.6
1,461.l.721870.t.15,461.p.41293,Jalen Coker,WR,0.0
1,461.l.721870.t.15,461.p.40995,Ja'Tavion Sanders,TE,3.7
1,461.l.721870.t.15,461.p.29325,Jacoby Brissett,QB,0.0
1,461.l.721870.t.15,461.p.40159,Chad Ryland,K,10.0
1,461.l.721870.t.15,461.p.100004,Bengals,DEF,8.0
1,461.l.721870.t.4,461.p.31002,Lamar Jackson,QB,29.36
1,461.l.721870.t.4,461.p.32231,Jakobi Meyers,WR,13.7
1,461.l.721870.t.4,461.p.40877,Xavier Worthy,WR,0.0
1,461.l.721870.t.4,461.p.33514,Chuba Hubbard,RB,16.4
1,461.l.721870.t.4,461.p.34320,Jordan Mason,RB,8.0
1,461.l.721870.t.4,461.p.41799,Tyler Warren,TE,11.4
1,461.l.721870.t.4,461.p.40039,Zay Flowers,WR,24.6
1,461.l.721870.t.4,461.p.32671,Joe Burrow,QB,8.82
1,461.l.721870.t.4,461.p.30182,Cooper Kupp,WR,2.5
1,461.l.721870.t.4,461.p.99001,Travis Hunter,WR,6.3
1,461.l.721870.t.4,461.p.40981,Braelon Allen,RB,6.9
1,461.l.721870.t.4,461.p.40119,Tyjae Spears,RB,0.0
1,461.l.721870.t.4,461.p.30788,Cooper Rush,QB,0.0
1,461.l.721870.t.4,461.p.28188,Chris Boswell,K,14.0
1,461.l.721870.t.4,461.p.100022,Cardinals,DEF,6.0
1,461.l.721870.t.4,461.p.100025,49ers,DEF,9.0
1,461.l.721870.t.10,461.p.25785,Russell Wilson,QB,11.12
1,461.l.721870.t.10,461.p.40899,Malik Nabers,WR,9.6
1,461.l.721870.t.10,461.p.31896,DK Metcalf,WR,10.3
1,461.l.721870.t.10,461.p.41823,TreVeyon Henderson,RB,8.1
1,461.l.721870.t.10,461.p.41881,Kaleb Johnson,RB,-0.2
1,461.l.721870.t.10,461.p.40064,Sam LaPorta,TE,10.9
1,461.l.721870.t.10,461.p.30996,Calvin Ridley,WR,4.7
1,461.l.721870.t.10,461.p.29235,Jared Goff,QB,11.9
1,461.l.721870.t.10,461.p.41043,Spencer Rattler,QB,11.46
1,461.l.721870.t.10,461.p.40084,Rashee Rice,WR,0.0
1,461.l.721870.t.10,461.p.33413,Travis Etienne Jr.,RB,17.1
1,461.l.721870.t.10,461.p.40958,Trey Benson,RB,8.0
1,461.l.721870.t.10,461.p.40911,Keon Coleman,WR,21.2
1,461.l.721870.t.10,461.p.42025,Kyle Monangai,RB,1.6
1,461.l.721870.t.10,461.p.31977,Matt Gay,K,3.0
1,461.l.721870.t.10,461.p.100024,Chargers,DEF,2.0
1,461.l.721870.t.16,461.p.40896,Jayden Daniels,QB,20.12
1,461.l.721870.t.16,461.p.40883,Brian Thomas Jr.,WR,8.5
1,461.l.721870.t.16,461.p.30994,DJ Moore,WR,7.1
1,461.l.721870.t.16,461.p.40059,Jahmyr Gibbs,RB,10.0
1,461.l.721870.t.16,461.p.30423,Austin Ekeler,RB,7.2
1,461.l.721870.t.16,461.p.40048,Dalton Kincaid,TE,12.8
1,461.l.721870.t.16,461.p.31857,Hollywood Brown,WR,14.9
1,461.l.721870.t.16,461.p.31838,Daniel Jones,QB,29.48
1,461.l.721870.t.16,461.p.33412,Najee Harris,RB,1.5
1,461.l.721870.t.16,461.p.41935,Jaydon Blue,RB,0.0
1,461.l.721870.t.16,461.p.41930,Shedeur Sanders,QB,0.0
1,461.l.721870.t.16,461.p.41861,Dillon Gabriel,QB,0.0
1,461.l.721870.t.16,461.p.34095,Isaiah Likely,TE,0.0
1,461.l.721870.t.16,461.p.34008,Alec Pierce,WR,4.1
1,461.l.721870.t.16,461.p.32417,Chase McLaughlin,K,2.0
1,461.l.721870.t.16,461.p.100008,Lions,DEF,0.0
1,461.l.721870.t.1,461.p.30971,Baker Mayfield,QB,22.58
1,461.l.721870.t.1,461.p.40908,Ladd McConkey,WR,10.4
1,461.l.721870.t.1,461.p.28534,Stefon Diggs,WR,8.7
1,461.l.721870.t.1,461.p.41791,Ashton Jeanty,RB,11.0
1,461.l.721870.t.1,461.p.40118,De'Von Achane,RB,15.0
1,461.l.721870.t.1,461.p.33392,Kyle Pitts Sr.,TE,9.4
1,461.l.721870.t.1,461.p.33966,Chris Olave,WR,8.9
1,461.l.721870.t.1,461.p.8795,Joe Flacco,QB,14.2
1,461.l.721870.t.1,461.p.41810,Jaxson Dart,QB,0.0
1,461.l.721870.t.1,461.p.34054,Brian Robinson Jr.,RB,4.2
1,461.l.721870.t.1,461.p.30161,Joe Mixon,RB,0.0
1,461.l.721870.t.1,461.p.40222,DeMario Douglas,WR,7.2
1,461.l.721870.t.1,461.p.40162,Roschon Johnson,RB,0.0
1,461.l.721870.t.1,461.p.31107,Dalton Schultz,TE,4.3
1,461.l.721870.t.1,461.p.29754,Wil Lutz,K,8.0
1,461.l.721870.t.1,461.p.100002,Bills,DEF,0.0
1,461.l.721870.t.7,461.p.32723,Jalen Hurts,QB,24.28
1,461.l.721870.t.7,461.p.33398,DeVonta Smith,WR,3.1
1,461.l.721870.t.7,461.p.33965,Garrett Wilson,WR,19.0
1,461.l.721870.t.7,461.p.29279,Derrick Henry,RB,28.7
1,461.l.721870.t.7,461.p.31905,David Montgomery,RB,6.3
1,461.l.721870.t.7,461.p.31019,Dallas Goedert,TE,7.9
1,461.l.721870.t.7,461.p.41795,Colston Loveland,TE,2.2
1,461.l.721870.t.7,461.p.9265,Matthew Stafford,QB,13.6
1,461.l.721870.t.7,461.p.28654,Raheem Mostert,RB,0.0
1,461.l.721870.t.7,461.p.41010,Jaylen Wright,RB,0.0
1,461.l.721870.t.7,461.p.33538,Kenneth Gainwell,RB,3.8
1,461.l.721870.t.7,461.p.41892,Dont'e Thornton Jr.,WR,5.5
1,461.l.721870.t.7,461.p.31874,Drew Lock,QB,0.0
1,461.l.721870.t.7,461.p.40051,Quentin Johnston,WR,22.4
1,461.l.721870.t.7,461.p.30266,Jake Elliott,K,8.0
1,461.l.721870.t.7,461.p.100009,Packers,DEF,11.0
1,461.l.721870.t.11,461.p.26662,Geno Smith,QB,18.48
1,461.l.721870.t.11,461.p.33477,Nico Collins,WR,4.0
1,461.l.721870.t.11,461.p.40168,Puka Nacua,WR,18.1
1,461.l.721870.t.11,461.p.41900,Bhayshul Tuten,RB,1.1
1,461.l.721870.t.11,461.p.33508,Rhamondre Stevenson,RB,3.7
1,461.l.721870.t.11,461.p.34010,Trey McBride,TE,9.1
1,461.l.721870.t.11,461.p.32703,Tee Higgins,WR,4.8
1,461.l.721870.t.11,461.p.41786,Cam Ward,QB,2.48
1,461.l.721870.t.11,461.p.34659,Rashid Shaheed,WR,6.3
1,461.l.721870.t.11,461.p.31017,Christian Kirk,WR,0.0
1,461.l.721870.t.11,461.p.41824,Luther Burden III,WR,0.2
1,461.l.721870.t.11,461.p.41821,Quinshon Judkins,RB,0.0
1,461.l.721870.t.11,461.p.41840,Tre' Harris,WR,1.6
1,461.l.721870.t.11,461.p.31012,Mike Gesicki,TE,1.9
1,461.l.721870.t.11,461.p.33537,Evan McPherson,K,5.0
1,461.l.721870.t.11,461.p.100020,Jets,DEF,4.0
1,461.l.721870.t.13,461.p.40030,C.J. Stroud,QB,9.72
1,461.l.721870.t.13,461.p.32692,Justin Jefferson,WR,12.8
1,461.l.721870.t.13,461.p.40893,Marvin Harrison Jr.,WR,15.6
1,461.l.721870.t.13,461.p.41807,Omarion Hampton,RB,7.1
1,461.l.721870.t.13,461.p.30180,Alvin Kamara,RB,12.7
1,461.l.721870.t.13,461.p.31840,T.J. Hockenson,TE,3.0
1,461.l.721870.t.13,461.p.31010,Courtland Sutton,WR,15.1
1,461.l.721870.t.13,461.p.40029,Bryce Young,QB,10.16
1,461.l.721870.t.13,461.p.32705,D'Andre Swift,RB,8.0
1,461.l.721870.t.13,461.p.32704,Michael Pittman Jr.,WR,17.0
1,461.l.721870.t.13,461.p.40063,Jayden Reed,WR,12.0
1,461.l.721870.t.13,461.p.30197,Chris Godwin Jr.,WR,0.0
1,461.l.721870.t.13,461.p.30199,Kareem Hunt,RB,3.6
1,461.l.721870.t.13,461.p.41827,Mason Taylor,TE,2.5
1,461.l.721870.t.13,461.p.29792,Ka'imi Fairbairn,K,14.0
1,461.l.721870.t.13,461.p.100016,Vikings,DEF,6.0
1,461.l.721870.t.2,461.p.32696,Jordan Love,QB,15.92
1,461.l.721870.t.2,461.p.32687,CeeDee Lamb,WR,14.5
1,461.l.721870.t.2,461.p.33500,Amon-Ra St. Brown,WR,6.5
1,461.l.721870.t.2,461.p.34207,Isiah Pacheco,RB,3.8
1,461.l.721870.t.2,461.p.30295,Aaron Jones Sr.,RB,14.2
1,461.l.721870.t.2,461.p.29269,Hunter Henry,TE,8.6
1,461.l.721870.t.2,461.p.40090,Marvin Mims Jr.,WR,0.7
1,461.l.721870.t.2,461.p.33399,Justin Fields,QB,29.52
1,461.l.721870.t.2,461.p.40231,Chris Rodriguez Jr.,RB,0.0
1,461.l.721870.t.2,461.p.41864,Kyle Williams,WR,1.7
1,461.l.721870.t.2,461.p.41860,Pat Bryant,WR,0.0
1,461.l.721870.t.2,461.p.41877,Harold Fannin Jr.,TE,10.1
1,461.l.721870.t.2,461.p.40742,Sean Tucker,RB,0.2
1,461.l.721870.t.2,461.p.24967,Tyrod Taylor,QB,0.0
1,461.l.721870.t.2,461.p.41988,Tyler Loop,K,10.0
1,461.l.721870.t.2,461.p.100012,Chiefs,DEF,3.0
1,461.l.721870.t.9,461.p.34218,Brock Purdy,QB,18.78
1,461.l.721870.t.9,461.p.27535,Mike Evans,WR,7.6
1,461.l.721870.t.9,461.p.33415,Rashod Bateman,WR,2.0
1,461.l.721870.t.9,461.p.30972,Saquon Barkley,RB,16.4
1,461.l.721870.t.9,461.p.33996,Kenneth Walker III,RB,3.9
1,461.l.721870.t.9,461.p.40102,Tucker Kraft,TE,8.9
1,461.l.721870.t.9,461.p.27277,Adam Thielen,WR,2.0
1,461.l.721870.t.9,461.p.7200,Aaron Rodgers,QB,25.66
1,461.l.721870.t.9,461.p.34047,Rachaad White,RB,2.1
1,461.l.721870.t.9,461.p.41819,Jayden Higgins,WR,4.2
1,461.l.721870.t.9,461.p.40078,Brenton Strange,TE,7.9
1,461.l.721870.t.9,461.p.40998,Isaac Guerendo,RB,0.0
1,461.l.721870.t.9,461.p.41937,DJ Giddens,RB,4.1
1,461.l.721870.t.9,461.p.31046,Mason Rudolph,QB,0.0
1,461.l.721870.t.9,461.p.32858,Tyler Bass,K,0.0
1,461.l.721870.t.9,461.p.100014,Rams,DEF,11.0
2,461.l.721870.t.14,461.p.40875,Bo Nix,QB,21.24
2,461.l.721870.t.14,461.p.40041,Jaxon Smith-Njigba,WR,14.3
2,461.l.721870.t.14,461.p.40892,Ricky Pearsall,WR,7.2
2,461.l.721870.t.14,461.p.40196,Chase Brown,RB,7.5
2,461.l.721870.t.14,461.p.42010,Jacory Croskey-Merritt,RB,1.7
2,461.l.721870.t.14,461.p.33443,Pat Freiermuth,TE,4.6
2,461.l.721870.t.14,461.p.41804,Emeka Egbuka,WR,10.9
2,461.l.721870.t.14,461.p.33389,Trevor Lawrence,QB,21.24
2,461.l.721870.t.14,461.p.34112,Jerome Ford,RB,7.9
2,461.l.721870.t.14,461.p.30259,George Kittle,TE,0.0
2,461.l.721870.t.14,461.p.40901,Rome Odunze,WR,28.3
2,461.l.721870.t.14,461.p.40962,Blake Corum,RB,10.4
2,461.l.721870.t.14,461.p.41922,Cam Skattebo,RB,12.9
2,461.l.721870.t.14,461.p.34107,Tyler Allgeier,RB,14.5
2,461.l.721870.t.14,461.p.40819,Brandon Aubrey,K,22.0
2,461.l.721870.t.14,461.p.100023,Steelers,DEF,7.0
2,461.l.721870.t.8,461.p.40905,J.J. McCarthy,QB,4.82
2,461.l.721870.t.8,461.p.34007,George Pickens,WR,15.3
2,461.l.721870.t.8,461.p.31868,Deebo Samuel,WR,13.9
2,461.l.721870.t.8,461.p.31856,Josh Jacobs,RB,14.4
2,461.l.721870.t.8,461.p.33991,Breece Hall,RB,4.8
2,461.l.721870.t.8,461.p.30213,Jonnu Smith,TE,4.7
2,461.l.721870.t.8,461.p.33423,Javonte Williams,RB,22.0
2,461.l.721870.t.8,461.p.32676,Justin Herbert,QB,18.78
2,461.l.721870.t.8,461.p.32675,Tua Tagovailoa,QB,19.6
2,461.l.721870.t.8,461.p.32685,Jerry Jeudy,WR,7.1
2,461.l.721870.t.8,461.p.28592,Darren Waller,TE,0.0
2,461.l.721870.t.8,461.p.32695,Brandon Aiyuk,WR,0.0
2,461.l.721870.t.8,461.p.31005,Nick Chubb,RB,14.2
2,461.l.721870.t.8,461.p.41969,Ollie Gordon II,RB,1.8
2,461.l.721870.t.8,461.p.40835,Jake Bates,K,10.0
2,461.l.721870.t.8,461.p.100015,Dolphins,DEF,9.0
2,461.l.721870.t.3,461.p.30977,Josh Allen,QB,11.82
2,461.l.721870.t.3,461.p.34104,Khalil Shakir,WR,1.7
2,461.l.721870.t.3,461.p.40224,Kayshon Boutte,WR,8.1
2,461.l.721870.t.3,461.p.40055,Bijan Robinson,RB,18.3
2,461.l.721870.t.3,461.p.40993,Bucky Irving,RB,15.1
2,461.l.721870.t.3,461.p.33113,Juwan Johnson,TE,13.4
2,461.l.721870.t.3,461.p.26699,Keenan Allen,WR,14.6
2,461.l.721870.t.3,461.p.40889,Michael Penix Jr.,QB,5.3
2,461.l.721870.t.3,461.p.32887,Jauan Jennings,WR,17.4
2,461.l.721870.t.3,461.p.40890,Xavier Legette,WR,0.3
2,461.l.721870.t.3,461.p.41904,Elic Ayomanor,WR,13.6
2,461.l.721870.t.3,461.p.41865,Isaac TeSlaa,WR,3.4
2,461.l.721870.t.3,461.p.31885,Miles Sanders,RB,8.9
2,461.l.721870.t.3,461.p.33403,Mac Jones,QB,21.76
2,461.l.721870.t.3,461.p.41093,Will Reichard,K,8.0
2,461.l.721870.t.3,461.p.100033,Ravens,DEF,17.0
2,461.l.721870.t.12,461.p.31833,Kyler Murray,QB,15.0
2,461.l.721870.t.12,461.p.33963,Drake London,WR,4.4
2,461.l.721870.t.12,461.p.41793,Tetairoa McMillan,WR,13.0
2,461.l.721870.t.12,461.p.30121,Christian McCaffrey,RB,19.7
2,461.l.721870.t.12,461.p.34120,Kyren Williams,RB,9.0
2,461.l.721870.t.12,461.p.40878,Brock Bowers,TE,6.3
2,461.l.721870.t.12,461.p.41048,Tyrone Tracy Jr.,RB,7.1
2,461.l.721870.t.12,461.p.30142,David Njoku,TE,6.0
2,461.l.721870.t.12,461.p.41825,Tyler Shough,QB,0.0
2,461.l.721870.t.12,461.p.40980,Ray Davis,RB,2.4
2,461.l.721870.t.12,461.p.33998,Wan'Dale Robinson,WR,24.2
2,461.l.721870.t.12,461.p.34088,Romeo Doubs,WR,10.3
2,461.l.721870.t.12,461.p.40108,Kendre Miller,RB,1.5
2,461.l.721870.t.12,461.p.40121,Michael Wilson,WR,7.6
2,461.l.721870.t.12,461.p.30346,Harrison Butker,K,7.0
2,461.l.721870.t.12,461.p.100007,Broncos,DEF,3.0
2,461.l.721870.t.5,461.p.29369,Dak Prescott,QB,23.14
2,461.l.721870.t.5,461.p.33393,Ja'Marr Chase,WR,29.5
2,461.l.721870.t.5,461.p.41808,Matthew Golden,WR,1.5
2,461.l.721870.t.5,461.p.31960,Tony Pollard,RB,9.2
2,461.l.721870.t.5,461.p.32725,J.K. Dobbins,RB,15.0
2,461.l.721870.t.5,461.p.30136,Evan Engram,TE,1.7
2,461.l.721870.t.5,461.p.40075,Zach Charbonnet,RB,1.0
2,461.l.721870.t.5,461.p.40881,Drake Maye,QB,26.3
2,461.l.721870.t.5,461.p.40093,Cedric Tillman,WR,9.2
2,461.l.721870.t.5,461.p.41002,Will Shipley,RB,0.0
2,461.l.721870.t.5,461.p.33465,Joshua Palmer,WR,5.7
2,461.l.721870.t.5,461.p.34063,Dameon Pierce,RB,0.0
2,461.l.721870.t.5,461.p.41835,Elijah Arroyo,TE,4.1
2,461.l.721870.t.5,461.p.34094,Calvin Austin III,WR,2.7
2,461.l.721870.t.5,461.p.41062,Cam Little,K,10.0
2,461.l.721870.t.5,461.p.100017,Patriots,DEF,15.0
2,461.l.721870.t.6,461.p.30973,Sam Darnold,QB,17.8
2,461.l.721870.t.6,461.p.31883,A.J. Brown,WR,5.2
2,461.l.721870.t.6,461.p.27581,Davante Adams,WR,19.6
2,461.l.721870.t.6,461.p.32711,Jonathan Taylor,RB,28.5
2,461.l.721870.t.6,461.p.34019,James Cook III,RB,26.0
2,461.l.721870.t.6,461.p.26686,Travis Kelce,TE,8.1
2,461.l.721870.t.6,461.p.33967,Jameson Williams,WR,17.8
2,461.l.721870.t.6,461.p.34447,Jaylen Warren,RB,15.4
2,461.l.721870.t.6,461.p.31056,Mark Andrews,TE,0.9
2,461.l.721870.t.6,461.p.40040,Anthony Richardson Sr.,QB,0.0
2,461.l.721870.t.6,461.p.25812,Kirk Cousins,QB,0.0
2,461.l.721870.t.6,461.p.40126,Josh Downs,WR,8.1
2,461.l.721870.t.6,461.p.41907,Dylan Sampson,RB,9.4
2,461.l.721870.t.6,461.p.33989,Christian Watson,WR,0.0
2,461.l.721870.t.6,461.p.34344,Cameron Dicker,K,8.0
2,461.l.721870.t.6,461.p.100021,Eagles,DEF,6.0
2,461.l.721870.t.15,461.p.40900,Caleb Williams,QB,17.98
2,461.l.721870.t.15,461.p.29399,Tyreek Hill,WR,13.9
2,461.l.721870.t.15,461.p.33394,Jaylen Waddle,WR,15.3
2,461.l.721870.t.15,461.p.30218,James Conner,RB,11.7
2,461.l.721870.t.15,461.p.41845,RJ Harvey,RB,2.9
2,461.l.721870.t.15,461.p.26658,Zach Ertz,TE,15.4
2,461.l.721870.t.15,461.p.31908,Terry McLaurin,WR,7.3
2,461.l.721870.t.15,461.p.30123,Patrick Mahomes,QB,23.08
2,461.l.721870.t.15,461.p.32843,Darnell Mooney,WR,3.0
2,461.l.721870.t.15,461.p.40042,Jordan Addison,WR,0.0
2,461.l.721870.t.15,461.p.33100,Rico Dowdle,RB,2.4
2,461.l.721870.t.15,461.p.41293,Jalen Coker,WR,0.0
2,461.l.721870.t.15,461.p.40995,Ja'Tavion Sanders,TE,8.9
2,461.l.721870.t.15,461.p.29325,Jacoby Brissett,QB,0.2
2,461.l.721870.t.15,461.p.40159,Chad Ryland,K,10.0
2,461.l.721870.t.15,461.p.100004,Bengals,DEF,6.0
2,461.l.721870.t.4,461.p.31002,Lamar Jackson,QB,26.3
2,461.l.721870.t.4,461.p.32231,Jakobi Meyers,WR,9.8
2,461.l.721870.t.4,461.p.99001,Travis Hunter,WR,3.7
2,461.l.721870.t.4,461.p.33514,Chuba Hubbard,RB,16.2
2,461.l.721870.t.4,461.p.34320,Jordan Mason,RB,4.8
2,461.l.721870.t.4,461.p.41799,Tyler Warren,TE,9.9
2,461.l.721870.t.4,461.p.40039,Zay Flowers,WR,11.4
2,461.l.721870.t.4,461.p.32671,Joe Burrow,QB,7.04
2,461.l.721870.t.4,461.p.40877,Xavier Worthy,WR,0.0
2,461.l.721870.t.4,461.p.30182,Cooper Kupp,WR,12.5
2,461.l.721870.t.4,461.p.40981,Braelon Allen,RB,1.1
2,461.l.721870.t.4,461.p.40119,Tyjae Spears,RB,0.0
2,461.l.721870.t.4,461.p.30788,Cooper Rush,QB,-0.4
2,461.l.721870.t.4,461.p.28188,Chris Boswell,K,12.0
2,461.l.721870.t.4,461.p.100025,49ers,DEF,6.0
2,461.l.721870.t.4,461.p.100011,Colts,DEF,2.0
2,461.l.721870.t.10,461.p.25785,Russell Wilson,QB,31.3
2,461.l.721870.t.10,461.p.40899,Malik Nabers,WR,33.2
2,461.l.721870.t.10,461.p.31896,DK Metcalf,WR,9.5
2,461.l.721870.t.10,461.p.41823,TreVeyon Henderson,RB,5.0
2,461.l.721870.t.10,461.p.33413,Travis Etienne Jr.,RB,15.9
2,461.l.721870.t.10,461.p.40064,Sam LaPorta,TE,4.1
2,461.l.721870.t.10,461.p.40911,Keon Coleman,WR,4.1
2,461.l.721870.t.10,461.p.29235,Jared Goff,QB,33.96
2,461.l.721870.t.10,461.p.30996,Calvin Ridley,WR,7.2
2,461.l.721870.t.10,461.p.41881,Kaleb Johnson,RB,0.1
2,461.l.721870.t.10,461.p.41043,Spencer Rattler,QB,21.68
2,461.l.721870.t.10,461.p.40084,Rashee Rice,WR,0.0
2,461.l.721870.t.10,461.p.40958,Trey Benson,RB,6.4
2,461.l.721870.t.10,461.p.42025,Kyle Monangai,RB,4.1
2,461.l.721870.t.10,461.p.31977,Matt Gay,K,6.0
2,461.l.721870.t.10,461.p.100024,Chargers,DEF,15.0
2,461.l.721870.t.16,461.p.40896,Jayden Daniels,QB,19.7
2,461.l.721870.t.16,461.p.40883,Brian Thomas Jr.,WR,6.9
2,461.l.721870.t.16,461.p.30994,DJ Moore,WR,7.1
2,461.l.721870.t.16,461.p.40059,Jahmyr Gibbs,RB,17.9
2,461.l.721870.t.16,461.p.30423,Austin Ekeler,RB,3.4
2,461.l.721870.t.16,461.p.40048,Dalton Kincaid,TE,5.7
2,461.l.721870.t.16,461.p.31857,Hollywood Brown,WR,5.5
2,461.l.721870.t.16,461.p.31838,Daniel Jones,QB,22.84
2,461.l.721870.t.16,461.p.33412,Najee Harris,RB,5.8
2,461.l.721870.t.16,461.p.41935,Jaydon Blue,RB,0.0
2,461.l.721870.t.16,461.p.41930,Shedeur Sanders,QB,0.0
2,461.l.721870.t.16,461.p.41861,Dillon Gabriel,QB,4.76
2,461.l.721870.t.16,461.p.34008,Alec Pierce,WR,8.8
2,461.l.721870.t.16,461.p.31945,Justice Hill,RB,4.0
2,461.l.721870.t.16,461.p.32417,Chase McLaughlin,K,1.0
2,461.l.721870.t.16,461.p.100008,Lions,DEF,10.0
2,461.l.721870.t.1,461.p.30971,Baker Mayfield,QB,19.9
2,461.l.721870.t.1,461.p.40908,Ladd McConkey,WR,7.3
2,461.l.721870.t.1,461.p.28534,Stefon Diggs,WR,5.2
2,461.l.721870.t.1,461.p.41791,Ashton Jeanty,RB,5.9
2,461.l.721870.t.1,461.p.40118,De'Von Achane,RB,22.2
2,461.l.721870.t.1,461.p.33392,Kyle Pitts Sr.,TE,5.7
2,461.l.721870.t.1,461.p.33966,Chris Olave,WR,8.4
2,461.l.721870.t.1,461.p.8795,Joe Flacco,QB,9.76
2,461.l.721870.t.1,461.p.41810,Jaxson Dart,QB,-0.3
2,461.l.721870.t.1,461.p.34054,Brian Robinson Jr.,RB,2.4
2,461.l.721870.t.1,461.p.30161,Joe Mixon,RB,0.0
2,461.l.721870.t.1,461.p.40222,DeMario Douglas,WR,1.3
2,461.l.721870.t.1,461.p.40162,Roschon Johnson,RB,0.0
2,461.l.721870.t.1,461.p.34085,Jake Ferguson,TE,12.3
2,461.l.721870.t.1,461.p.29754,Wil Lutz,K,3.0
2,461.l.721870.t.1,461.p.100002,Bills,DEF,10.0
2,461.l.721870.t.7,461.p.32723,Jalen Hurts,QB,11.54
2,461.l.721870.t.7,461.p.33398,DeVonta Smith,WR,7.3
2,461.l.721870.t.7,461.p.33965,Garrett Wilson,WR,7.0
2,461.l.721870.t.7,461.p.29279,Derrick Henry,RB,2.3
2,461.l.721870.t.7,461.p.31905,David Montgomery,RB,12.6
2,461.l.721870.t.7,461.p.41795,Colston Loveland,TE,0.0
2,461.l.721870.t.7,461.p.40051,Quentin Johnston,WR,14.4
2,461.l.721870.t.7,461.p.9265,Matthew Stafford,QB,18.32
2,461.l.721870.t.7,461.p.31019,Dallas Goedert,TE,0.0
2,461.l.721870.t.7,461.p.41010,Jaylen Wright,RB,0.0
2,461.l.721870.t.7,461.p.33538,Kenneth Gainwell,RB,5.1
2,461.l.721870.t.7,461.p.41892,Dont'e Thornton Jr.,WR,2.5
2,461.l.721870.t.7,461.p.27590,Jimmy Garoppolo,QB,0.0
2,461.l.721870.t.7,461.p.40095,Tank Bigsby,RB,0.0
2,461.l.721870.t.7,461.p.30266,Jake Elliott,K,12.0
2,461.l.721870.t.7,461.p.100009,Packers,DEF,7.0
2,461.l.721870.t.11,461.p.26662,Geno Smith,QB,6.2
2,461.l.721870.t.11,461.p.33477,Nico Collins,WR,12.7
2,461.l.721870.t.11,461.p.40168,Puka Nacua,WR,23.6
2,461.l.721870.t.11,461.p.41900,Bhayshul Tuten,RB,14.4
2,461.l.721870.t.11,461.p.33508,Rhamondre Stevenson,RB,18.7
2,461.l.721870.t.11,461.p.34010,Trey McBride,TE,10.8
2,461.l.721870.t.11,461.p.32703,Tee Higgins,WR,13.1
2,461.l.721870.t.11,461.p.41786,Cam Ward,QB,9.8
2,461.l.721870.t.11,461.p.34659,Rashid Shaheed,WR,13.2
2,461.l.721870.t.11,461.p.31017,Christian Kirk,WR,0.0
2,461.l.721870.t.11,461.p.41824,Luther Burden III,WR,1.0
2,461.l.721870.t.11,461.p.41821,Quinshon Judkins,RB,8.6
2,461.l.721870.t.11,461.p.41840,Tre' Harris,WR,4.4
2,461.l.721870.t.11,461.p.32018,Ty Johnson,RB,0.6
2,461.l.721870.t.11,461.p.33537,Evan McPherson,K,7.0
2,461.l.721870.t.11,461.p.100020,Jets,DEF,1.0
2,461.l.721870.t.13,461.p.40030,C.J. Stroud,QB,14.98
2,461.l.721870.t.13,461.p.32692,Justin Jefferson,WR,9.6
2,461.l.721870.t.13,461.p.40893,Marvin Harrison Jr.,WR,3.7
2,461.l.721870.t.13,461.p.41807,Omarion Hampton,RB,3.0
2,461.l.721870.t.13,461.p.30180,Alvin Kamara,RB,13.0
2,461.l.721870.t.13,461.p.31840,T.J. Hockenson,TE,1.7
2,461.l.721870.t.13,461.p.31010,Courtland Sutton,WR,1.1
2,461.l.721870.t.13,461.p.40029,Bryce Young,QB,22.32
2,461.l.721870.t.13,461.p.32705,D'Andre Swift,RB,12.4
2,461.l.721870.t.13,461.p.32704,Michael Pittman Jr.,WR,6.0
2,461.l.721870.t.13,461.p.40063,Jayden Reed,WR,0.0
2,461.l.721870.t.13,461.p.30197,Chris Godwin Jr.,WR,0.0
2,461.l.721870.t.13,461.p.30199,Kareem Hunt,RB,3.9
2,461.l.721870.t.13,461.p.41827,Mason Taylor,TE,1.0
2,461.l.721870.t.13,461.p.29792,Ka'imi Fairbairn,K,9.0
2,461.l.721870.t.13,461.p.100022,Cardinals,DEF,14.0
2,461.l.721870.t.2,461.p.32696,Jordan Love,QB,20.88
2,461.l.721870.t.2,461.p.32687,CeeDee Lamb,WR,15.7
2,461.l.721870.t.2,461.p.33500,Amon-Ra St. Brown,WR,34.7
2,461.l.721870.t.2,461.p.34207,Isiah Pacheco,RB,3.4
2,461.l.721870.t.2,461.p.30295,Aaron Jones Sr.,RB,2.3
2,461.l.721870.t.2,461.p.29269,Hunter Henry,TE,1.4
2,461.l.721870.t.2,461.p.30175,JuJu Smith-Schuster,WR,1.0
2,461.l.721870.t.2,461.p.33399,Justin Fields,QB,3.98
2,461.l.721870.t.2,461.p.40090,Marvin Mims Jr.,WR,9.4
2,461.l.721870.t.2,461.p.40231,Chris Rodriguez Jr.,RB,0.0
2,461.l.721870.t.2,461.p.41864,Kyle Williams,WR,0.0
2,461.l.721870.t.2,461.p.41877,Harold Fannin Jr.,TE,7.3
2,461.l.721870.t.2,461.p.40742,Sean Tucker,RB,0.0
2,461.l.721870.t.2,461.p.24967,Tyrod Taylor,QB,8.34
2,461.l.721870.t.2,461.p.41988,Tyler Loop,K,12.0
2,461.l.721870.t.2,461.p.100006,Cowboys,DEF,-3.0
2,461.l.721870.t.9,461.p.7200,Aaron Rodgers,QB,12.42
2,461.l.721870.t.9,461.p.27535,Mike Evans,WR,8.1
2,461.l.721870.t.9,461.p.33415,Rashod Bateman,WR,2.5
2,461.l.721870.t.9,461.p.30972,Saquon Barkley,RB,16.4
2,461.l.721870.t.9,461.p.33996,Kenneth Walker III,RB,18.3
2,461.l.721870.t.9,461.p.40102,Tucker Kraft,TE,21.4
2,461.l.721870.t.9,461.p.27277,Adam Thielen,WR,3.6
2,461.l.721870.t.9,461.p.40078,Brenton Strange,TE,3.2
2,461.l.721870.t.9,461.p.34218,Brock Purdy,QB,0.0
2,461.l.721870.t.9,461.p.34047,Rachaad White,RB,13.6
2,461.l.721870.t.9,461.p.41819,Jayden Higgins,WR,3.3
2,461.l.721870.t.9,461.p.41937,DJ Giddens,RB,0.0
2,461.l.721870.t.9,461.p.31046,Mason Rudolph,QB,0.48
2,461.l.721870.t.9,461.p.31107,Dalton Schultz,TE,4.4
2,461.l.721870.t.9,461.p.32858,Tyler Bass,K,0.0
2,461.l.721870.t.9,461.p.100014,Rams,DEF,8.0
3,461.l.721870.t.14,461.p.40875,Bo Nix,QB,13.42
3,461.l.721870.t.14,461.p.41804,Emeka Egbuka,WR,11.5
3,461.l.721870.t.14,461.p.40901,Rome Odunze,WR,13.7
3,461.l.721870.t.14,461.p.40196,Chase Brown,RB,4.0
3,461.l.721870.t.14,461.p.42010,Jacory Croskey-Merritt,RB,9.6
3,461.l.721870.t.14,461.p.33443,Pat Freiermuth,TE,1.1
3,461.l.721870.t.14,461.p.40041,Jaxon Smith-Njigba,WR,18.1
3,461.l.721870.t.14,461.p.33389,Trevor Lawrence,QB,8.78
3,461.l.721870.t.14,461.p.40892,Ricky Pearsall,WR,15.7
3,461.l.721870.t.14,461.p.34112,Jerome Ford,RB,3.0
3,461.l.721870.t.14,461.p.30259,George Kittle,TE,0.0
3,461.l.721870.t.14,461.p.40962,Blake Corum,RB,5.3
3,461.l.721870.t.14,461.p.41922,Cam Skattebo,RB,21.1
3,461.l.721870.t.14,461.p.34107,Tyler Allgeier,RB,0.9
3,461.l.721870.t.14,461.p.40819,Brandon Aubrey,K,8.0
3,461.l.721870.t.14,461.p.100023,Steelers,DEF,17.0
3,461.l.721870.t.8,461.p.32675,Tua Tagovailoa,QB,13.84
3,461.l.721870.t.8,461.p.34007,George Pickens,WR,15.3
3,461.l.721870.t.8,461.p.31868,Deebo Samuel,WR,3.9
3,461.l.721870.t.8,461.p.31856,Josh Jacobs,RB,9.9
3,461.l.721870.t.8,461.p.33991,Breece Hall,RB,7.2
3,461.l.721870.t.8,461.p.30213,Jonnu Smith,TE,3.8
3,461.l.721870.t.8,461.p.33423,Javonte Williams,RB,9.7
3,461.l.721870.t.8,461.p.32676,Justin Herbert,QB,15.6
3,461.l.721870.t.8,461.p.40905,J.J. McCarthy,QB,0.0
3,461.l.721870.t.8,461.p.32685,Jerry Jeudy,WR,2.2
3,461.l.721870.t.8,461.p.28592,Darren Waller,TE,0.0
3,461.l.721870.t.8,461.p.32695,Brandon Aiyuk,WR,0.0
3,461.l.721870.t.8,461.p.31005,Nick Chubb,RB,5.5
3,461.l.721870.t.8,461.p.41969,Ollie Gordon II,RB,9.8
3,461.l.721870.t.8,461.p.40835,Jake Bates,K,9.0
3,461.l.721870.t.8,461.p.100028,Commanders,DEF,12.0
3,461.l.721870.t.3,461.p.30977,Josh Allen,QB,23.02
3,461.l.721870.t.3,461.p.26699,Keenan Allen,WR,16.0
3,461.l.721870.t.3,461.p.41904,Elic Ayomanor,WR,11.8
3,461.l.721870.t.3,461.p.40055,Bijan Robinson,RB,13.6
3,461.l.721870.t.3,461.p.40993,Bucky Irving,RB,11.9
3,461.l.721870.t.3,461.p.33113,Juwan Johnson,TE,8.1
3,461.l.721870.t.3,461.p.34104,Khalil Shakir,WR,12.5
3,461.l.721870.t.3,461.p.40889,Michael Penix Jr.,QB,4.78
3,461.l.721870.t.3,461.p.32887,Jauan Jennings,WR,0.0
3,461.l.721870.t.3,461.p.40224,Kayshon Boutte,WR,3.8
3,461.l.721870.t.3,461.p.40890,Xavier Legette,WR,0.0
3,461.l.721870.t.3,461.p.41865,Isaac TeSlaa,WR,0.0
3,461.l.721870.t.3,461.p.31885,Miles Sanders,RB,6.8
3,461.l.721870.t.3,461.p.33403,Mac Jones,QB,14.26
3,461.l.721870.t.3,461.p.41499,Spencer Shrader,K,11.0
3,461.l.721870.t.3,461.p.100016,Vikings,DEF,30.0
3,461.l.721870.t.12,461.p.31833,Kyler Murray,QB,14.06
3,461.l.721870.t.12,461.p.33963,Drake London,WR,8.0
3,461.l.721870.t.12,461.p.41793,Tetairoa McMillan,WR,6.3
3,461.l.721870.t.12,461.p.30121,Christian McCaffrey,RB,19.0
3,461.l.721870.t.12,461.p.34120,Kyren Williams,RB,18.2
3,461.l.721870.t.12,461.p.40878,Brock Bowers,TE,7.8
3,461.l.721870.t.12,461.p.33998,Wan'Dale Robinson,WR,3.1
3,461.l.721870.t.12,461.p.29236,Carson Wentz,QB,15.32
3,461.l.721870.t.12,461.p.41048,Tyrone Tracy Jr.,RB,4.6
3,461.l.721870.t.12,461.p.30142,David Njoku,TE,6.5
3,461.l.721870.t.12,461.p.41825,Tyler Shough,QB,0.0
3,461.l.721870.t.12,461.p.34088,Romeo Doubs,WR,3.5
3,461.l.721870.t.12,461.p.40108,Kendre Miller,RB,4.6
3,461.l.721870.t.12,461.p.40121,Michael Wilson,WR,1.0
3,461.l.721870.t.12,461.p.30346,Harrison Butker,K,9.0
3,461.l.721870.t.12,461.p.100007,Broncos,DEF,9.0
3,461.l.721870.t.5,461.p.29369,Dak Prescott,QB,14.04
3,461.l.721870.t.5,461.p.33393,Ja'Marr Chase,WR,6.4
3,461.l.721870.t.5,461.p.41009,Troy Franklin,WR,1.8
3,461.l.721870.t.5,461.p.31960,Tony Pollard,RB,12.9
3,461.l.721870.t.5,461.p.32725,J.K. Dobbins,RB,14.8
3,461.l.721870.t.5,461.p.34099,Chig Okonkwo,TE,9.1
3,461.l.721870.t.5,461.p.41808,Matthew Golden,WR,8.1
3,461.l.721870.t.5,461.p.40881,Drake Maye,QB,20.22
3,461.l.721870.t.5,461.p.30136,Evan Engram,TE,0.0
3,461.l.721870.t.5,461.p.40075,Zach Charbonnet,RB,0.0
3,461.l.721870.t.5,461.p.40093,Cedric Tillman,WR,4.1
3,461.l.721870.t.5,461.p.41002,Will Shipley,RB,0.0
3,461.l.721870.t.5,461.p.33465,Joshua Palmer,WR,1.0
3,461.l.721870.t.5,461.p.34094,Calvin Austin III,WR,10.9
3,461.l.721870.t.5,461.p.41062,Cam Little,K,4.0
3,461.l.721870.t.5,461.p.100030,Jaguars,DEF,12.0
3,461.l.721870.t.6,461.p.30973,Sam Darnold,QB,16.72
3,461.l.721870.t.6,461.p.31883,A.J. Brown,WR,19.9
3,461.l.721870.t.6,461.p.27581,Davante Adams,WR,13.1
3,461.l.721870.t.6,461.p.32711,Jonathan Taylor,RB,31.3
3,461.l.721870.t.6,461.p.34019,James Cook III,RB,19.3
3,461.l.721870.t.6,461.p.26686,Travis Kelce,TE,4.6
3,461.l.721870.t.6,461.p.34447,Jaylen Warren,RB,10.6
3,461.l.721870.t.6,461.p.28390,Marcus Mariota,QB,20.28
3,461.l.721870.t.6,461.p.33967,Jameson Williams,WR,5.3
3,461.l.721870.t.6,461.p.31056,Mark Andrews,TE,24.1
3,461.l.721870.t.6,461.p.40040,Anthony Richardson Sr.,QB,-0.1
3,461.l.721870.t.6,461.p.25812,Kirk Cousins,QB,1.16
3,461.l.721870.t.6,461.p.40126,Josh Downs,WR,4.4
3,461.l.721870.t.6,461.p.41907,Dylan Sampson,RB,0.2
3,461.l.721870.t.6,461.p.34344,Cameron Dicker,K,12.0
3,461.l.721870.t.6,461.p.100021,Eagles,DEF,14.0
3,461.l.721870.t.15,461.p.40900,Caleb Williams,QB,29.12
3,461.l.721870.t.15,461.p.29399,Tyreek Hill,WR,13.4
3,461.l.721870.t.15,461.p.33394,Jaylen Waddle,WR,12.4
3,461.l.721870.t.15,461.p.30218,James Conner,RB,5.2
3,461.l.721870.t.15,461.p.41845,RJ Harvey,RB,3.1
3,461.l.721870.t.15,461.p.26658,Zach Ertz,TE,5.3
3,461.l.721870.t.15,461.p.31908,Terry McLaurin,WR,8.9
3,461.l.721870.t.15,461.p.30123,Patrick Mahomes,QB,13.16
3,461.l.721870.t.15,461.p.32843,Darnell Mooney,WR,6.4
3,461.l.721870.t.15,461.p.40042,Jordan Addison,WR,0.0
3,461.l.721870.t.15,461.p.33100,Rico Dowdle,RB,10.3
3,461.l.721870.t.15,461.p.41293,Jalen Coker,WR,0.0
3,461.l.721870.t.15,461.p.40995,Ja'Tavion Sanders,TE,2.1
3,461.l.721870.t.15,461.p.29325,Jacoby Brissett,QB,0.0
3,461.l.721870.t.15,461.p.40159,Chad Ryland,K,7.0
3,461.l.721870.t.15,461.p.100004,Bengals,DEF,-1.0
3,461.l.721870.t.4,461.p.31002,Lamar Jackson,QB,27.02
3,461.l.721870.t.4,461.p.32231,Jakobi Meyers,WR,7.8
3,461.l.721870.t.4,461.p.30182,Cooper Kupp,WR,4.1
3,461.l.721870.t.4,461.p.33514,Chuba Hubbard,RB,8.6
3,461.l.721870.t.4,461.p.34320,Jordan Mason,RB,23.6
3,461.l.721870.t.4,461.p.41799,Tyler Warren,TE,5.3
3,461.l.721870.t.4,461.p.40039,Zay Flowers,WR,2.3
3,461.l.721870.t.4,461.p.32138,Jake Browning,QB,6.9
3,461.l.721870.t.4,461.p.99001,Travis Hunter,WR,2.6
3,461.l.721870.t.4,461.p.32671,Joe Burrow,QB,0.0
3,461.l.721870.t.4,461.p.40877,Xavier Worthy,WR,0.0
3,461.l.721870.t.4,461.p.40981,Braelon Allen,RB,5.7
3,461.l.721870.t.4,461.p.40119,Tyjae Spears,RB,0.0
3,461.l.721870.t.4,461.p.30275,Jeremy McNichols,RB,13.8
3,461.l.721870.t.4,461.p.28188,Chris Boswell,K,3.0
3,461.l.721870.t.4,461.p.100011,Colts,DEF,16.0
3,461.l.721870.t.10,461.p.25785,Russell Wilson,QB,7.1
3,461.l.721870.t.10,461.p.40899,Malik Nabers,WR,2.3
3,461.l.721870.t.10,461.p.31896,DK Metcalf,WR,10.7
3,461.l.721870.t.10,461.p.41823,TreVeyon Henderson,RB,6.2
3,461.l.721870.t.10,461.p.33413,Travis Etienne Jr.,RB,11.6
3,461.l.721870.t.10,461.p.40064,Sam LaPorta,TE,5.3
3,461.l.721870.t.10,461.p.30996,Calvin Ridley,WR,3.2
3,461.l.721870.t.10,461.p.29235,Jared Goff,QB,12.68
3,461.l.721870.t.10,461.p.40911,Keon Coleman,WR,3.5
3,461.l.721870.t.10,461.p.41881,Kaleb Johnson,RB,0.0
3,461.l.721870.t.10,461.p.41043,Spencer Rattler,QB,12.72
3,461.l.721870.t.10,461.p.40084,Rashee Rice,WR,0.0
3,461.l.721870.t.10,461.p.40958,Trey Benson,RB,6.6
3,461.l.721870.t.10,461.p.42025,Kyle Monangai,RB,2.5
3,461.l.721870.t.10,461.p.31977,Matt Gay,K,13.0
3,461.l.721870.t.10,461.p.100024,Chargers,DEF,3.0
3,461.l.721870.t.16,461.p.31838,Daniel Jones,QB,15.82
3,461.l.721870.t.16,461.p.40883,Brian Thomas Jr.,WR,6.5
3,461.l.721870.t.16,461.p.30994,DJ Moore,WR,10.8
3,461.l.721870.t.16,461.p.40059,Jahmyr Gibbs,RB,24.4
3,461.l.721870.t.16,461.p.31945,Justice Hill,RB,6.0
3,461.l.721870.t.16,461.p.40048,Dalton Kincaid,TE,15.1
3,461.l.721870.t.16,461.p.31857,Hollywood Brown,WR,6.2
3,461.l.721870.t.16,461.p.34008,Alec Pierce,WR,8.7
3,461.l.721870.t.16,461.p.41861,Dillon Gabriel,QB,0.0
3,461.l.721870.t.16,461.p.40896,Jayden Daniels,QB,0.0
3,461.l.721870.t.16,461.p.33412,Najee Harris,RB,2.8
3,461.l.721870.t.16,461.p.41935,Jaydon Blue,RB,0.0
3,461.l.721870.t.16,461.p.41930,Shedeur Sanders,QB,0.0
3,461.l.721870.t.16,461.p.34078,Zamir White,RB,2.8
3,461.l.721870.t.16,461.p.32417,Chase McLaughlin,K,20.0
3,461.l.721870.t.16,461.p.100012,Chiefs,DEF,15.0
3,461.l.721870.t.1,461.p.30971,Baker Mayfield,QB,17.72
3,461.l.721870.t.1,461.p.40908,Ladd McConkey,WR,6.1
3,461.l.721870.t.1,461.p.28534,Stefon Diggs,WR,3.8
3,461.l.721870.t.1,461.p.41791,Ashton Jeanty,RB,6.3
3,461.l.721870.t.1,461.p.40118,De'Von Achane,RB,12.6
3,461.l.721870.t.1,461.p.34085,Jake Ferguson,TE,14.7
3,461.l.721870.t.1,461.p.33966,Chris Olave,WR,10.7
3,461.l.721870.t.1,461.p.8795,Joe Flacco,QB,4.68
3,461.l.721870.t.1,461.p.33392,Kyle Pitts Sr.,TE,5.9
3,461.l.721870.t.1,461.p.41810,Jaxson Dart,QB,0.3
3,461.l.721870.t.1,461.p.34054,Brian Robinson Jr.,RB,2.2
3,461.l.721870.t.1,461.p.30161,Joe Mixon,RB,0.0
3,461.l.721870.t.1,461.p.33470,Dyami Brown,WR,1.7
3,461.l.721870.t.1,461.p.31981,Hunter Renfrow,WR,1.6
3,461.l.721870.t.1,461.p.8565,Matt Prater,K,7.0
3,461.l.721870.t.1,461.p.100002,Bills,DEF,2.0
3,461.l.721870.t.7,461.p.32723,Jalen Hurts,QB,29.04
3,461.l.721870.t.7,461.p.33398,DeVonta Smith,WR,16.0
3,461.l.721870.t.7,461.p.33965,Garrett Wilson,WR,19.4
3,461.l.721870.t.7,461.p.29279,Derrick Henry,RB,10.2
3,461.l.721870.t.7,461.p.31905,David Montgomery,RB,28.9
3,461.l.721870.t.7,461.p.31019,Dallas Goedert,TE,9.8
3,461.l.721870.t.7,461.p.40051,Quentin Johnston,WR,11.9
3,461.l.721870.t.7,461.p.9265,Matthew Stafford,QB,14.84
3,461.l.721870.t.7,461.p.41795,Colston Loveland,TE,3.6
3,461.l.721870.t.7,461.p.41010,Jaylen Wright,RB,0.0
3,461.l.721870.t.7,461.p.33538,Kenneth Gainwell,RB,9.1
3,461.l.721870.t.7,461.p.41892,Dont'e Thornton Jr.,WR,3.9
3,461.l.721870.t.7,461.p.27590,Jimmy Garoppolo,QB,0.0
3,461.l.721870.t.7,461.p.40095,Tank Bigsby,RB,0.0
3,461.l.721870.t.7,461.p.30266,Jake Elliott,K,3.0
3,461.l.721870.t.7,461.p.100009,Packers,DEF,9.0
3,461.l.721870.t.11,461.p.26662,Geno Smith,QB,26.06
3,461.l.721870.t.11,461.p.33477,Nico Collins,WR,18.4
3,461.l.721870.t.11,461.p.40168,Puka Nacua,WR,17.3
3,461.l.721870.t.11,461.p.33508,Rhamondre Stevenson,RB,3.1
3,461.l.721870.t.11,461.p.41900,Bhayshul Tuten,RB,8.1
3,461.l.721870.t.11,461.p.34010,Trey McBride,TE,12.8
3,461.l.721870.t.11,461.p.32703,Tee Higgins,WR,2.0
3,461.l.721870.t.11,461.p.41786,Cam Ward,QB,11.96
3,461.l.721870.t.11,461.p.41821,Quinshon Judkins,RB,16.0
3,461.l.721870.t.11,461.p.34659,Rashid Shaheed,WR,6.2
3,461.l.721870.t.11,461.p.31017,Christian Kirk,WR,4.0
3,461.l.721870.t.11,461.p.41824,Luther Burden III,WR,18.3
3,461.l.721870.t.11,461.p.41840,Tre' Harris,WR,0.0
3,461.l.721870.t.11,461.p.32018,Ty Johnson,RB,2.6
3,461.l.721870.t.11,461.p.33537,Evan McPherson,K,5.0
3,461.l.721870.t.11,461.p.100026,Seahawks,DEF,18.0
3,461.l.721870.t.13,461.p.40030,C.J. Stroud,QB,12.36
3,461.l.721870.t.13,461.p.32692,Justin Jefferson,WR,10.0
3,461.l.721870.t.13,461.p.40893,Marvin Harrison Jr.,WR,5.9
3,461.l.721870.t.13,461.p.41807,Omarion Hampton,RB,21.9
3,461.l.721870.t.13,461.p.30180,Alvin Kamara,RB,6.1
3,461.l.721870.t.13,461.p.31840,T.J. Hockenson,TE,13.4
3,461.l.721870.t.13,461.p.32705,D'Andre Swift,RB,9.3
3,461.l.721870.t.13,461.p.40029,Bryce Young,QB,11.64
3,461.l.721870.t.13,461.p.31010,Courtland Sutton,WR,20.8
3,461.l.721870.t.13,461.p.32704,Michael Pittman Jr.,WR,16.3
3,461.l.721870.t.13,461.p.40063,Jayden Reed,WR,0.0
3,461.l.721870.t.13,461.p.30197,Chris Godwin Jr.,WR,0.0
3,461.l.721870.t.13,461.p.30199,Kareem Hunt,RB,10.9
3,461.l.721870.t.13,461.p.41827,Mason Taylor,TE,3.8
3,461.l.721870.t.13,461.p.29792,Ka'imi Fairbairn,K,4.0
3,461.l.721870.t.13,461.p.100001,Falcons,DEF,3.0
3,461.l.721870.t.2,461.p.32696,Jordan Love,QB,12.12
3,461.l.721870.t.2,461.p.32687,CeeDee Lamb,WR,0.0
3,461.l.721870.t.2,461.p.33500,Amon-Ra St. Brown,WR,17.2
3,461.l.721870.t.2,461.p.34207,Isiah Pacheco,RB,5.3
3,461.l.721870.t.2,461.p.40539,Zavier Scott,RB,5.5
3,461.l.721870.t.2,461.p.41877,Harold Fannin Jr.,TE,4.0
3,461.l.721870.t.2,461.p.40090,Marvin Mims Jr.,WR,0.9
3,461.l.721870.t.2,461.p.24967,Tyrod Taylor,QB,16.68
3,461.l.721870.t.2,461.p.29269,Hunter Henry,TE,25.0
3,461.l.721870.t.2,461.p.33399,Justin Fields,QB,0.0
3,461.l.721870.t.2,461.p.30295,Aaron Jones Sr.,RB,0.0
3,461.l.721870.t.2,461.p.30175,JuJu Smith-Schuster,WR,7.5
3,461.l.721870.t.2,461.p.40231,Chris Rodriguez Jr.,RB,3.9
3,461.l.721870.t.2,461.p.41864,Kyle Williams,WR,1.3
3,461.l.721870.t.2,461.p.41988,Tyler Loop,K,7.0
3,461.l.721870.t.2,461.p.100006,Cowboys,DEF,0.0
3,461.l.721870.t.9,461.p.7200,Aaron Rodgers,QB,12.66
3,461.l.721870.t.9,461.p.27535,Mike Evans,WR,11.3
3,461.l.721870.t.9,461.p.33415,Rashod Bateman,WR,14.8
3,461.l.721870.t.9,461.p.30972,Saquon Barkley,RB,7.5
3,461.l.721870.t.9,461.p.33996,Kenneth Walker III,RB,17.5
3,461.l.721870.t.9,461.p.40102,Tucker Kraft,TE,4.4
3,461.l.721870.t.9,461.p.27277,Adam Thielen,WR,0.0
3,461.l.721870.t.9,461.p.40078,Brenton Strange,TE,9.1
3,461.l.721870.t.9,461.p.34218,Brock Purdy,QB,0.0
3,461.l.721870.t.9,461.p.34047,Rachaad White,RB,1.9
3,461.l.721870.t.9,461.p.41819,Jayden Higgins,WR,1.0
3,461.l.721870.t.9,461.p.41937,DJ Giddens,RB,0.3
3,461.l.721870.t.9,461.p.31046,Mason Rudolph,QB,0.0
3,461.l.721870.t.9,461.p.31107,Dalton Schultz,TE,6.4
3,461.l.721870.t.9,461.p.32858,Tyler Bass,K,0.0
3,461.l.721870.t.9,461.p.100014,Rams,DEF,7.0
4,461.l.721870.t.14,461.p.40875,Bo Nix,QB,26.74
4,461.l.721870.t.14,461.p.41804,Emeka Egbuka,WR,18.1
4,461.l.721870.t.14,461.p.40041,Jaxon Smith-Njigba,WR,11.0
4,461.l.721870.t.14,461.p.40196,Chase Brown,RB,8.6
4,461.l.721870.t.14,461.p.41922,Cam Skattebo,RB,12.0
4,461.l.721870.t.14,461.p.33443,Pat Freiermuth,TE,0.0
4,461.l.721870.t.14,461.p.40901,Rome Odunze,WR,14.9
4,461.l.721870.t.14,461.p.33389,Trevor Lawrence,QB,11.66
4,461.l.721870.t.14,461.p.42010,Jacory Croskey-Merritt,RB,6.7
4,461.l.721870.t.14,461.p.40892,Ricky Pearsall,WR,6.6
4,461.l.721870.t.14,461.p.34112,Jerome Ford,RB,0.8
4,461.l.721870.t.14,461.p.30259,George Kittle,TE,0.0
4,461.l.721870.t.14,461.p.40962,Blake Corum,RB,2.6
4,461.l.721870.t.14,461.p.34107,Tyler Allgeier,RB,11.1
4,461.l.721870.t.14,461.p.40819,Brandon Aubrey,K,8.0
4,461.l.721870.t.14,461.p.100023,Steelers,DEF,11.0
4,461.l.721870.t.8,461.p.32675,Tua Tagovailoa,QB,15.68
4,461.l.721870.t.8,461.p.34007,George Pickens,WR,29.4
4,461.l.721870.t.8,461.p.31868,Deebo Samuel,WR,17.1
4,461.l.721870.t.8,461.p.31856,Josh Jacobs,RB,29.7
4,461.l.721870.t.8,461.p.33991,Breece Hall,RB,13.6
4,461.l.721870.t.8,461.p.28592,Darren Waller,TE,16.2
4,461.l.721870.t.8,461.p.33423,Javonte Williams,RB,17.5
4,461.l.721870.t.8,461.p.32676,Justin Herbert,QB,14.52
4,461.l.721870.t.8,461.p.30213,Jonnu Smith,TE,1.6
4,461.l.721870.t.8,461.p.40905,J.J. McCarthy,QB,0.0
4,461.l.721870.t.8,461.p.32685,Jerry Jeudy,WR,6.3
4,461.l.721870.t.8,461.p.32695,Brandon Aiyuk,WR,0.0
4,461.l.721870.t.8,461.p.31005,Nick Chubb,RB,7.2
4,461.l.721870.t.8,461.p.41969,Ollie Gordon II,RB,1.0
4,461.l.721870.t.8,461.p.40835,Jake Bates,K,13.0
4,461.l.721870.t.8,461.p.100028,Commanders,DEF,3.0
4,461.l.721870.t.3,461.p.30977,Josh Allen,QB,25.86
4,461.l.721870.t.3,461.p.26699,Keenan Allen,WR,6.2
4,461.l.721870.t.3,461.p.34104,Khalil Shakir,WR,15.4
4,461.l.721870.t.3,461.p.40055,Bijan Robinson,RB,26.1
4,461.l.721870.t.3,461.p.40993,Bucky Irving,RB,23.0
4,461.l.721870.t.3,461.p.33113,Juwan Johnson,TE,4.3
4,461.l.721870.t.3,461.p.32887,Jauan Jennings,WR,5.4
4,461.l.721870.t.3,461.p.40889,Michael Penix Jr.,QB,19.72
4,461.l.721870.t.3,461.p.41904,Elic Ayomanor,WR,5.4
4,461.l.721870.t.3,461.p.40224,Kayshon Boutte,WR,2.3
4,461.l.721870.t.3,461.p.40890,Xavier Legette,WR,0.0
4,461.l.721870.t.3,461.p.31885,Miles Sanders,RB,3.5
4,461.l.721870.t.3,461.p.34087,Hassan Haskins,RB,0.0
4,461.l.721870.t.3,461.p.30275,Jeremy McNichols,RB,0.8
4,461.l.721870.t.3,461.p.41499,Spencer Shrader,K,10.0
4,461.l.721870.t.3,461.p.100016,Vikings,DEF,5.0
4,461.l.721870.t.12,461.p.31833,Kyler Murray,QB,18.1
4,461.l.721870.t.12,461.p.33963,Drake London,WR,21.0
4,461.l.721870.t.12,461.p.41793,Tetairoa McMillan,WR,8.2
4,461.l.721870.t.12,461.p.30121,Christian McCaffrey,RB,23.1
4,461.l.721870.t.12,461.p.34120,Kyren Williams,RB,8.9
4,461.l.721870.t.12,461.p.40878,Brock Bowers,TE,7.1
4,461.l.721870.t.12,461.p.34088,Romeo Doubs,WR,26.8
4,461.l.721870.t.12,461.p.29236,Carson Wentz,QB,23.2
4,461.l.721870.t.12,461.p.33998,Wan'Dale Robinson,WR,2.9
4,461.l.721870.t.12,461.p.41048,Tyrone Tracy Jr.,RB,0.0
4,461.l.721870.t.12,461.p.30142,David Njoku,TE,2.1
4,461.l.721870.t.12,461.p.41825,Tyler Shough,QB,0.0
4,461.l.721870.t.12,461.p.34044,Jalen Tolbert,WR,8.1
4,461.l.721870.t.12,461.p.41881,Kaleb Johnson,RB,2.2
4,461.l.721870.t.12,461.p.30346,Harrison Butker,K,13.0
4,461.l.721870.t.12,461.p.100007,Broncos,DEF,11.0
4,461.l.721870.t.5,461.p.40881,Drake Maye,QB,23.22
4,461.l.721870.t.5,461.p.33393,Ja'Marr Chase,WR,4.8
4,461.l.721870.t.5,461.p.41808,Matthew Golden,WR,8.8
4,461.l.721870.t.5,461.p.31960,Tony Pollard,RB,9.1
4,461.l.721870.t.5,461.p.32725,J.K. Dobbins,RB,11.0
4,461.l.721870.t.5,461.p.34099,Chig Okonkwo,TE,0.9
4,461.l.721870.t.5,461.p.40075,Zach Charbonnet,RB,11.4
4,461.l.721870.t.5,461.p.29369,Dak Prescott,QB,30.96
4,461.l.721870.t.5,461.p.41009,Troy Franklin,WR,7.5
4,461.l.721870.t.5,461.p.30136,Evan Engram,TE,4.9
4,461.l.721870.t.5,461.p.40093,Cedric Tillman,WR,1.1
4,461.l.721870.t.5,461.p.33465,Joshua Palmer,WR,3.5
4,461.l.721870.t.5,461.p.40114,Tre Tucker,WR,3.2
4,461.l.721870.t.5,461.p.40234,Parker Washington,WR,5.9
4,461.l.721870.t.5,461.p.41062,Cam Little,K,8.0
4,461.l.721870.t.5,461.p.100030,Jaguars,DEF,16.0
4,461.l.721870.t.6,461.p.30973,Sam Darnold,QB,16.08
4,461.l.721870.t.6,461.p.31883,A.J. Brown,WR,1.7
4,461.l.721870.t.6,461.p.33967,Jameson Williams,WR,4.7
4,461.l.721870.t.6,461.p.32711,Jonathan Taylor,RB,12.1
4,461.l.721870.t.6,461.p.34019,James Cook III,RB,21.0
4,461.l.721870.t.6,461.p.26686,Travis Kelce,TE,7.3
4,461.l.721870.t.6,461.p.27581,Davante Adams,WR,13.6
4,461.l.721870.t.6,461.p.28390,Marcus Mariota,QB,17.24
4,461.l.721870.t.6,461.p.34447,Jaylen Warren,RB,0.0
4,461.l.721870.t.6,461.p.31056,Mark Andrews,TE,6.5
4,461.l.721870.t.6,461.p.40040,Anthony Richardson Sr.,QB,0.0
4,461.l.721870.t.6,461.p.25812,Kirk Cousins,QB,0.0
4,461.l.721870.t.6,461.p.40126,Josh Downs,WR,4.4
4,461.l.721870.t.6,461.p.41907,Dylan Sampson,RB,-0.2
4,461.l.721870.t.6,461.p.34344,Cameron Dicker,K,5.0
4,461.l.721870.t.6,461.p.100021,Eagles,DEF,16.0
4,461.l.721870.t.15,461.p.40900,Caleb Williams,QB,12.78
4,461.l.721870.t.15,461.p.29399,Tyreek Hill,WR,9.7
4,461.l.721870.t.15,461.p.33394,Jaylen Waddle,WR,6.3
4,461.l.721870.t.15,461.p.41845,RJ Harvey,RB,17.8
4,461.l.721870.t.15,461.p.33100,Rico Dowdle,RB,3.5
4,461.l.721870.t.15,461.p.26658,Zach Ertz,TE,5.1
4,461.l.721870.t.15,461.p.32843,Darnell Mooney,WR,2.0
4,461.l.721870.t.15,461.p.30123,Patrick Mahomes,QB,27.3
4,461.l.721870.t.15,461.p.31908,Terry McLaurin,WR,0.0
4,461.l.721870.t.15,461.p.40042,Jordan Addison,WR,13.4
4,461.l.721870.t.15,461.p.41293,Jalen Coker,WR,0.0
4,461.l.721870.t.15,461.p.40995,Ja'Tavion Sanders,TE,0.0
4,461.l.721870.t.15,461.p.29325,Jacoby Brissett,QB,0.0
4,461.l.721870.t.15,461.p.40980,Ray Davis,RB,0.3
4,461.l.721870.t.15,461.p.40159,Chad Ryland,K,10.0
4,461.l.721870.t.15,461.p.100017,Patriots,DEF,13.0
4,461.l.721870.t.4,461.p.31002,Lamar Jackson,QB,11.68
4,461.l.721870.t.4,461.p.32231,Jakobi Meyers,WR,5.0
4,461.l.721870.t.4,461.p.40877,Xavier Worthy,WR,14.6
4,461.l.721870.t.4,461.p.33514,Chuba Hubbard,RB,8.4
4,461.l.721870.t.4,461.p.34320,Jordan Mason,RB,8.7
4,461.l.721870.t.4,461.p.41799,Tyler Warren,TE,15.8
4,461.l.721870.t.4,461.p.40039,Zay Flowers,WR,10.9
4,461.l.721870.t.4,461.p.32138,Jake Browning,QB,5.4
4,461.l.721870.t.4,461.p.30182,Cooper Kupp,WR,4.6
4,461.l.721870.t.4,461.p.99001,Travis Hunter,WR,5.7
4,461.l.721870.t.4,461.p.32671,Joe Burrow,QB,0.0
4,461.l.721870.t.4,461.p.40981,Braelon Allen,RB,0.6
4,461.l.721870.t.4,461.p.40119,Tyjae Spears,RB,0.0
4,461.l.721870.t.4,461.p.34005,Tyquan Thornton,WR,7.6
4,461.l.721870.t.4,461.p.28188,Chris Boswell,K,5.0
4,461.l.721870.t.4,461.p.100034,Texans,DEF,15.0
4,461.l.721870.t.10,461.p.41043,Spencer Rattler,QB,13.94
4,461.l.721870.t.10,461.p.40899,Malik Nabers,WR,3.0
4,461.l.721870.t.10,461.p.31896,DK Metcalf,WR,21.1
4,461.l.721870.t.10,461.p.41823,TreVeyon Henderson,RB,11.6
4,461.l.721870.t.10,461.p.33413,Travis Etienne Jr.,RB,19.0
4,461.l.721870.t.10,461.p.40064,Sam LaPorta,TE,5.4
4,461.l.721870.t.10,461.p.40958,Trey Benson,RB,7.9
4,461.l.721870.t.10,461.p.29235,Jared Goff,QB,13.72
4,461.l.721870.t.10,461.p.25785,Russell Wilson,QB,0.32
4,461.l.721870.t.10,461.p.30996,Calvin Ridley,WR,4.0
4,461.l.721870.t.10,461.p.40911,Keon Coleman,WR,6.0
4,461.l.721870.t.10,461.p.40084,Rashee Rice,WR,0.0
4,461.l.721870.t.10,461.p.42025,Kyle Monangai,RB,1.8
4,461.l.721870.t.10,461.p.41902,Woody Marks,RB,25.9
4,461.l.721870.t.10,461.p.31977,Matt Gay,K,18.0
4,461.l.721870.t.10,461.p.100024,Chargers,DEF,7.0
4,461.l.721870.t.16,461.p.31838,Daniel Jones,QB,12.38
4,461.l.721870.t.16,461.p.40883,Brian Thomas Jr.,WR,8.1
4,461.l.721870.t.16,461.p.30994,DJ Moore,WR,5.8
4,461.l.721870.t.16,461.p.40059,Jahmyr Gibbs,RB,16.7
4,461.l.721870.t.16,461.p.31945,Justice Hill,RB,26.2
4,461.l.721870.t.16,461.p.40048,Dalton Kincaid,TE,9.3
4,461.l.721870.t.16,461.p.31857,Hollywood Brown,WR,11.3
4,461.l.721870.t.16,461.p.40915,Adonai Mitchell,WR,9.1
4,461.l.721870.t.16,461.p.41861,Dillon Gabriel,QB,0.0
4,461.l.721870.t.16,461.p.34008,Alec Pierce,WR,0.0
4,461.l.721870.t.16,461.p.40896,Jayden Daniels,QB,0.0
4,461.l.721870.t.16,461.p.41930,Shedeur Sanders,QB,0.0
4,461.l.721870.t.16,461.p.34078,Zamir White,RB,0.0
4,461.l.721870.t.16,461.p.40430,Emari Demercado,RB,9.1
4,461.l.721870.t.16,461.p.32417,Chase McLaughlin,K,16.0
4,461.l.721870.t.16,461.p.100025,49ers,DEF,0.0
4,461.l.721870.t.1,461.p.30971,Baker Mayfield,QB,19.86
4,461.l.721870.t.1,461.p.40908,Ladd McConkey,WR,1.6
4,461.l.721870.t.1,461.p.28534,Stefon Diggs,WR,13.1
4,461.l.721870.t.1,461.p.41791,Ashton Jeanty,RB,32.5
4,461.l.721870.t.1,461.p.40118,De'Von Achane,RB,16.6
4,461.l.721870.t.1,461.p.34085,Jake Ferguson,TE,13.5
4,461.l.721870.t.1,461.p.33966,Chris Olave,WR,8.5
4,461.l.721870.t.1,461.p.41810,Jaxson Dart,QB,19.84
4,461.l.721870.t.1,461.p.8795,Joe Flacco,QB,3.26
4,461.l.721870.t.1,461.p.33392,Kyle Pitts Sr.,TE,15.5
4,461.l.721870.t.1,461.p.34054,Brian Robinson Jr.,RB,2.1
4,461.l.721870.t.1,461.p.30161,Joe Mixon,RB,0.0
4,461.l.721870.t.1,461.p.33470,Dyami Brown,WR,0.0
4,461.l.721870.t.1,461.p.27560,Teddy Bridgewater,QB,0.0
4,461.l.721870.t.1,461.p.8565,Matt Prater,K,7.0
4,461.l.721870.t.1,461.p.100002,Bills,DEF,8.0
4,461.l.721870.t.7,461.p.32723,Jalen Hurts,QB,19.4
4,461.l.721870.t.7,461.p.33398,DeVonta Smith,WR,3.9
4,461.l.721870.t.7,461.p.33965,Garrett Wilson,WR,17.2
4,461.l.721870.t.7,461.p.29279,Derrick Henry,RB,6.8
4,461.l.721870.t.7,461.p.31905,David Montgomery,RB,1.2
4,461.l.721870.t.7,461.p.31019,Dallas Goedert,TE,17.7
4,461.l.721870.t.7,461.p.40051,Quentin Johnston,WR,19.8
4,461.l.721870.t.7,461.p.9265,Matthew Stafford,QB,27.4
4,461.l.721870.t.7,461.p.41795,Colston Loveland,TE,0.0
4,461.l.721870.t.7,461.p.41010,Jaylen Wright,RB,0.0
4,461.l.721870.t.7,461.p.33538,Kenneth Gainwell,RB,28.4
4,461.l.721870.t.7,461.p.41892,Dont'e Thornton Jr.,WR,0.0
4,461.l.721870.t.7,461.p.27590,Jimmy Garoppolo,QB,0.0
4,461.l.721870.t.7,461.p.31017,Christian Kirk,WR,3.5
4,461.l.721870.t.7,461.p.30266,Jake Elliott,K,7.0
4,461.l.721870.t.7,461.p.100009,Packers,DEF,-3.0
4,461.l.721870.t.11,461.p.26662,Geno Smith,QB,12.78
4,461.l.721870.t.11,461.p.33477,Nico Collins,WR,9.9
4,461.l.721870.t.11,461.p.40168,Puka Nacua,WR,29.5
4,461.l.721870.t.11,461.p.33508,Rhamondre Stevenson,RB,4.6
4,461.l.721870.t.11,461.p.41821,Quinshon Judkins,RB,19.5
4,461.l.721870.t.11,461.p.34010,Trey McBride,TE,8.7
4,461.l.721870.t.11,461.p.32703,Tee Higgins,WR,4.7
4,461.l.721870.t.11,461.p.41786,Cam Ward,QB,5.52
4,461.l.721870.t.11,461.p.41900,Bhayshul Tuten,RB,2.7
4,461.l.721870.t.11,461.p.34659,Rashid Shaheed,WR,7.2
4,461.l.721870.t.11,461.p.41824,Luther Burden III,WR,0.6
4,461.l.721870.t.11,461.p.41840,Tre' Harris,WR,0.0
4,461.l.721870.t.11,461.p.32018,Ty Johnson,RB,0.0
4,461.l.721870.t.11,461.p.33537,Evan McPherson,K,3.0
4,461.l.721870.t.11,461.p.100026,Seahawks,DEF,11.0
4,461.l.721870.t.11,461.p.100033,Ravens,DEF,-3.0
4,461.l.721870.t.13,461.p.40030,C.J. Stroud,QB,18.42
4,461.l.721870.t.13,461.p.32692,Justin Jefferson,WR,17.6
4,461.l.721870.t.13,461.p.40893,Marvin Harrison Jr.,WR,15.6
4,461.l.721870.t.13,461.p.41807,Omarion Hampton,RB,25.0
4,461.l.721870.t.13,461.p.30180,Alvin Kamara,RB,9.2
4,461.l.721870.t.13,461.p.31840,T.J. Hockenson,TE,5.9
4,461.l.721870.t.13,461.p.31010,Courtland Sutton,WR,16.6
4,461.l.721870.t.13,461.p.40029,Bryce Young,QB,10.3
4,461.l.721870.t.13,461.p.32705,D'Andre Swift,RB,14.0
4,461.l.721870.t.13,461.p.32704,Michael Pittman Jr.,WR,12.6
4,461.l.721870.t.13,461.p.40063,Jayden Reed,WR,0.0
4,461.l.721870.t.13,461.p.30197,Chris Godwin Jr.,WR,4.1
4,461.l.721870.t.13,461.p.30199,Kareem Hunt,RB,5.2
4,461.l.721870.t.13,461.p.41827,Mason Taylor,TE,9.0
4,461.l.721870.t.13,461.p.29792,Ka'imi Fairbairn,K,10.0
4,461.l.721870.t.13,461.p.100001,Falcons,DEF,4.0
4,461.l.721870.t.2,461.p.32696,Jordan Love,QB,26.28
4,461.l.721870.t.2,461.p.33500,Amon-Ra St. Brown,WR,22.5
4,461.l.721870.t.2,461.p.34709,KaVontae Turpin,WR,4.9
4,461.l.721870.t.2,461.p.34207,Isiah Pacheco,RB,11.8
4,461.l.721870.t.2,461.p.40231,Chris Rodriguez Jr.,RB,5.9
4,461.l.721870.t.2,461.p.29269,Hunter Henry,TE,10.9
4,461.l.721870.t.2,461.p.40090,Marvin Mims Jr.,WR,17.5
4,461.l.721870.t.2,461.p.33399,Justin Fields,QB,27.14
4,461.l.721870.t.2,461.p.40539,Zavier Scott,RB,13.4
4,461.l.721870.t.2,461.p.32687,CeeDee Lamb,WR,0.0
4,461.l.721870.t.2,461.p.24967,Tyrod Taylor,QB,0.0
4,461.l.721870.t.2,461.p.41877,Harold Fannin Jr.,TE,3.5
4,461.l.721870.t.2,461.p.30295,Aaron Jones Sr.,RB,0.0
4,461.l.721870.t.2,461.p.30175,JuJu Smith-Schuster,WR,11.6
4,461.l.721870.t.2,461.p.41988,Tyler Loop,K,9.0
4,461.l.721870.t.2,461.p.100008,Lions,DEF,19.0
4,461.l.721870.t.9,461.p.7200,Aaron Rodgers,QB,12.8
4,461.l.721870.t.9,461.p.27535,Mike Evans,WR,0.0
4,461.l.721870.t.9,461.p.33415,Rashod Bateman,WR,2.9
4,461.l.721870.t.9,461.p.30972,Saquon Barkley,RB,15.4
4,461.l.721870.t.9,461.p.33996,Kenneth Walker III,RB,11.5
4,461.l.721870.t.9,461.p.40102,Tucker Kraft,TE,8.1
4,461.l.721870.t.9,461.p.27277,Adam Thielen,WR,2.1
4,461.l.721870.t.9,461.p.40078,Brenton Strange,TE,7.5
4,461.l.721870.t.9,461.p.34218,Brock Purdy,QB,19.66
4,461.l.721870.t.9,461.p.34047,Rachaad White,RB,6.6
4,461.l.721870.t.9,461.p.41819,Jayden Higgins,WR,8.9
4,461.l.721870.t.9,461.p.41937,DJ Giddens,RB,0.0
4,461.l.721870.t.9,461.p.31046,Mason Rudolph,QB,0.0
4,461.l.721870.t.9,461.p.31107,Dalton Schultz,TE,5.5
4,461.l.721870.t.9,461.p.32858,Tyler Bass,K,0.0
4,461.l.721870.t.9,461.p.100014,Rams,DEF,7.0
5,461.l.721870.t.14,461.p.40875,Bo Nix,QB,17.88
5,461.l.721870.t.14,461.p.41804,Emeka Egbuka,WR,27.8
5,461.l.721870.t.14,461.p.40041,Jaxon Smith-Njigba,WR,23.2
5,461.l.721870.t.14,461.p.40196,Chase Brown,RB,8.3
5,461.l.721870.t.14,461.p.41922,Cam Skattebo,RB,11.4
5,461.l.721870.t.14,461.p.34374,Jake Tonges,TE,13.6
5,461.l.721870.t.14,461.p.42010,Jacory Croskey-Merritt,RB,26.0
5,461.l.721870.t.14,461.p.33389,Trevor Lawrence,QB,27.24
5,461.l.721870.t.14,461.p.40892,Ricky Pearsall,WR,0.0
5,461.l.721870.t.14,461.p.40901,Rome Odunze,WR,0.0
5,461.l.721870.t.14,461.p.34112,Jerome Ford,RB,4.8
5,461.l.721870.t.14,461.p.30259,George Kittle,TE,0.0
5,461.l.721870.t.14,461.p.40962,Blake Corum,RB,1.3
5,461.l.721870.t.14,461.p.34107,Tyler Allgeier,RB,0.0
5,461.l.721870.t.14,461.p.40819,Brandon Aubrey,K,4.0
5,461.l.721870.t.14,461.p.100022,Cardinals,DEF,8.0
5,461.l.721870.t.8,461.p.32675,Tua Tagovailoa,QB,22.74
5,461.l.721870.t.8,461.p.34007,George Pickens,WR,12.7
5,461.l.721870.t.8,461.p.31868,Deebo Samuel,WR,19.6
5,461.l.721870.t.8,461.p.33991,Breece Hall,RB,15.5
5,461.l.721870.t.8,461.p.33423,Javonte Williams,RB,26.4
5,461.l.721870.t.8,461.p.28592,Darren Waller,TE,16.3
5,461.l.721870.t.8,461.p.32685,Jerry Jeudy,WR,2.5
5,461.l.721870.t.8,461.p.32676,Justin Herbert,QB,15.64
5,461.l.721870.t.8,461.p.31856,Josh Jacobs,RB,0.0
5,461.l.721870.t.8,461.p.30213,Jonnu Smith,TE,0.0
5,461.l.721870.t.8,461.p.40905,J.J. McCarthy,QB,0.0
5,461.l.721870.t.8,461.p.32695,Brandon Aiyuk,WR,0.0
5,461.l.721870.t.8,461.p.31005,Nick Chubb,RB,12.1
5,461.l.721870.t.8,461.p.41969,Ollie Gordon II,RB,-0.2
5,461.l.721870.t.8,461.p.40835,Jake Bates,K,5.0
5,461.l.721870.t.8,461.p.100018,Saints,DEF,20.0
5,461.l.721870.t.3,461.p.30977,Josh Allen,QB,20.42
5,461.l.721870.t.3,461.p.26699,Keenan Allen,WR,8.3
5,461.l.721870.t.3,461.p.34104,Khalil Shakir,WR,8.0
5,461.l.721870.t.3,461.p.31906,Devin Singletary,RB,2.9
5,461.l.721870.t.3,461.p.41031,Isaiah Davis,RB,4.8
5,461.l.721870.t.3,461.p.33113,Juwan Johnson,TE,2.7
5,461.l.721870.t.3,461.p.40224,Kayshon Boutte,WR,5.8
5,461.l.721870.t.3,461.p.41904,Elic Ayomanor,WR,2.8
5,461.l.721870.t.3,461.p.40993,Bucky Irving,RB,0.0
5,461.l.721870.t.3,461.p.32887,Jauan Jennings,WR,0.0
5,461.l.721870.t.3,461.p.31885,Miles Sanders,RB,0.0
5,461.l.721870.t.3,461.p.40055,Bijan Robinson,RB,0.0
5,461.l.721870.t.3,461.p.40889,Michael Penix Jr.,QB,0.0
5,461.l.721870.t.3,461.p.42598,Isaiah Bond,WR,3.9
5,461.l.721870.t.3,461.p.41499,Spencer Shrader,K,2.0
5,461.l.721870.t.3,461.p.100016,Vikings,DEF,3.0
5,461.l.721870.t.12,461.p.31833,Kyler Murray,QB,15.3
5,461.l.721870.t.12,461.p.41793,Tetairoa McMillan,WR,10.3
5,461.l.721870.t.12,461.p.33998,Wan'Dale Robinson,WR,5.7
5,461.l.721870.t.12,461.p.30121,Christian McCaffrey,RB,23.9
5,461.l.721870.t.12,461.p.34120,Kyren Williams,RB,27.1
5,461.l.721870.t.12,461.p.30142,David Njoku,TE,15.7
5,461.l.721870.t.12,461.p.41058,Malik Washington,WR,2.0
5,461.l.721870.t.12,461.p.29236,Carson Wentz,QB,14.74
5,461.l.721870.t.12,461.p.40878,Brock Bowers,TE,0.0
5,461.l.721870.t.12,461.p.34044,Jalen Tolbert,WR,0.0
5,461.l.721870.t.12,461.p.34088,Romeo Doubs,WR,0.0
5,461.l.721870.t.12,461.p.33963,Drake London,WR,0.0
5,461.l.721870.t.12,461.p.41048,Tyrone Tracy Jr.,RB,0.0
5,461.l.721870.t.12,461.p.41825,Tyler Shough,QB,0.0
5,461.l.721870.t.12,461.p.30346,Harrison Butker,K,4.0
5,461.l.721870.t.12,461.p.100007,Broncos,DEF,7.0
5,461.l.721870.t.5,461.p.40881,Drake Maye,QB,12.12
5,461.l.721870.t.5,461.p.33393,Ja'Marr Chase,WR,26.0
5,461.l.721870.t.5,461.p.41009,Troy Franklin,WR,7.0
5,461.l.721870.t.5,461.p.31960,Tony Pollard,RB,13.3
5,461.l.721870.t.5,461.p.32725,J.K. Dobbins,RB,14.9
5,461.l.721870.t.5,461.p.34099,Chig Okonkwo,TE,6.8
5,461.l.721870.t.5,461.p.40075,Zach Charbonnet,RB,11.3
5,461.l.721870.t.5,461.p.29369,Dak Prescott,QB,28.28
5,461.l.721870.t.5,461.p.41808,Matthew Golden,WR,0.0
5,461.l.721870.t.5,461.p.30136,Evan Engram,TE,11.3
5,461.l.721870.t.5,461.p.33465,Joshua Palmer,WR,4.6
5,461.l.721870.t.5,461.p.40114,Tre Tucker,WR,9.1
5,461.l.721870.t.5,461.p.33403,Mac Jones,QB,22.18
5,461.l.721870.t.5,461.p.40742,Sean Tucker,RB,1.4
5,461.l.721870.t.5,461.p.41062,Cam Little,K,9.0
5,461.l.721870.t.5,461.p.100019,Giants,DEF,1.0
5,461.l.721870.t.6,461.p.30973,Sam Darnold,QB,28.64
5,461.l.721870.t.6,461.p.31883,A.J. Brown,WR,6.8
5,461.l.721870.t.6,461.p.33967,Jameson Williams,WR,1.5
5,461.l.721870.t.6,461.p.32711,Jonathan Taylor,RB,30.1
5,461.l.721870.t.6,461.p.34019,James Cook III,RB,4.9
5,461.l.721870.t.6,461.p.26686,Travis Kelce,TE,15.6
5,461.l.721870.t.6,461.p.27581,Davante Adams,WR,11.3
5,461.l.721870.t.6,461.p.31056,Mark Andrews,TE,3.2
5,461.l.721870.t.6,461.p.28390,Marcus Mariota,QB,0.0
5,461.l.721870.t.6,461.p.34447,Jaylen Warren,RB,0.0
5,461.l.721870.t.6,461.p.40040,Anthony Richardson Sr.,QB,1.76
5,461.l.721870.t.6,461.p.25812,Kirk Cousins,QB,0.0
5,461.l.721870.t.6,461.p.40126,Josh Downs,WR,8.4
5,461.l.721870.t.6,461.p.41907,Dylan Sampson,RB,0.7
5,461.l.721870.t.6,461.p.34344,Cameron Dicker,K,6.0
5,461.l.721870.t.6,461.p.100021,Eagles,DEF,2.0
5,461.l.721870.t.15,461.p.30123,Patrick Mahomes,QB,26.72
5,461.l.721870.t.15,461.p.33394,Jaylen Waddle,WR,20.0
5,461.l.721870.t.15,461.p.40042,Jordan Addison,WR,12.6
5,461.l.721870.t.15,461.p.41845,RJ Harvey,RB,4.5
5,461.l.721870.t.15,461.p.33100,Rico Dowdle,RB,30.9
5,461.l.721870.t.15,461.p.26658,Zach Ertz,TE,0.0
5,461.l.721870.t.15,461.p.40121,Michael Wilson,WR,2.6
5,461.l.721870.t.15,461.p.32003,Darius Slayton,WR,2.6
5,461.l.721870.t.15,461.p.31908,Terry McLaurin,WR,0.0
5,461.l.721870.t.15,461.p.40900,Caleb Williams,QB,0.0
5,461.l.721870.t.15,461.p.32843,Darnell Mooney,WR,0.0
5,461.l.721870.t.15,461.p.29325,Jacoby Brissett,QB,0.0
5,461.l.721870.t.15,461.p.40980,Ray Davis,RB,0.1
5,461.l.721870.t.15,461.p.40159,Chad Ryland,K,3.0
5,461.l.721870.t.15,461.p.100005,Browns,DEF,7.0
5,461.l.721870.t.15,461.p.100017,Patriots,DEF,8.0
5,461.l.721870.t.4,461.p.32138,Jake Browning,QB,22.14
5,461.l.721870.t.4,461.p.32231,Jakobi Meyers,WR,5.2
5,461.l.721870.t.4,461.p.40877,Xavier Worthy,WR,8.1
5,461.l.721870.t.4,461.p.34320,Jordan Mason,RB,11.1
5,461.l.721870.t.4,461.p.41913,Trevor Etienne,RB,3.4
5,461.l.721870.t.4,461.p.41799,Tyler Warren,TE,12.4
5,461.l.721870.t.4,461.p.40039,Zay Flowers,WR,9.7
5,461.l.721870.t.4,461.p.30182,Cooper Kupp,WR,8.9
5,461.l.721870.t.4,461.p.33514,Chuba Hubbard,RB,0.0
5,461.l.721870.t.4,461.p.31002,Lamar Jackson,QB,0.0
5,461.l.721870.t.4,461.p.99001,Travis Hunter,WR,7.9
5,461.l.721870.t.4,461.p.32671,Joe Burrow,QB,0.0
5,461.l.721870.t.4,461.p.40119,Tyjae Spears,RB,1.4
5,461.l.721870.t.4,461.p.34005,Tyquan Thornton,WR,10.5
5,461.l.721870.t.4,461.p.41081,Joshua Karty,K,3.0
5,461.l.721870.t.4,461.p.100034,Texans,DEF,11.0
5,461.l.721870.t.10,461.p.41043,Spencer Rattler,QB,15.6
5,461.l.721870.t.10,461.p.40911,Keon Coleman,WR,8.3
5,461.l.721870.t.10,461.p.26650,DeAndre Hopkins,WR,5.6
5,461.l.721870.t.10,461.p.33413,Travis Etienne Jr.,RB,7.3
5,461.l.721870.t.10,461.p.41902,Woody Marks,RB,2.4
5,461.l.721870.t.10,461.p.40064,Sam LaPorta,TE,17.7
5,461.l.721870.t.10,461.p.41823,TreVeyon Henderson,RB,3.7
5,461.l.721870.t.10,461.p.29235,Jared Goff,QB,20.12
5,461.l.721870.t.10,461.p.30996,Calvin Ridley,WR,15.6
5,461.l.721870.t.10,461.p.40958,Trey Benson,RB,0.0
5,461.l.721870.t.10,461.p.31896,DK Metcalf,WR,0.0
5,461.l.721870.t.10,461.p.40084,Rashee Rice,WR,0.0
5,461.l.721870.t.10,461.p.40108,Kendre Miller,RB,5.4
5,461.l.721870.t.10,461.p.24822,Andy Dalton,QB,0.0
5,461.l.721870.t.10,461.p.31977,Matt Gay,K,9.0
5,461.l.721870.t.10,461.p.100012,Chiefs,DEF,8.0
5,461.l.721870.t.16,461.p.40896,Jayden Daniels,QB,17.14
5,461.l.721870.t.16,461.p.40883,Brian Thomas Jr.,WR,10.0
5,461.l.721870.t.16,461.p.31857,Hollywood Brown,WR,6.8
5,461.l.721870.t.16,461.p.40059,Jahmyr Gibbs,RB,15.7
5,461.l.721870.t.16,461.p.40430,Emari Demercado,RB,6.1
5,461.l.721870.t.16,461.p.40048,Dalton Kincaid,TE,13.8
5,461.l.721870.t.16,461.p.31945,Justice Hill,RB,1.7
5,461.l.721870.t.16,461.p.31838,Daniel Jones,QB,16.68
5,461.l.721870.t.16,461.p.30994,DJ Moore,WR,0.0
5,461.l.721870.t.16,461.p.40915,Adonai Mitchell,WR,0.0
5,461.l.721870.t.16,461.p.41861,Dillon Gabriel,QB,16.1
5,461.l.721870.t.16,461.p.41930,Shedeur Sanders,QB,0.0
5,461.l.721870.t.16,461.p.30788,Cooper Rush,QB,4.16
5,461.l.721870.t.16,461.p.41935,Jaydon Blue,RB,0.7
5,461.l.721870.t.16,461.p.32417,Chase McLaughlin,K,12.0
5,461.l.721870.t.16,461.p.100025,49ers,DEF,8.0
5,461.l.721870.t.1,461.p.30971,Baker Mayfield,QB,26.66
5,461.l.721870.t.1,461.p.40908,Ladd McConkey,WR,12.4
5,461.l.721870.t.1,461.p.28534,Stefon Diggs,WR,19.6
5,461.l.721870.t.1,461.p.41791,Ashton Jeanty,RB,13.4
5,461.l.721870.t.1,461.p.40118,De'Von Achane,RB,13.6
5,461.l.721870.t.1,461.p.34085,Jake Ferguson,TE,20.4
5,461.l.721870.t.1,461.p.33966,Chris Olave,WR,9.4
5,461.l.721870.t.1,461.p.41810,Jaxson Dart,QB,17.58
5,461.l.721870.t.1,461.p.8795,Joe Flacco,QB,0.0
5,461.l.721870.t.1,461.p.33392,Kyle Pitts Sr.,TE,0.0
5,461.l.721870.t.1,461.p.34054,Brian Robinson Jr.,RB,1.2
5,461.l.721870.t.1,461.p.30161,Joe Mixon,RB,0.0
5,461.l.721870.t.1,461.p.33470,Dyami Brown,WR,2.5
5,461.l.721870.t.1,461.p.27560,Teddy Bridgewater,QB,0.0
5,461.l.721870.t.1,461.p.8565,Matt Prater,K,9.0
5,461.l.721870.t.1,461.p.100002,Bills,DEF,6.0
5,461.l.721870.t.7,461.p.32723,Jalen Hurts,QB,19.5
5,461.l.721870.t.7,461.p.33398,DeVonta Smith,WR,15.4
5,461.l.721870.t.7,461.p.33965,Garrett Wilson,WR,16.1
5,461.l.721870.t.7,461.p.29279,Derrick Henry,RB,9.3
5,461.l.721870.t.7,461.p.31905,David Montgomery,RB,17.72
5,461.l.721870.t.7,461.p.31019,Dallas Goedert,TE,9.4
5,461.l.721870.t.7,461.p.40051,Quentin Johnston,WR,4.9
5,461.l.721870.t.7,461.p.9265,Matthew Stafford,QB,25.56
5,461.l.721870.t.7,461.p.33538,Kenneth Gainwell,RB,0.0
5,461.l.721870.t.7,461.p.41892,Dont'e Thornton Jr.,WR,0.0
5,461.l.721870.t.7,461.p.27590,Jimmy Garoppolo,QB,0.0
5,461.l.721870.t.7,461.p.31017,Christian Kirk,WR,8.4
5,461.l.721870.t.7,461.p.34154,Grant Calcaterra,TE,2.8
5,461.l.721870.t.7,461.p.30266,Jake Elliott,K,5.0
5,461.l.721870.t.7,461.p.100006,Cowboys,DEF,9.0
5,461.l.721870.t.7,461.p.100009,Packers,DEF,0.0
5,461.l.721870.t.11,461.p.26662,Geno Smith,QB,7.92
5,461.l.721870.t.11,461.p.33477,Nico Collins,WR,14.0
5,461.l.721870.t.11,461.p.40168,Puka Nacua,WR,19.5
5,461.l.721870.t.11,461.p.41821,Quinshon Judkins,RB,13.3
5,461.l.721870.t.11,461.p.33508,Rhamondre Stevenson,RB,13.7
5,461.l.721870.t.11,461.p.34010,Trey McBride,TE,6.6
5,461.l.721870.t.11,461.p.32703,Tee Higgins,WR,9.7
5,461.l.721870.t.11,461.p.41786,Cam Ward,QB,9.0
5,461.l.721870.t.11,461.p.33495,Michael Carter,RB,15.8
5,461.l.721870.t.11,461.p.41900,Bhayshul Tuten,RB,1.6
5,461.l.721870.t.11,461.p.34659,Rashid Shaheed,WR,19.4
5,461.l.721870.t.11,461.p.41824,Luther Burden III,WR,0.0
5,461.l.721870.t.11,461.p.42012,Brashard Smith,RB,5.1
5,461.l.721870.t.11,461.p.33537,Evan McPherson,K,8.0
5,461.l.721870.t.11,461.p.100026,Seahawks,DEF,-3.0
5,461.l.721870.t.11,461.p.100033,Ravens,DEF,-2.0
5,461.l.721870.t.13,461.p.40030,C.J. Stroud,QB,28.76
5,461.l.721870.t.13,461.p.32692,Justin Jefferson,WR,15.8
5,461.l.721870.t.13,461.p.40893,Marvin Harrison Jr.,WR,11.8
5,461.l.721870.t.13,461.p.41807,Omarion Hampton,RB,10.0
5,461.l.721870.t.13,461.p.30180,Alvin Kamara,RB,7.5
5,461.l.721870.t.13,461.p.31840,T.J. Hockenson,TE,6.8
5,461.l.721870.t.13,461.p.31010,Courtland Sutton,WR,13.9
5,461.l.721870.t.13,461.p.40029,Bryce Young,QB,13.02
5,461.l.721870.t.13,461.p.32705,D'Andre Swift,RB,0.0
5,461.l.721870.t.13,461.p.32704,Michael Pittman Jr.,WR,12.4
5,461.l.721870.t.13,461.p.40063,Jayden Reed,WR,0.0
5,461.l.721870.t.13,461.p.30197,Chris Godwin Jr.,WR,4.1
5,461.l.721870.t.13,461.p.30199,Kareem Hunt,RB,18.2
5,461.l.721870.t.13,461.p.41827,Mason Taylor,TE,13.2
5,461.l.721870.t.13,461.p.29792,Ka'imi Fairbairn,K,18.0
5,461.l.721870.t.13,461.p.100011,Colts,DEF,19.0
5,461.l.721870.t.2,461.p.33399,Justin Fields,QB,25.92
5,461.l.721870.t.2,461.p.33500,Amon-Ra St. Brown,WR,14.0
5,461.l.721870.t.2,461.p.30175,JuJu Smith-Schuster,WR,2.7
5,461.l.721870.t.2,461.p.34207,Isiah Pacheco,RB,7.1
5,461.l.721870.t.2,461.p.40231,Chris Rodriguez Jr.,RB,0.7
5,461.l.721870.t.2,461.p.29269,Hunter Henry,TE,5.6
5,461.l.721870.t.2,461.p.40090,Marvin Mims Jr.,WR,2.9
5,461.l.721870.t.2,461.p.41877,Harold Fannin Jr.,TE,9.3
5,461.l.721870.t.2,461.p.41087,Ryan Flournoy,WR,15.4
5,461.l.721870.t.2,461.p.32696,Jordan Love,QB,0.0
5,461.l.721870.t.2,461.p.40539,Zavier Scott,RB,-0.2
5,461.l.721870.t.2,461.p.32687,CeeDee Lamb,WR,0.0
5,461.l.721870.t.2,461.p.24967,Tyrod Taylor,QB,0.0
5,461.l.721870.t.2,461.p.30295,Aaron Jones Sr.,RB,0.0
5,461.l.721870.t.2,461.p.41988,Tyler Loop,K,4.0
5,461.l.721870.t.2,461.p.100008,Lions,DEF,10.0
5,461.l.721870.t.9,461.p.7200,Aaron Rodgers,QB,0.0
5,461.l.721870.t.9,461.p.27535,Mike Evans,WR,0.0
5,461.l.721870.t.9,461.p.33415,Rashod Bateman,WR,0.0
5,461.l.721870.t.9,461.p.30972,Saquon Barkley,RB,16.3
5,461.l.721870.t.9,461.p.33996,Kenneth Walker III,RB,9.1
5,461.l.721870.t.9,461.p.40102,Tucker Kraft,TE,0.0
5,461.l.721870.t.9,461.p.27277,Adam Thielen,WR,0.0
5,461.l.721870.t.9,461.p.40078,Brenton Strange,TE,2.7
5,461.l.721870.t.9,461.p.34218,Brock Purdy,QB,0.0
5,461.l.721870.t.9,461.p.34047,Rachaad White,RB,21.1
5,461.l.721870.t.9,461.p.41819,Jayden Higgins,WR,5.2
5,461.l.721870.t.9,461.p.41937,DJ Giddens,RB,2.2
5,461.l.721870.t.9,461.p.31046,Mason Rudolph,QB,0.0
5,461.l.721870.t.9,461.p.31107,Dalton Schultz,TE,8.5
5,461.l.721870.t.9,461.p.32858,Tyler Bass,K,0.0
5,461.l.721870.t.9,461.p.100014,Rams,DEF,1.0
6,461.l.721870.t.14,461.p.40875,Bo Nix,QB,13.36
6,461.l.721870.t.14,461.p.41804,Emeka Egbuka,WR,3.4
6,461.l.721870.t.14,461.p.40041,Jaxon Smith-Njigba,WR,26.2
6,461.l.721870.t.14,461.p.40196,Chase Brown,RB,7.9
6,461.l.721870.t.14,461.p.42010,Jacory Croskey-Merritt,RB,5.3
6,461.l.721870.t.14,461.p.34374,Jake Tonges,TE,8.8
6,461.l.721870.t.14,461.p.40901,Rome Odunze,WR,4.2
6,461.l.721870.t.14,461.p.33389,Trevor Lawrence,QB,19.22
6,461.l.721870.t.14,461.p.40892,Ricky Pearsall,WR,0.0
6,461.l.721870.t.14,461.p.41922,Cam Skattebo,RB,30.0
6,461.l.721870.t.14,461.p.34112,Jerome Ford,RB,5.5
6,461.l.721870.t.14,461.p.30259,George Kittle,TE,0.0
6,461.l.721870.t.14,461.p.40962,Blake Corum,RB,2.3
6,461.l.721870.t.14,461.p.34107,Tyler Allgeier,RB,10.3
6,461.l.721870.t.14,461.p.40819,Brandon Aubrey,K,9.0
6,461.l.721870.t.14,461.p.100030,Jaguars,DEF,2.0
6,461.l.721870.t.8,461.p.32675,Tua Tagovailoa,QB,9.6
6,461.l.721870.t.8,461.p.34007,George Pickens,WR,27.3
6,461.l.721870.t.8,461.p.31868,Deebo Samuel,WR,3.4
6,461.l.721870.t.8,461.p.33991,Breece Hall,RB,5.9
6,461.l.721870.t.8,461.p.33423,Javonte Williams,RB,5.9
6,461.l.721870.t.8,461.p.28592,Darren Waller,TE,8.2
6,461.l.721870.t.8,461.p.31856,Josh Jacobs,RB,29.5
6,461.l.721870.t.8,461.p.32676,Justin Herbert,QB,18.76
6,461.l.721870.t.8,461.p.32685,Jerry Jeudy,WR,6.8
6,461.l.721870.t.8,461.p.30213,Jonnu Smith,TE,4.3
6,461.l.721870.t.8,461.p.40905,J.J. McCarthy,QB,0.0
6,461.l.721870.t.8,461.p.32695,Brandon Aiyuk,WR,0.0
6,461.l.721870.t.8,461.p.31005,Nick Chubb,RB,0.0
6,461.l.721870.t.8,461.p.41969,Ollie Gordon II,RB,0.7
6,461.l.721870.t.8,461.p.40835,Jake Bates,K,5.0
6,461.l.721870.t.8,461.p.100018,Saints,DEF,2.0
6,461.l.721870.t.3,461.p.30977,Josh Allen,QB,17.4
6,461.l.721870.t.3,461.p.26699,Keenan Allen,WR,4.7
6,461.l.721870.t.3,461.p.34104,Khalil Shakir,WR,4.8
6,461.l.721870.t.3,461.p.40055,Bijan Robinson,RB,32.8
6,461.l.721870.t.3,461.p.34357,Bam Knight,RB,11.9
6,461.l.721870.t.3,461.p.33113,Juwan Johnson,TE,0.5
6,461.l.721870.t.3,461.p.32887,Jauan Jennings,WR,1.2
6,461.l.721870.t.3,461.p.40889,Michael Penix Jr.,QB,14.6
6,461.l.721870.t.3,461.p.40707,Emanuel Wilson,RB,1.2
6,461.l.721870.t.3,461.p.41904,Elic Ayomanor,WR,4.2
6,461.l.721870.t.3,461.p.41031,Isaiah Davis,RB,0.6
6,461.l.721870.t.3,461.p.40224,Kayshon Boutte,WR,23.8
6,461.l.721870.t.3,461.p.40993,Bucky Irving,RB,0.0
6,461.l.721870.t.3,461.p.42598,Isaiah Bond,WR,1.9
6,461.l.721870.t.3,461.p.31366,Michael Badgley,K,8.0
6,461.l.721870.t.3,461.p.100010,Titans,DEF,5.0
6,461.l.721870.t.12,461.p.41825,Tyler Shough,QB,0.0
6,461.l.721870.t.12,461.p.41793,Tetairoa McMillan,WR,16.4
6,461.l.721870.t.12,461.p.33998,Wan'Dale Robinson,WR,17.4
6,461.l.721870.t.12,461.p.30121,Christian McCaffrey,RB,20.6
6,461.l.721870.t.12,461.p.34120,Kyren Williams,RB,15.7
6,461.l.721870.t.12,461.p.30142,David Njoku,TE,4.3
6,461.l.721870.t.12,461.p.34088,Romeo Doubs,WR,8.0
6,461.l.721870.t.12,461.p.33963,Drake London,WR,26.8
6,461.l.721870.t.12,461.p.31833,Kyler Murray,QB,0.0
6,461.l.721870.t.12,461.p.29236,Carson Wentz,QB,0.0
6,461.l.721870.t.12,461.p.41058,Malik Washington,WR,4.3
6,461.l.721870.t.12,461.p.40878,Brock Bowers,TE,0.0
6,461.l.721870.t.12,461.p.41048,Tyrone Tracy Jr.,RB,0.6
6,461.l.721870.t.12,461.p.34087,Hassan Haskins,RB,2.8
6,461.l.721870.t.12,461.p.30346,Harrison Butker,K,3.0
6,461.l.721870.t.12,461.p.100007,Broncos,DEF,14.0
6,461.l.721870.t.5,461.p.40881,Drake Maye,QB,27.24
6,461.l.721870.t.5,461.p.33393,Ja'Marr Chase,WR,20.1
6,461.l.721870.t.5,461.p.41808,Matthew Golden,WR,11.7
6,461.l.721870.t.5,461.p.31960,Tony Pollard,RB,5.7
6,461.l.721870.t.5,461.p.32725,J.K. Dobbins,RB,4.0
6,461.l.721870.t.5,461.p.41003,Theo Johnson,TE,3.7
6,461.l.721870.t.5,461.p.40075,Zach Charbonnet,RB,4.2
6,461.l.721870.t.5,461.p.29369,Dak Prescott,QB,22.34
6,461.l.721870.t.5,461.p.30136,Evan Engram,TE,7.4
6,461.l.721870.t.5,461.p.41009,Troy Franklin,WR,1.6
6,461.l.721870.t.5,461.p.33465,Joshua Palmer,WR,7.0
6,461.l.721870.t.5,461.p.40114,Tre Tucker,WR,9.5
6,461.l.721870.t.5,461.p.33403,Mac Jones,QB,13.18
6,461.l.721870.t.5,461.p.40742,Sean Tucker,RB,8.5
6,461.l.721870.t.5,461.p.41062,Cam Little,K,-3.0
6,461.l.721870.t.5,461.p.100028,Commanders,DEF,6.0
6,461.l.721870.t.6,461.p.30973,Sam Darnold,QB,20.0
6,461.l.721870.t.6,461.p.31883,A.J. Brown,WR,11.0
6,461.l.721870.t.6,461.p.33967,Jameson Williams,WR,15.6
6,461.l.721870.t.6,461.p.32711,Jonathan Taylor,RB,21.7
6,461.l.721870.t.6,461.p.34019,James Cook III,RB,8.7
6,461.l.721870.t.6,461.p.26686,Travis Kelce,TE,10.8
6,461.l.721870.t.6,461.p.27581,Davante Adams,WR,5.9
6,461.l.721870.t.6,461.p.34447,Jaylen Warren,RB,7.3
6,461.l.721870.t.6,461.p.31056,Mark Andrews,TE,4.6
6,461.l.721870.t.6,461.p.28390,Marcus Mariota,QB,0.0
6,461.l.721870.t.6,461.p.40040,Anthony Richardson Sr.,QB,0.0
6,461.l.721870.t.6,461.p.25812,Kirk Cousins,QB,0.0
6,461.l.721870.t.6,461.p.40126,Josh Downs,WR,13.2
6,461.l.721870.t.6,461.p.41907,Dylan Sampson,RB,3.4
6,461.l.721870.t.6,461.p.34344,Cameron Dicker,K,17.0
6,461.l.721870.t.6,461.p.100021,Eagles,DEF,2.0
6,461.l.721870.t.15,461.p.30123,Patrick Mahomes,QB,31.48
6,461.l.721870.t.15,461.p.33394,Jaylen Waddle,WR,12.82
6,461.l.721870.t.15,461.p.40121,Michael Wilson,WR,6.4
6,461.l.721870.t.15,461.p.41845,RJ Harvey,RB,4.5
6,461.l.721870.t.15,461.p.33100,Rico Dowdle,RB,31.9
6,461.l.721870.t.15,461.p.26658,Zach Ertz,TE,13.3
6,461.l.721870.t.15,461.p.34044,Jalen Tolbert,WR,1.3
6,461.l.721870.t.15,461.p.40900,Caleb Williams,QB,19.88
6,461.l.721870.t.15,461.p.32843,Darnell Mooney,WR,0.0
6,461.l.721870.t.15,461.p.31908,Terry McLaurin,WR,0.0
6,461.l.721870.t.15,461.p.32003,Darius Slayton,WR,0.0
6,461.l.721870.t.15,461.p.40042,Jordan Addison,WR,0.0
6,461.l.721870.t.15,461.p.29325,Jacoby Brissett,QB,21.7
6,461.l.721870.t.15,461.p.40159,Chad Ryland,K,11.0
6,461.l.721870.t.15,461.p.100005,Browns,DEF,0.0
6,461.l.721870.t.15,461.p.100017,Patriots,DEF,5.0
6,461.l.721870.t.4,461.p.41861,Dillon Gabriel,QB,8.84
6,461.l.721870.t.4,461.p.32231,Jakobi Meyers,WR,5.9
6,461.l.721870.t.4,461.p.40877,Xavier Worthy,WR,9.6
6,461.l.721870.t.4,461.p.41052,Kimani Vidal,RB,21.3
6,461.l.721870.t.4,461.p.40119,Tyjae Spears,RB,7.0
6,461.l.721870.t.4,461.p.41799,Tyler Warren,TE,15.3
6,461.l.721870.t.4,461.p.30182,Cooper Kupp,WR,11.0
6,461.l.721870.t.4,461.p.99001,Travis Hunter,WR,3.5
6,461.l.721870.t.4,461.p.33514,Chuba Hubbard,RB,0.0
6,461.l.721870.t.4,461.p.31002,Lamar Jackson,QB,0.0
6,461.l.721870.t.4,461.p.41913,Trevor Etienne,RB,1.7
6,461.l.721870.t.4,461.p.34320,Jordan Mason,RB,0.0
6,461.l.721870.t.4,461.p.32671,Joe Burrow,QB,0.0
6,461.l.721870.t.4,461.p.41293,Jalen Coker,WR,0.0
6,461.l.721870.t.4,461.p.41081,Joshua Karty,K,3.0
6,461.l.721870.t.4,461.p.100013,Raiders,DEF,16.0
6,461.l.721870.t.10,461.p.41043,Spencer Rattler,QB,11.08
6,461.l.721870.t.10,461.p.30996,Calvin Ridley,WR,2.3
6,461.l.721870.t.10,461.p.30551,Kendrick Bourne,WR,16.7
6,461.l.721870.t.10,461.p.33413,Travis Etienne Jr.,RB,7.5
6,461.l.721870.t.10,461.p.41823,TreVeyon Henderson,RB,4.1
6,461.l.721870.t.10,461.p.40064,Sam LaPorta,TE,14.0
6,461.l.721870.t.10,461.p.31896,DK Metcalf,WR,17.5
6,461.l.721870.t.10,461.p.29235,Jared Goff,QB,16.82
6,461.l.721870.t.10,461.p.40911,Keon Coleman,WR,2.6
6,461.l.721870.t.10,461.p.41902,Woody Marks,RB,0.0
6,461.l.721870.t.10,461.p.40958,Trey Benson,RB,0.0
6,461.l.721870.t.10,461.p.40084,Rashee Rice,WR,0.0
6,461.l.721870.t.10,461.p.40108,Kendre Miller,RB,3.7
6,461.l.721870.t.10,461.p.31977,Matt Gay,K,8.0
6,461.l.721870.t.10,461.p.100024,Chargers,DEF,8.0
6,461.l.721870.t.10,461.p.100003,Bears,DEF,9.0
6,461.l.721870.t.16,461.p.40896,Jayden Daniels,QB,22.64
6,461.l.721870.t.16,461.p.40883,Brian Thomas Jr.,WR,19.0
6,461.l.721870.t.16,461.p.40039,Zay Flowers,WR,5.6
6,461.l.721870.t.16,461.p.40059,Jahmyr Gibbs,RB,7.0
6,461.l.721870.t.16,461.p.41935,Jaydon Blue,RB,0.0
6,461.l.721870.t.16,461.p.40048,Dalton Kincaid,TE,0.0
6,461.l.721870.t.16,461.p.30994,DJ Moore,WR,6.7
6,461.l.721870.t.16,461.p.31838,Daniel Jones,QB,23.48
6,461.l.721870.t.16,461.p.40430,Emari Demercado,RB,0.1
6,461.l.721870.t.16,461.p.31945,Justice Hill,RB,6.9
6,461.l.721870.t.16,461.p.31857,Hollywood Brown,WR,18.5
6,461.l.721870.t.16,461.p.40915,Adonai Mitchell,WR,0.0
6,461.l.721870.t.16,461.p.41930,Shedeur Sanders,QB,0.0
6,461.l.721870.t.16,461.p.30788,Cooper Rush,QB,-0.12
6,461.l.721870.t.16,461.p.32417,Chase McLaughlin,K,6.0
6,461.l.721870.t.16,461.p.100027,Buccaneers,DEF,13.0
6,461.l.721870.t.1,461.p.30971,Baker Mayfield,QB,19.64
6,461.l.721870.t.1,461.p.40908,Ladd McConkey,WR,19.5
6,461.l.721870.t.1,461.p.28534,Stefon Diggs,WR,4.3
6,461.l.721870.t.1,461.p.41791,Ashton Jeanty,RB,15.6
6,461.l.721870.t.1,461.p.40118,De'Von Achane,RB,29.0
6,461.l.721870.t.1,461.p.34085,Jake Ferguson,TE,10.8
6,461.l.721870.t.1,461.p.33966,Chris Olave,WR,12.8
6,461.l.721870.t.1,461.p.41810,Jaxson Dart,QB,23.6
6,461.l.721870.t.1,461.p.8795,Joe Flacco,QB,18.76
6,461.l.721870.t.1,461.p.33392,Kyle Pitts Sr.,TE,3.3
6,461.l.721870.t.1,461.p.34054,Brian Robinson Jr.,RB,2.3
6,461.l.721870.t.1,461.p.33470,Dyami Brown,WR,3.0
6,461.l.721870.t.1,461.p.27560,Teddy Bridgewater,QB,0.0
6,461.l.721870.t.1,461.p.34008,Alec Pierce,WR,5.8
6,461.l.721870.t.1,461.p.8565,Matt Prater,K,2.0
6,461.l.721870.t.1,461.p.100002,Bills,DEF,5.0
6,461.l.721870.t.7,461.p.32723,Jalen Hurts,QB,21.62
6,461.l.721870.t.7,461.p.33398,DeVonta Smith,WR,6.9
6,461.l.721870.t.7,461.p.33965,Garrett Wilson,WR,2.8
6,461.l.721870.t.7,461.p.29279,Derrick Henry,RB,13.5
6,461.l.721870.t.7,461.p.31905,David Montgomery,RB,7.1
6,461.l.721870.t.7,461.p.31019,Dallas Goedert,TE,21.5
6,461.l.721870.t.7,461.p.33538,Kenneth Gainwell,RB,6.6
6,461.l.721870.t.7,461.p.9265,Matthew Stafford,QB,9.34
6,461.l.721870.t.7,461.p.40051,Quentin Johnston,WR,0.0
6,461.l.721870.t.7,461.p.41892,Dont'e Thornton Jr.,WR,0.0
6,461.l.721870.t.7,461.p.27590,Jimmy Garoppolo,QB,0.0
6,461.l.721870.t.7,461.p.31017,Christian Kirk,WR,0.0
6,461.l.721870.t.7,461.p.40890,Xavier Legette,WR,2.1
6,461.l.721870.t.7,461.p.42025,Kyle Monangai,RB,4.9
6,461.l.721870.t.7,461.p.30266,Jake Elliott,K,6.0
6,461.l.721870.t.7,461.p.100009,Packers,DEF,2.0
6,461.l.721870.t.11,461.p.26662,Geno Smith,QB,9.66
6,461.l.721870.t.11,461.p.40168,Puka Nacua,WR,3.8
6,461.l.721870.t.11,461.p.34659,Rashid Shaheed,WR,4.8
6,461.l.721870.t.11,461.p.41821,Quinshon Judkins,RB,3.6
6,461.l.721870.t.11,461.p.33495,Michael Carter,RB,7.4
6,461.l.721870.t.11,461.p.34010,Trey McBride,TE,17.2
6,461.l.721870.t.11,461.p.32703,Tee Higgins,WR,8.7
6,461.l.721870.t.11,461.p.41786,Cam Ward,QB,7.88
6,461.l.721870.t.11,461.p.33508,Rhamondre Stevenson,RB,1.8
6,461.l.721870.t.11,461.p.33477,Nico Collins,WR,0.0
6,461.l.721870.t.11,461.p.41900,Bhayshul Tuten,RB,3.8
6,461.l.721870.t.11,461.p.42012,Brashard Smith,RB,3.6
6,461.l.721870.t.11,461.p.33975,Kenny Pickett,QB,0.0
6,461.l.721870.t.11,461.p.33537,Evan McPherson,K,5.0
6,461.l.721870.t.11,461.p.100023,Steelers,DEF,12.0
6,461.l.721870.t.11,461.p.100026,Seahawks,DEF,11.0
6,461.l.721870.t.13,461.p.40029,Bryce Young,QB,19.46
6,461.l.721870.t.13,461.p.40893,Marvin Harrison Jr.,WR,4.2
6,461.l.721870.t.13,461.p.32704,Michael Pittman Jr.,WR,3.0
6,461.l.721870.t.13,461.p.30180,Alvin Kamara,RB,10.1
6,461.l.721870.t.13,461.p.32705,D'Andre Swift,RB,24.5
6,461.l.721870.t.13,461.p.41827,Mason Taylor,TE,0.7
6,461.l.721870.t.13,461.p.31010,Courtland Sutton,WR,2.2
6,461.l.721870.t.13,461.p.30199,Kareem Hunt,RB,3.9
6,461.l.721870.t.13,461.p.30197,Chris Godwin Jr.,WR,0.0
6,461.l.721870.t.13,461.p.31840,T.J. Hockenson,TE,0.0
6,461.l.721870.t.13,461.p.40030,C.J. Stroud,QB,0.0
6,461.l.721870.t.13,461.p.41807,Omarion Hampton,RB,0.0
6,461.l.721870.t.13,461.p.32692,Justin Jefferson,WR,0.0
6,461.l.721870.t.13,461.p.29754,Wil Lutz,K,9.0
6,461.l.721870.t.13,461.p.29792,Ka'imi Fairbairn,K,0.0
6,461.l.721870.t.13,461.p.100011,Colts,DEF,5.0
6,461.l.721870.t.2,461.p.33399,Justin Fields,QB,4.9
6,461.l.721870.t.2,461.p.33500,Amon-Ra St. Brown,WR,9.2
6,461.l.721870.t.2,461.p.41087,Ryan Flournoy,WR,4.8
6,461.l.721870.t.2,461.p.34207,Isiah Pacheco,RB,5.6
6,461.l.721870.t.2,461.p.40231,Chris Rodriguez Jr.,RB,0.0
6,461.l.721870.t.2,461.p.29269,Hunter Henry,TE,4.2
6,461.l.721870.t.2,461.p.41877,Harold Fannin Jr.,TE,11.6
6,461.l.721870.t.2,461.p.32696,Jordan Love,QB,15.96
6,461.l.721870.t.2,461.p.32687,CeeDee Lamb,WR,0.0
6,461.l.721870.t.2,461.p.40090,Marvin Mims Jr.,WR,3.8
6,461.l.721870.t.2,461.p.40539,Zavier Scott,RB,0.0
6,461.l.721870.t.2,461.p.24967,Tyrod Taylor,QB,0.0
6,461.l.721870.t.2,461.p.30295,Aaron Jones Sr.,RB,0.0
6,461.l.721870.t.2,461.p.34094,Calvin Austin III,WR,0.0
6,461.l.721870.t.2,461.p.41988,Tyler Loop,K,3.0
6,461.l.721870.t.2,461.p.100008,Lions,DEF,4.0
6,461.l.721870.t.9,461.p.7200,Aaron Rodgers,QB,17.5
6,461.l.721870.t.9,461.p.27535,Mike Evans,WR,0.0
6,461.l.721870.t.9,461.p.33415,Rashod Bateman,WR,1.3
6,461.l.721870.t.9,461.p.30972,Saquon Barkley,RB,7.7
6,461.l.721870.t.9,461.p.33996,Kenneth Walker III,RB,4.2
6,461.l.721870.t.9,461.p.40102,Tucker Kraft,TE,11.3
6,461.l.721870.t.9,461.p.34047,Rachaad White,RB,16.1
6,461.l.721870.t.9,461.p.41795,Colston Loveland,TE,2.1
6,461.l.721870.t.9,461.p.40078,Brenton Strange,TE,0.0
6,461.l.721870.t.9,461.p.27277,Adam Thielen,WR,0.0
6,461.l.721870.t.9,461.p.34218,Brock Purdy,QB,0.0
6,461.l.721870.t.9,461.p.41819,Jayden Higgins,WR,0.0
6,461.l.721870.t.9,461.p.31046,Mason Rudolph,QB,0.0
6,461.l.721870.t.9,461.p.31107,Dalton Schultz,TE,0.0
6,461.l.721870.t.9,461.p.28188,Chris Boswell,K,15.0
6,461.l.721870.t.9,461.p.100014,Rams,DEF,22.0
7,461.l.721870.t.14,461.p.40875,Bo Nix,QB,39.96
7,461.l.721870.t.14,461.p.40041,Jaxon Smith-Njigba,WR,22.3
7,461.l.721870.t.14,461.p.40901,Rome Odunze,WR,4.1
7,461.l.721870.t.14,461.p.40196,Chase Brown,RB,11.0
7,461.l.721870.t.14,461.p.41922,Cam Skattebo,RB,16.9
7,461.l.721870.t.14,461.p.30259,George Kittle,TE,0.0
7,461.l.721870.t.14,461.p.42010,Jacory Croskey-Merritt,RB,3.7
7,461.l.721870.t.14,461.p.33389,Trevor Lawrence,QB,17.64
7,461.l.721870.t.14,461.p.34374,Jake Tonges,TE,0.0
7,461.l.721870.t.14,461.p.40892,Ricky Pearsall,WR,0.0
7,461.l.721870.t.14,461.p.41804,Emeka Egbuka,WR,7.8
7,461.l.721870.t.14,461.p.34112,Jerome Ford,RB,2.0
7,461.l.721870.t.14,461.p.40962,Blake Corum,RB,4.8
7,461.l.721870.t.14,461.p.34107,Tyler Allgeier,RB,1.6
7,461.l.721870.t.14,461.p.40819,Brandon Aubrey,K,17.0
7,461.l.721870.t.14,461.p.100012,Chiefs,DEF,14.0
7,461.l.721870.t.8,461.p.32675,Tua Tagovailoa,QB,0.6
7,461.l.721870.t.8,461.p.34007,George Pickens,WR,10.2
7,461.l.721870.t.8,461.p.32685,Jerry Jeudy,WR,2.7
7,461.l.721870.t.8,461.p.33991,Breece Hall,RB,6.2
7,461.l.721870.t.8,461.p.33423,Javonte Williams,RB,18.3
7,461.l.721870.t.8,461.p.28592,Darren Waller,TE,0.0
7,461.l.721870.t.8,461.p.31856,Josh Jacobs,RB,18.3
7,461.l.721870.t.8,461.p.32676,Justin Herbert,QB,29.9
7,461.l.721870.t.8,461.p.31868,Deebo Samuel,WR,0.0
7,461.l.721870.t.8,461.p.30213,Jonnu Smith,TE,10.3
7,461.l.721870.t.8,461.p.40905,J.J. McCarthy,QB,0.0
7,461.l.721870.t.8,461.p.32695,Brandon Aiyuk,WR,0.0
7,461.l.721870.t.8,461.p.31005,Nick Chubb,RB,1.6
7,461.l.721870.t.8,461.p.41969,Ollie Gordon II,RB,1.8
7,461.l.721870.t.8,461.p.40835,Jake Bates,K,8.0
7,461.l.721870.t.8,461.p.100018,Saints,DEF,3.0
7,461.l.721870.t.3,461.p.40889,Michael Penix Jr.,QB,12.24
7,461.l.721870.t.3,461.p.26699,Keenan Allen,WR,23.4
7,461.l.721870.t.3,461.p.40224,Kayshon Boutte,WR,12.5
7,461.l.721870.t.3,461.p.40055,Bijan Robinson,RB,18.2
7,461.l.721870.t.3,461.p.34357,Bam Knight,RB,7.9
7,461.l.721870.t.3,461.p.33113,Juwan Johnson,TE,10.4
7,461.l.721870.t.3,461.p.32887,Jauan Jennings,WR,5.1
7,461.l.721870.t.3,461.p.41904,Elic Ayomanor,WR,3.9
7,461.l.721870.t.3,461.p.30977,Josh Allen,QB,0.0
7,461.l.721870.t.3,461.p.34104,Khalil Shakir,WR,0.0
7,461.l.721870.t.3,461.p.41031,Isaiah Davis,RB,4.2
7,461.l.721870.t.3,461.p.40993,Bucky Irving,RB,0.0
7,461.l.721870.t.3,461.p.42598,Isaiah Bond,WR,0.0
7,461.l.721870.t.3,461.p.41824,Luther Burden III,WR,2.6
7,461.l.721870.t.3,461.p.41093,Will Reichard,K,18.0
7,461.l.721870.t.3,461.p.100016,Vikings,DEF,4.0
7,461.l.721870.t.12,461.p.29236,Carson Wentz,QB,12.32
7,461.l.721870.t.12,461.p.41793,Tetairoa McMillan,WR,4.8
7,461.l.721870.t.12,461.p.33963,Drake London,WR,6.2
7,461.l.721870.t.12,461.p.30121,Christian McCaffrey,RB,35.6
7,461.l.721870.t.12,461.p.34120,Kyren Williams,RB,7.5
7,461.l.721870.t.12,461.p.34099,Chig Okonkwo,TE,0.0
7,461.l.721870.t.12,461.p.34088,Romeo Doubs,WR,10.2
7,461.l.721870.t.12,461.p.33998,Wan'Dale Robinson,WR,12.5
7,461.l.721870.t.12,461.p.30142,David Njoku,TE,0.0
7,461.l.721870.t.12,461.p.31833,Kyler Murray,QB,0.0
7,461.l.721870.t.12,461.p.41825,Tyler Shough,QB,0.0
7,461.l.721870.t.12,461.p.40878,Brock Bowers,TE,0.0
7,461.l.721870.t.12,461.p.41048,Tyrone Tracy Jr.,RB,10.6
7,461.l.721870.t.12,461.p.34087,Hassan Haskins,RB,1.5
7,461.l.721870.t.12,461.p.30346,Harrison Butker,K,7.0
7,461.l.721870.t.12,461.p.100007,Broncos,DEF,6.0
7,461.l.721870.t.5,461.p.40881,Drake Maye,QB,23.08
7,461.l.721870.t.5,461.p.33393,Ja'Marr Chase,WR,30.1
7,461.l.721870.t.5,461.p.41808,Matthew Golden,WR,5.7
7,461.l.721870.t.5,461.p.31960,Tony Pollard,RB,9.1
7,461.l.721870.t.5,461.p.32725,J.K. Dobbins,RB,8.5
7,461.l.721870.t.5,461.p.30136,Evan Engram,TE,6.7
7,461.l.721870.t.5,461.p.40075,Zach Charbonnet,RB,18.5
7,461.l.721870.t.5,461.p.29369,Dak Prescott,QB,23.26
7,461.l.721870.t.5,461.p.41003,Theo Johnson,TE,14.1
7,461.l.721870.t.5,461.p.41009,Troy Franklin,WR,11.4
7,461.l.721870.t.5,461.p.40114,Tre Tucker,WR,5.8
7,461.l.721870.t.5,461.p.33403,Mac Jones,QB,6.18
7,461.l.721870.t.5,461.p.41001,AJ Barner,TE,1.4
7,461.l.721870.t.5,461.p.42030,Tez Johnson,WR,13.8
7,461.l.721870.t.5,461.p.41062,Cam Little,K,1.0
7,461.l.721870.t.5,461.p.100029,Panthers,DEF,19.0
7,461.l.721870.t.6,461.p.30973,Sam Darnold,QB,9.62
7,461.l.721870.t.6,461.p.31883,A.J. Brown,WR,26.1
7,461.l.721870.t.6,461.p.33967,Jameson Williams,WR,0.0
7,461.l.721870.t.6,461.p.32711,Jonathan Taylor,RB,32.7
7,461.l.721870.t.6,461.p.34447,Jaylen Warren,RB,17.8
7,461.l.721870.t.6,461.p.26686,Travis Kelce,TE,6.9
7,461.l.721870.t.6,461.p.27581,Davante Adams,WR,24.0
7,461.l.721870.t.6,461.p.40964,Luke McCaffrey,WR,0.0
7,461.l.721870.t.6,461.p.40126,Josh Downs,WR,0.0
7,461.l.721870.t.6,461.p.34019,James Cook III,RB,0.0
7,461.l.721870.t.6,461.p.31056,Mark Andrews,TE,0.0
7,461.l.721870.t.6,461.p.28390,Marcus Mariota,QB,3.92
7,461.l.721870.t.6,461.p.25812,Kirk Cousins,QB,0.0
7,461.l.721870.t.6,461.p.29274,Sterling Shepard,WR,4.0
7,461.l.721870.t.6,461.p.34344,Cameron Dicker,K,7.0
7,461.l.721870.t.6,461.p.100021,Eagles,DEF,12.0
7,461.l.721870.t.15,461.p.30123,Patrick Mahomes,QB,26.24
7,461.l.721870.t.15,461.p.33394,Jaylen Waddle,WR,2.0
7,461.l.721870.t.15,461.p.40042,Jordan Addison,WR,17.3
7,461.l.721870.t.15,461.p.41845,RJ Harvey,RB,6.7
7,461.l.721870.t.15,461.p.33100,Rico Dowdle,RB,10.1
7,461.l.721870.t.15,461.p.26658,Zach Ertz,TE,11.2
7,461.l.721870.t.15,461.p.40121,Michael Wilson,WR,5.5
7,461.l.721870.t.15,461.p.40900,Caleb Williams,QB,5.68
7,461.l.721870.t.15,461.p.31908,Terry McLaurin,WR,0.0
7,461.l.721870.t.15,461.p.32003,Darius Slayton,WR,0.0
7,461.l.721870.t.15,461.p.32843,Darnell Mooney,WR,8.3
7,461.l.721870.t.15,461.p.29325,Jacoby Brissett,QB,19.76
7,461.l.721870.t.15,461.p.34062,Cade Otton,TE,10.0
7,461.l.721870.t.15,461.p.30227,Samaje Perine,RB,3.1
7,461.l.721870.t.15,461.p.40159,Chad Ryland,K,12.0
7,461.l.721870.t.15,461.p.100017,Patriots,DEF,21.0
7,461.l.721870.t.4,461.p.41861,Dillon Gabriel,QB,5.84
7,461.l.721870.t.4,461.p.40877,Xavier Worthy,WR,6.3
7,461.l.721870.t.4,461.p.99001,Travis Hunter,WR,20.1
7,461.l.721870.t.4,461.p.41052,Kimani Vidal,RB,5.5
7,461.l.721870.t.4,461.p.34320,Jordan Mason,RB,11.7
7,461.l.721870.t.4,461.p.41799,Tyler Warren,TE,14.9
7,461.l.721870.t.4,461.p.30182,Cooper Kupp,WR,2.7
7,461.l.721870.t.4,461.p.33514,Chuba Hubbard,RB,6.5
7,461.l.721870.t.4,461.p.32231,Jakobi Meyers,WR,0.0
7,461.l.721870.t.4,461.p.40119,Tyjae Spears,RB,5.5
7,461.l.721870.t.4,461.p.31002,Lamar Jackson,QB,0.0
7,461.l.721870.t.4,461.p.41913,Trevor Etienne,RB,0.0
7,461.l.721870.t.4,461.p.32671,Joe Burrow,QB,0.0
7,461.l.721870.t.4,461.p.41293,Jalen Coker,WR,0.0
7,461.l.721870.t.4,461.p.41980,Andy Borregales,K,7.0
7,461.l.721870.t.4,461.p.100015,Dolphins,DEF,2.0
7,461.l.721870.t.10,461.p.41043,Spencer Rattler,QB,13.52
7,461.l.721870.t.10,461.p.40084,Rashee Rice,WR,19.7
7,461.l.721870.t.10,461.p.31896,DK Metcalf,WR,6.5
7,461.l.721870.t.10,461.p.33413,Travis Etienne Jr.,RB,6.0
7,461.l.721870.t.10,461.p.41823,TreVeyon Henderson,RB,0.5
7,461.l.721870.t.10,461.p.40064,Sam LaPorta,TE,3.0
7,461.l.721870.t.10,461.p.30551,Kendrick Bourne,WR,2.4
7,461.l.721870.t.10,461.p.29235,Jared Goff,QB,11.34
7,461.l.721870.t.10,461.p.30996,Calvin Ridley,WR,0.0
7,461.l.721870.t.10,461.p.40911,Keon Coleman,WR,0.0
7,461.l.721870.t.10,461.p.41902,Woody Marks,RB,11.0
7,461.l.721870.t.10,461.p.40958,Trey Benson,RB,0.0
7,461.l.721870.t.10,461.p.40108,Kendre Miller,RB,0.7
7,461.l.721870.t.10,461.p.31977,Matt Gay,K,2.0
7,461.l.721870.t.10,461.p.100003,Bears,DEF,15.0
7,461.l.721870.t.10,461.p.100024,Chargers,DEF,-3.0
7,461.l.721870.t.16,461.p.40896,Jayden Daniels,QB,17.74
7,461.l.721870.t.16,461.p.40883,Brian Thomas Jr.,WR,4.6
7,461.l.721870.t.16,461.p.30994,DJ Moore,WR,6.7
7,461.l.721870.t.16,461.p.40059,Jahmyr Gibbs,RB,35.3
7,461.l.721870.t.16,461.p.30275,Jeremy McNichols,RB,5.5
7,461.l.721870.t.16,461.p.40065,Michael Mayer,TE,1.5
7,461.l.721870.t.16,461.p.31857,Hollywood Brown,WR,8.4
7,461.l.721870.t.16,461.p.31838,Daniel Jones,QB,22.22
7,461.l.721870.t.16,461.p.40707,Emanuel Wilson,RB,2.0
7,461.l.721870.t.16,461.p.30230,Josh Reynolds,WR,4.4
7,461.l.721870.t.16,461.p.40048,Dalton Kincaid,TE,0.0
7,461.l.721870.t.16,461.p.40039,Zay Flowers,WR,0.0
7,461.l.721870.t.16,461.p.31945,Justice Hill,RB,0.0
7,461.l.721870.t.16,461.p.41930,Shedeur Sanders,QB,0.0
7,461.l.721870.t.16,461.p.32417,Chase McLaughlin,K,5.0
7,461.l.721870.t.16,461.p.100020,Jets,DEF,7.0
7,461.l.721870.t.1,461.p.30971,Baker Mayfield,QB,12.12
7,461.l.721870.t.1,461.p.40908,Ladd McConkey,WR,11.2
7,461.l.721870.t.1,461.p.28534,Stefon Diggs,WR,10.4
7,461.l.721870.t.1,461.p.41791,Ashton Jeanty,RB,3.9
7,461.l.721870.t.1,461.p.40118,De'Von Achane,RB,11.3
7,461.l.721870.t.1,461.p.34085,Jake Ferguson,TE,18.4
7,461.l.721870.t.1,461.p.33966,Chris Olave,WR,24.3
7,461.l.721870.t.1,461.p.41810,Jaxson Dart,QB,29.42
7,461.l.721870.t.1,461.p.8795,Joe Flacco,QB,25.98
7,461.l.721870.t.1,461.p.33392,Kyle Pitts Sr.,TE,9.7
7,461.l.721870.t.1,461.p.34054,Brian Robinson Jr.,RB,3.6
7,461.l.721870.t.1,461.p.33470,Dyami Brown,WR,6.0
7,461.l.721870.t.1,461.p.27560,Teddy Bridgewater,QB,-0.1
7,461.l.721870.t.1,461.p.34008,Alec Pierce,WR,12.3
7,461.l.721870.t.1,461.p.31482,Eddy Pineiro,K,11.0
7,461.l.721870.t.1,461.p.100034,Texans,DEF,18.0
7,461.l.721870.t.7,461.p.32723,Jalen Hurts,QB,24.04
7,461.l.721870.t.7,461.p.33398,DeVonta Smith,WR,28.8
7,461.l.721870.t.7,461.p.40051,Quentin Johnston,WR,10.0
7,461.l.721870.t.7,461.p.31905,David Montgomery,RB,4.9
7,461.l.721870.t.7,461.p.33538,Kenneth Gainwell,RB,2.5
7,461.l.721870.t.7,461.p.31019,Dallas Goedert,TE,3.3
7,461.l.721870.t.7,461.p.42025,Kyle Monangai,RB,16.4
7,461.l.721870.t.7,461.p.9265,Matthew Stafford,QB,27.38
7,461.l.721870.t.7,461.p.40890,Xavier Legette,WR,19.7
7,461.l.721870.t.7,461.p.31017,Christian Kirk,WR,0.0
7,461.l.721870.t.7,461.p.33965,Garrett Wilson,WR,0.0
7,461.l.721870.t.7,461.p.29279,Derrick Henry,RB,0.0
7,461.l.721870.t.7,461.p.27590,Jimmy Garoppolo,QB,-0.3
7,461.l.721870.t.7,461.p.41083,Jordan Whittington,WR,1.9
7,461.l.721870.t.7,461.p.30266,Jake Elliott,K,3.0
7,461.l.721870.t.7,461.p.100009,Packers,DEF,10.0
7,461.l.721870.t.11,461.p.26662,Geno Smith,QB,2.78
7,461.l.721870.t.11,461.p.33477,Nico Collins,WR,4.7
7,461.l.721870.t.11,461.p.34659,Rashid Shaheed,WR,6.0
7,461.l.721870.t.11,461.p.41821,Quinshon Judkins,RB,26.4
7,461.l.721870.t.11,461.p.33508,Rhamondre Stevenson,RB,15.8
7,461.l.721870.t.11,461.p.34010,Trey McBride,TE,24.4
7,461.l.721870.t.11,461.p.32703,Tee Higgins,WR,18.6
7,461.l.721870.t.11,461.p.41786,Cam Ward,QB,11.2
7,461.l.721870.t.11,461.p.33495,Michael Carter,RB,4.6
7,461.l.721870.t.11,461.p.40168,Puka Nacua,WR,0.0
7,461.l.721870.t.11,461.p.41900,Bhayshul Tuten,RB,2.2
7,461.l.721870.t.11,461.p.42012,Brashard Smith,RB,10.6
7,461.l.721870.t.11,461.p.33975,Kenny Pickett,QB,-1.68
7,461.l.721870.t.11,461.p.33537,Evan McPherson,K,17.0
7,461.l.721870.t.11,461.p.100023,Steelers,DEF,2.0
7,461.l.721870.t.11,461.p.100026,Seahawks,DEF,12.0
7,461.l.721870.t.13,461.p.40029,Bryce Young,QB,10.52
7,461.l.721870.t.13,461.p.40893,Marvin Harrison Jr.,WR,6.8
7,461.l.721870.t.13,461.p.32692,Justin Jefferson,WR,10.4
7,461.l.721870.t.13,461.p.30180,Alvin Kamara,RB,4.4
7,461.l.721870.t.13,461.p.32705,D'Andre Swift,RB,20.3
7,461.l.721870.t.13,461.p.31840,T.J. Hockenson,TE,7.3
7,461.l.721870.t.13,461.p.31010,Courtland Sutton,WR,13.7
7,461.l.721870.t.13,461.p.40030,C.J. Stroud,QB,14.66
7,461.l.721870.t.13,461.p.32704,Michael Pittman Jr.,WR,17.3
7,461.l.721870.t.13,461.p.30199,Kareem Hunt,RB,1.8
7,461.l.721870.t.13,461.p.41827,Mason Taylor,TE,4.6
7,461.l.721870.t.13,461.p.30197,Chris Godwin Jr.,WR,0.0
7,461.l.721870.t.13,461.p.41807,Omarion Hampton,RB,0.0
7,461.l.721870.t.13,461.p.29754,Wil Lutz,K,5.0
7,461.l.721870.t.13,461.p.29792,Ka'imi Fairbairn,K,8.0
7,461.l.721870.t.13,461.p.100011,Colts,DEF,8.0
7,461.l.721870.t.2,461.p.33399,Justin Fields,QB,4.04
7,461.l.721870.t.2,461.p.33500,Amon-Ra St. Brown,WR,17.6
7,461.l.721870.t.2,461.p.32687,CeeDee Lamb,WR,19.5
7,461.l.721870.t.2,461.p.34207,Isiah Pacheco,RB,11.9
7,461.l.721870.t.2,461.p.40539,Zavier Scott,RB,1.1
7,461.l.721870.t.2,461.p.29269,Hunter Henry,TE,5.3
7,461.l.721870.t.2,461.p.41877,Harold Fannin Jr.,TE,5.6
7,461.l.721870.t.2,461.p.32696,Jordan Love,QB,13.36
7,461.l.721870.t.2,461.p.40231,Chris Rodriguez Jr.,RB,7.2
7,461.l.721870.t.2,461.p.41087,Ryan Flournoy,WR,0.0
7,461.l.721870.t.2,461.p.40090,Marvin Mims Jr.,WR,12.8
7,461.l.721870.t.2,461.p.24967,Tyrod Taylor,QB,4.14
7,461.l.721870.t.2,461.p.30295,Aaron Jones Sr.,RB,0.0
7,461.l.721870.t.2,461.p.34094,Calvin Austin III,WR,0.0
7,461.l.721870.t.2,461.p.28378,Jason Myers,K,10.0
7,461.l.721870.t.2,461.p.100001,Falcons,DEF,4.0
7,461.l.721870.t.9,461.p.7200,Aaron Rodgers,QB,24.56
7,461.l.721870.t.9,461.p.27535,Mike Evans,WR,0.0
7,461.l.721870.t.9,461.p.33415,Rashod Bateman,WR,0.0
7,461.l.721870.t.9,461.p.30972,Saquon Barkley,RB,4.7
7,461.l.721870.t.9,461.p.33996,Kenneth Walker III,RB,6.6
7,461.l.721870.t.9,461.p.40102,Tucker Kraft,TE,14.3
7,461.l.721870.t.9,461.p.34047,Rachaad White,RB,6.4
7,461.l.721870.t.9,461.p.41795,Colston Loveland,TE,3.9
7,461.l.721870.t.9,461.p.40078,Brenton Strange,TE,0.0
7,461.l.721870.t.9,461.p.27277,Adam Thielen,WR,1.5
7,461.l.721870.t.9,461.p.34218,Brock Purdy,QB,0.0
7,461.l.721870.t.9,461.p.41819,Jayden Higgins,WR,0.0
7,461.l.721870.t.9,461.p.31046,Mason Rudolph,QB,0.0
7,461.l.721870.t.9,461.p.31107,Dalton Schultz,TE,14.3
7,461.l.721870.t.9,461.p.28188,Chris Boswell,K,8.0
7,461.l.721870.t.9,461.p.100014,Rams,DEF,15.0
8,461.l.721870.t.14,461.p.40875,Bo Nix,QB,24.78
8,461.l.721870.t.14,461.p.40901,Rome Odunze,WR,14.9
8,461.l.721870.t.14,461.p.41804,Emeka Egbuka,WR,5.0
8,461.l.721870.t.14,461.p.40196,Chase Brown,RB,24.0
8,461.l.721870.t.14,461.p.41922,Cam Skattebo,RB,9.5
8,461.l.721870.t.14,461.p.30259,George Kittle,TE,12.3
8,461.l.721870.t.14,461.p.42010,Jacory Croskey-Merritt,RB,2.5
8,461.l.721870.t.14,461.p.34107,Tyler Allgeier,RB,8.4
8,461.l.721870.t.14,461.p.40892,Ricky Pearsall,WR,0.0
8,461.l.721870.t.14,461.p.33389,Trevor Lawrence,QB,0.0
8,461.l.721870.t.14,461.p.40041,Jaxon Smith-Njigba,WR,0.0
8,461.l.721870.t.14,461.p.34112,Jerome Ford,RB,0.4
8,461.l.721870.t.14,461.p.40962,Blake Corum,RB,0.0
8,461.l.721870.t.14,461.p.40980,Ray Davis,RB,1.6
8,461.l.721870.t.14,461.p.40819,Brandon Aubrey,K,6.0
8,461.l.721870.t.14,461.p.100012,Chiefs,DEF,12.0
8,461.l.721870.t.8,461.p.32676,Justin Herbert,QB,26.28
8,461.l.721870.t.8,461.p.34007,George Pickens,WR,11.3
8,461.l.721870.t.8,461.p.31868,Deebo Samuel,WR,2.7
8,461.l.721870.t.8,461.p.33423,Javonte Williams,RB,17.4
8,461.l.721870.t.8,461.p.31856,Josh Jacobs,RB,12.0
8,461.l.721870.t.8,461.p.30213,Jonnu Smith,TE,2.7
8,461.l.721870.t.8,461.p.33991,Breece Hall,RB,31.86
8,461.l.721870.t.8,461.p.32675,Tua Tagovailoa,QB,24.2
8,461.l.721870.t.8,461.p.32685,Jerry Jeudy,WR,0.0
8,461.l.721870.t.8,461.p.28592,Darren Waller,TE,0.0
8,461.l.721870.t.8,461.p.40905,J.J. McCarthy,QB,0.0
8,461.l.721870.t.8,461.p.32695,Brandon Aiyuk,WR,0.0
8,461.l.721870.t.8,461.p.31005,Nick Chubb,RB,7.9
8,461.l.721870.t.8,461.p.42037,Quinn Ewers,QB,0.0
8,461.l.721870.t.8,461.p.28227,Cairo Santos,K,11.0
8,461.l.721870.t.8,461.p.100018,Saints,DEF,7.0
8,461.l.721870.t.3,461.p.30977,Josh Allen,QB,23.22
8,461.l.721870.t.3,461.p.26699,Keenan Allen,WR,6.4
8,461.l.721870.t.3,461.p.34104,Khalil Shakir,WR,17.8
8,461.l.721870.t.3,461.p.40055,Bijan Robinson,RB,4.3
8,461.l.721870.t.3,461.p.41031,Isaiah Davis,RB,15.4
8,461.l.721870.t.3,461.p.33113,Juwan Johnson,TE,7.8
8,461.l.721870.t.3,461.p.32887,Jauan Jennings,WR,6.5
8,461.l.721870.t.3,461.p.41904,Elic Ayomanor,WR,7.2
8,461.l.721870.t.3,461.p.40889,Michael Penix Jr.,QB,0.0
8,461.l.721870.t.3,461.p.40993,Bucky Irving,RB,0.0
8,461.l.721870.t.3,461.p.34357,Bam Knight,RB,0.0
8,461.l.721870.t.3,461.p.40224,Kayshon Boutte,WR,15.0
8,461.l.721870.t.3,461.p.41824,Luther Burden III,WR,0.4
8,461.l.721870.t.3,461.p.41972,Devin Neal,RB,2.6
8,461.l.721870.t.3,461.p.41093,Will Reichard,K,6.0
8,461.l.721870.t.3,461.p.100025,49ers,DEF,2.0
8,461.l.721870.t.12,461.p.29236,Carson Wentz,QB,8.76
8,461.l.721870.t.12,461.p.41793,Tetairoa McMillan,WR,13.4
8,461.l.721870.t.12,461.p.34088,Romeo Doubs,WR,7.9
8,461.l.721870.t.12,461.p.30121,Christian McCaffrey,RB,8.3
8,461.l.721870.t.12,461.p.41048,Tyrone Tracy Jr.,RB,6.3
8,461.l.721870.t.12,461.p.30142,David Njoku,TE,11.7
8,461.l.721870.t.12,461.p.41903,Chimere Dike,WR,12.9
8,461.l.721870.t.12,461.p.33998,Wan'Dale Robinson,WR,6.3
8,461.l.721870.t.12,461.p.33963,Drake London,WR,0.0
8,461.l.721870.t.12,461.p.34120,Kyren Williams,RB,0.0
8,461.l.721870.t.12,461.p.31833,Kyler Murray,QB,0.0
8,461.l.721870.t.12,461.p.41825,Tyler Shough,QB,5.32
8,461.l.721870.t.12,461.p.40878,Brock Bowers,TE,0.0
8,461.l.721870.t.12,461.p.33465,Joshua Palmer,WR,0.0
8,461.l.721870.t.12,461.p.8565,Matt Prater,K,9.0
8,461.l.721870.t.12,461.p.100007,Broncos,DEF,6.0
8,461.l.721870.t.5,461.p.40881,Drake Maye,QB,27.28
8,461.l.721870.t.5,461.p.33393,Ja'Marr Chase,WR,15.1
8,461.l.721870.t.5,461.p.42030,Tez Johnson,WR,6.8
8,461.l.721870.t.5,461.p.31960,Tony Pollard,RB,5.8
8,461.l.721870.t.5,461.p.32725,J.K. Dobbins,RB,13.1
8,461.l.721870.t.5,461.p.30136,Evan Engram,TE,5.6
8,461.l.721870.t.5,461.p.41009,Troy Franklin,WR,23.9
8,461.l.721870.t.5,461.p.29369,Dak Prescott,QB,8.62
8,461.l.721870.t.5,461.p.41808,Matthew Golden,WR,1.9
8,461.l.721870.t.5,461.p.40075,Zach Charbonnet,RB,0.0
8,461.l.721870.t.5,461.p.41003,Theo Johnson,TE,3.5
8,461.l.721870.t.5,461.p.33403,Mac Jones,QB,19.02
8,461.l.721870.t.5,461.p.41001,AJ Barner,TE,0.0
8,461.l.721870.t.5,461.p.33989,Christian Watson,WR,10.5
8,461.l.721870.t.5,461.p.31366,Michael Badgley,K,9.0
8,461.l.721870.t.5,461.p.100002,Bills,DEF,17.0
8,461.l.721870.t.6,461.p.28390,Marcus Mariota,QB,13.32
8,461.l.721870.t.6,461.p.29274,Sterling Shepard,WR,1.3
8,461.l.721870.t.6,461.p.40126,Josh Downs,WR,11.4
8,461.l.721870.t.6,461.p.32711,Jonathan Taylor,RB,36.4
8,461.l.721870.t.6,461.p.34447,Jaylen Warren,RB,8.3
8,461.l.721870.t.6,461.p.26686,Travis Kelce,TE,18.9
8,461.l.721870.t.6,461.p.34019,James Cook III,RB,33.6
8,461.l.721870.t.6,461.p.25812,Kirk Cousins,QB,7.12
8,461.l.721870.t.6,461.p.31056,Mark Andrews,TE,4.9
8,461.l.721870.t.6,461.p.31883,A.J. Brown,WR,0.0
8,461.l.721870.t.6,461.p.30973,Sam Darnold,QB,0.0
8,461.l.721870.t.6,461.p.33967,Jameson Williams,WR,0.0
8,461.l.721870.t.6,461.p.27581,Davante Adams,WR,0.0
8,461.l.721870.t.6,461.p.30161,Joe Mixon,RB,0.0
8,461.l.721870.t.6,461.p.34344,Cameron Dicker,K,14.0
8,461.l.721870.t.6,461.p.100021,Eagles,DEF,6.0
8,461.l.721870.t.15,461.p.30123,Patrick Mahomes,QB,24.96
8,461.l.721870.t.15,461.p.33394,Jaylen Waddle,WR,18.4
8,461.l.721870.t.15,461.p.40042,Jordan Addison,WR,10.1
8,461.l.721870.t.15,461.p.41845,RJ Harvey,RB,23.6
8,461.l.721870.t.15,461.p.33100,Rico Dowdle,RB,5.4
8,461.l.721870.t.15,461.p.34062,Cade Otton,TE,6.0
8,461.l.721870.t.15,461.p.31908,Terry McLaurin,WR,12.9
8,461.l.721870.t.15,461.p.40900,Caleb Williams,QB,12.8
8,461.l.721870.t.15,461.p.26658,Zach Ertz,TE,3.6
8,461.l.721870.t.15,461.p.32003,Darius Slayton,WR,3.6
8,461.l.721870.t.15,461.p.32843,Darnell Mooney,WR,1.6
8,461.l.721870.t.15,461.p.29325,Jacoby Brissett,QB,0.0
8,461.l.721870.t.15,461.p.30227,Samaje Perine,RB,16.5
8,461.l.721870.t.15,461.p.34657,Parker Romo,K,5.0
8,461.l.721870.t.15,461.p.40159,Chad Ryland,K,0.0
8,461.l.721870.t.15,461.p.100017,Patriots,DEF,13.0
8,461.l.721870.t.4,461.p.41861,Dillon Gabriel,QB,13.54
8,461.l.721870.t.4,461.p.40877,Xavier Worthy,WR,7.8
8,461.l.721870.t.4,461.p.41058,Malik Washington,WR,11.6
8,461.l.721870.t.4,461.p.41052,Kimani Vidal,RB,19.2
8,461.l.721870.t.4,461.p.34320,Jordan Mason,RB,1.1
8,461.l.721870.t.4,461.p.41799,Tyler Warren,TE,7.3
8,461.l.721870.t.4,461.p.33514,Chuba Hubbard,RB,9.4
8,461.l.721870.t.4,461.p.40119,Tyjae Spears,RB,15.7
8,461.l.721870.t.4,461.p.31002,Lamar Jackson,QB,0.0
8,461.l.721870.t.4,461.p.30182,Cooper Kupp,WR,0.0
8,461.l.721870.t.4,461.p.99001,Travis Hunter,WR,0.0
8,461.l.721870.t.4,461.p.32231,Jakobi Meyers,WR,0.0
8,461.l.721870.t.4,461.p.41913,Trevor Etienne,RB,1.6
8,461.l.721870.t.4,461.p.32671,Joe Burrow,QB,0.0
8,461.l.721870.t.4,461.p.41980,Andy Borregales,K,13.0
8,461.l.721870.t.4,461.p.100004,Bengals,DEF,-8.0
8,461.l.721870.t.10,461.p.41043,Spencer Rattler,QB,2.64
8,461.l.721870.t.10,461.p.40084,Rashee Rice,WR,21.0
8,461.l.721870.t.10,461.p.31896,DK Metcalf,WR,14.0
8,461.l.721870.t.10,461.p.41823,TreVeyon Henderson,RB,5.5
8,461.l.721870.t.10,461.p.41902,Woody Marks,RB,13.1
8,461.l.721870.t.10,461.p.31852,Noah Fant,TE,5.6
8,461.l.721870.t.10,461.p.40911,Keon Coleman,WR,4.5
8,461.l.721870.t.10,461.p.24822,Andy Dalton,QB,2.1
8,461.l.721870.t.10,461.p.30996,Calvin Ridley,WR,0.0
8,461.l.721870.t.10,461.p.29235,Jared Goff,QB,0.0
8,461.l.721870.t.10,461.p.40064,Sam LaPorta,TE,0.0
8,461.l.721870.t.10,461.p.33413,Travis Etienne Jr.,RB,0.0
8,461.l.721870.t.10,461.p.40958,Trey Benson,RB,0.0
8,461.l.721870.t.10,461.p.41935,Jaydon Blue,RB,2.9
8,461.l.721870.t.10,461.p.32384,Joey Slye,K,2.0
8,461.l.721870.t.10,461.p.100024,Chargers,DEF,12.0
8,461.l.721870.t.16,461.p.31838,Daniel Jones,QB,23.18
8,461.l.721870.t.16,461.p.30994,DJ Moore,WR,9.6
8,461.l.721870.t.16,461.p.40039,Zay Flowers,WR,10.6
8,461.l.721870.t.16,461.p.30275,Jeremy McNichols,RB,9.3
8,461.l.721870.t.16,461.p.31945,Justice Hill,RB,0.2
8,461.l.721870.t.16,461.p.41951,Oronde Gadsden,TE,16.2
8,461.l.721870.t.16,461.p.40048,Dalton Kincaid,TE,2.8
8,461.l.721870.t.16,461.p.32993,Tyler Huntley,QB,16.74
8,461.l.721870.t.16,461.p.31857,Hollywood Brown,WR,0.0
8,461.l.721870.t.16,461.p.40896,Jayden Daniels,QB,0.0
8,461.l.721870.t.16,461.p.40883,Brian Thomas Jr.,WR,0.0
8,461.l.721870.t.16,461.p.40059,Jahmyr Gibbs,RB,0.0
8,461.l.721870.t.16,461.p.41930,Shedeur Sanders,QB,0.0
8,461.l.721870.t.16,461.p.41969,Ollie Gordon II,RB,13.1
8,461.l.721870.t.16,461.p.32417,Chase McLaughlin,K,17.0
8,461.l.721870.t.16,461.p.100027,Buccaneers,DEF,29.0
8,461.l.721870.t.1,461.p.30971,Baker Mayfield,QB,4.08
8,461.l.721870.t.1,461.p.40908,Ladd McConkey,WR,17.8
8,461.l.721870.t.1,461.p.28534,Stefon Diggs,WR,8.9
8,461.l.721870.t.1,461.p.40118,De'Von Achane,RB,17.6
8,461.l.721870.t.1,461.p.34054,Brian Robinson Jr.,RB,0.0
8,461.l.721870.t.1,461.p.34085,Jake Ferguson,TE,0.0
8,461.l.721870.t.1,461.p.33966,Chris Olave,WR,10.0
8,461.l.721870.t.1,461.p.41810,Jaxson Dart,QB,19.42
8,461.l.721870.t.1,461.p.41791,Ashton Jeanty,RB,0.0
8,461.l.721870.t.1,461.p.8795,Joe Flacco,QB,24.32
8,461.l.721870.t.1,461.p.33392,Kyle Pitts Sr.,TE,10.4
8,461.l.721870.t.1,461.p.33470,Dyami Brown,WR,0.0
8,461.l.721870.t.1,461.p.27560,Teddy Bridgewater,QB,0.0
8,461.l.721870.t.1,461.p.34008,Alec Pierce,WR,7.9
8,461.l.721870.t.1,461.p.31482,Eddy Pineiro,K,1.0
8,461.l.721870.t.1,461.p.100034,Texans,DEF,6.0
8,461.l.721870.t.7,461.p.32723,Jalen Hurts,QB,25.36
8,461.l.721870.t.7,461.p.33398,DeVonta Smith,WR,11.4
8,461.l.721870.t.7,461.p.40051,Quentin Johnston,WR,0.0
8,461.l.721870.t.7,461.p.29279,Derrick Henry,RB,19.1
8,461.l.721870.t.7,461.p.31019,Dallas Goedert,TE,16.3
8,461.l.721870.t.7,461.p.42025,Kyle Monangai,RB,2.4
8,461.l.721870.t.7,461.p.40890,Xavier Legette,WR,2.7
8,461.l.721870.t.7,461.p.33538,Kenneth Gainwell,RB,2.5
8,461.l.721870.t.7,461.p.33965,Garrett Wilson,WR,0.0
8,461.l.721870.t.7,461.p.9265,Matthew Stafford,QB,0.0
8,461.l.721870.t.7,461.p.31905,David Montgomery,RB,0.0
8,461.l.721870.t.7,461.p.31017,Christian Kirk,WR,0.0
8,461.l.721870.t.7,461.p.27590,Jimmy Garoppolo,QB,0.0
8,461.l.721870.t.7,461.p.41083,Jordan Whittington,WR,0.0
8,461.l.721870.t.7,461.p.30266,Jake Elliott,K,9.0
8,461.l.721870.t.7,461.p.100009,Packers,DEF,5.0
8,461.l.721870.t.11,461.p.41786,Cam Ward,QB,13.76
8,461.l.721870.t.11,461.p.34659,Rashid Shaheed,WR,10.0
8,461.l.721870.t.11,461.p.41885,Jaylin Noel,WR,8.8
8,461.l.721870.t.11,461.p.41821,Quinshon Judkins,RB,3.2
8,461.l.721870.t.11,461.p.33508,Rhamondre Stevenson,RB,5.4
8,461.l.721870.t.11,461.p.34099,Chig Okonkwo,TE,7.3
8,461.l.721870.t.11,461.p.32703,Tee Higgins,WR,10.9
8,461.l.721870.t.11,461.p.42012,Brashard Smith,RB,0.8
8,461.l.721870.t.11,461.p.34010,Trey McBride,TE,0.0
8,461.l.721870.t.11,461.p.33477,Nico Collins,WR,0.0
8,461.l.721870.t.11,461.p.26662,Geno Smith,QB,0.0
8,461.l.721870.t.11,461.p.33495,Michael Carter,RB,0.0
8,461.l.721870.t.11,461.p.40168,Puka Nacua,WR,0.0
8,461.l.721870.t.11,461.p.41900,Bhayshul Tuten,RB,0.0
8,461.l.721870.t.11,461.p.33537,Evan McPherson,K,8.0
8,461.l.721870.t.11,461.p.100023,Steelers,DEF,-4.0
8,461.l.721870.t.13,461.p.40030,C.J. Stroud,QB,22.72
8,461.l.721870.t.13,461.p.32692,Justin Jefferson,WR,10.9
8,461.l.721870.t.13,461.p.32704,Michael Pittman Jr.,WR,19.5
8,461.l.721870.t.13,461.p.30180,Alvin Kamara,RB,5.5
8,461.l.721870.t.13,461.p.32705,D'Andre Swift,RB,14.1
8,461.l.721870.t.13,461.p.31840,T.J. Hockenson,TE,3.6
8,461.l.721870.t.13,461.p.31010,Courtland Sutton,WR,8.7
8,461.l.721870.t.13,461.p.30199,Kareem Hunt,RB,16.7
8,461.l.721870.t.13,461.p.40893,Marvin Harrison Jr.,WR,0.0
8,461.l.721870.t.13,461.p.40029,Bryce Young,QB,0.0
8,461.l.721870.t.13,461.p.41827,Mason Taylor,TE,11.9
8,461.l.721870.t.13,461.p.30197,Chris Godwin Jr.,WR,0.0
8,461.l.721870.t.13,461.p.41807,Omarion Hampton,RB,0.0
8,461.l.721870.t.13,461.p.29754,Wil Lutz,K,9.0
8,461.l.721870.t.13,461.p.29792,Ka'imi Fairbairn,K,14.0
8,461.l.721870.t.13,461.p.100011,Colts,DEF,9.0
8,461.l.721870.t.2,461.p.33399,Justin Fields,QB,20.86
8,461.l.721870.t.2,461.p.32687,CeeDee Lamb,WR,11.1
8,461.l.721870.t.2,461.p.40090,Marvin Mims Jr.,WR,1.8
8,461.l.721870.t.2,461.p.34207,Isiah Pacheco,RB,5.8
8,461.l.721870.t.2,461.p.30295,Aaron Jones Sr.,RB,4.0
8,461.l.721870.t.2,461.p.29269,Hunter Henry,TE,7.2
8,461.l.721870.t.2,461.p.33443,Pat Freiermuth,TE,2.8
8,461.l.721870.t.2,461.p.32696,Jordan Love,QB,28.3
8,461.l.721870.t.2,461.p.34094,Calvin Austin III,WR,4.8
8,461.l.721870.t.2,461.p.24967,Tyrod Taylor,QB,0.0
8,461.l.721870.t.2,461.p.40231,Chris Rodriguez Jr.,RB,0.2
8,461.l.721870.t.2,461.p.41877,Harold Fannin Jr.,TE,15.4
8,461.l.721870.t.2,461.p.33500,Amon-Ra St. Brown,WR,0.0
8,461.l.721870.t.2,461.p.40539,Zavier Scott,RB,3.4
8,461.l.721870.t.2,461.p.41988,Tyler Loop,K,13.0
8,461.l.721870.t.2,461.p.100001,Falcons,DEF,2.0
8,461.l.721870.t.9,461.p.7200,Aaron Rodgers,QB,16.76
8,461.l.721870.t.9,461.p.33415,Rashod Bateman,WR,6.1
8,461.l.721870.t.9,461.p.41819,Jayden Higgins,WR,11.4
8,461.l.721870.t.9,461.p.30972,Saquon Barkley,RB,31.4
8,461.l.721870.t.9,461.p.34047,Rachaad White,RB,7.1
8,461.l.721870.t.9,461.p.40102,Tucker Kraft,TE,29.8
8,461.l.721870.t.9,461.p.41795,Colston Loveland,TE,5.3
8,461.l.721870.t.9,461.p.31107,Dalton Schultz,TE,3.4
8,461.l.721870.t.9,461.p.33996,Kenneth Walker III,RB,0.0
8,461.l.721870.t.9,461.p.27535,Mike Evans,WR,0.0
8,461.l.721870.t.9,461.p.40078,Brenton Strange,TE,0.0
8,461.l.721870.t.9,461.p.27277,Adam Thielen,WR,0.0
8,461.l.721870.t.9,461.p.34218,Brock Purdy,QB,0.0
8,461.l.721870.t.9,461.p.31046,Mason Rudolph,QB,0.0
8,461.l.721870.t.9,461.p.28188,Chris Boswell,K,20.0
8,461.l.721870.t.9,461.p.100003,Bears,DEF,2.0
9,461.l.721870.t.14,461.p.40875,Bo Nix,QB,19.52
9,461.l.721870.t.14,461.p.40901,Rome Odunze,WR,0.0
9,461.l.721870.t.14,461.p.40041,Jaxon Smith-Njigba,WR,18.0
9,461.l.721870.t.14,461.p.40196,Chase Brown,RB,15.2
9,461.l.721870.t.14,461.p.42010,Jacory Croskey-Merritt,RB,4.6
9,461.l.721870.t.14,461.p.30259,George Kittle,TE,4.9
9,461.l.721870.t.14,461.p.34107,Tyler Allgeier,RB,0.6
9,461.l.721870.t.14,461.p.33389,Trevor Lawrence,QB,22.2
9,461.l.721870.t.14,461.p.40892,Ricky Pearsall,WR,0.0
9,461.l.721870.t.14,461.p.41804,Emeka Egbuka,WR,0.0
9,461.l.721870.t.14,461.p.40962,Blake Corum,RB,5.8
9,461.l.721870.t.14,461.p.40980,Ray Davis,RB,0.0
9,461.l.721870.t.14,461.p.41840,Tre' Harris,WR,2.8
9,461.l.721870.t.14,461.p.40911,Keon Coleman,WR,2.7
9,461.l.721870.t.14,461.p.40819,Brandon Aubrey,K,5.0
9,461.l.721870.t.14,461.p.100030,Jaguars,DEF,5.0
9,461.l.721870.t.8,461.p.32676,Justin Herbert,QB,27.7
9,461.l.721870.t.8,461.p.34007,George Pickens,WR,10.9
9,461.l.721870.t.8,461.p.31868,Deebo Samuel,WR,6.9
9,461.l.721870.t.8,461.p.33423,Javonte Williams,RB,6.8
9,461.l.721870.t.8,461.p.31856,Josh Jacobs,RB,18.0
9,461.l.721870.t.8,461.p.30213,Jonnu Smith,TE,4.0
9,461.l.721870.t.8,461.p.31005,Nick Chubb,RB,3.4
9,461.l.721870.t.8,461.p.32675,Tua Tagovailoa,QB,9.54
9,461.l.721870.t.8,461.p.33991,Breece Hall,RB,0.0
9,461.l.721870.t.8,461.p.32685,Jerry Jeudy,WR,0.0
9,461.l.721870.t.8,461.p.28592,Darren Waller,TE,0.0
9,461.l.721870.t.8,461.p.40905,J.J. McCarthy,QB,19.92
9,461.l.721870.t.8,461.p.32695,Brandon Aiyuk,WR,0.0
9,461.l.721870.t.8,461.p.42037,Quinn Ewers,QB,0.0
9,461.l.721870.t.8,461.p.28227,Cairo Santos,K,10.0
9,461.l.721870.t.8,461.p.100018,Saints,DEF,2.0
9,461.l.721870.t.3,461.p.30977,Josh Allen,QB,28.82
9,461.l.721870.t.3,461.p.26699,Keenan Allen,WR,5.1
9,461.l.721870.t.3,461.p.34104,Khalil Shakir,WR,7.8
9,461.l.721870.t.3,461.p.40055,Bijan Robinson,RB,13.6
9,461.l.721870.t.3,461.p.34357,Bam Knight,RB,5.7
9,461.l.721870.t.3,461.p.33113,Juwan Johnson,TE,10.6
9,461.l.721870.t.3,461.p.32887,Jauan Jennings,WR,12.1
9,461.l.721870.t.3,461.p.40889,Michael Penix Jr.,QB,22.74
9,461.l.721870.t.3,461.p.40224,Kayshon Boutte,WR,0.0
9,461.l.721870.t.3,461.p.41904,Elic Ayomanor,WR,6.1
9,461.l.721870.t.3,461.p.41031,Isaiah Davis,RB,0.0
9,461.l.721870.t.3,461.p.40993,Bucky Irving,RB,0.0
9,461.l.721870.t.3,461.p.41824,Luther Burden III,WR,0.0
9,461.l.721870.t.3,461.p.41972,Devin Neal,RB,1.7
9,461.l.721870.t.3,461.p.28378,Jason Myers,K,9.0
9,461.l.721870.t.3,461.p.100025,49ers,DEF,2.0
9,461.l.721870.t.12,461.p.41825,Tyler Shough,QB,10.24
9,461.l.721870.t.12,461.p.41793,Tetairoa McMillan,WR,6.6
9,461.l.721870.t.12,461.p.33963,Drake London,WR,34.3
9,461.l.721870.t.12,461.p.30121,Christian McCaffrey,RB,31.8
9,461.l.721870.t.12,461.p.41048,Tyrone Tracy Jr.,RB,5.2
9,461.l.721870.t.12,461.p.40878,Brock Bowers,TE,37.3
9,461.l.721870.t.12,461.p.34120,Kyren Williams,RB,17.4
9,461.l.721870.t.12,461.p.33998,Wan'Dale Robinson,WR,9.1
9,461.l.721870.t.12,461.p.32138,Jake Browning,QB,0.0
9,461.l.721870.t.12,461.p.31833,Kyler Murray,QB,0.0
9,461.l.721870.t.12,461.p.34088,Romeo Doubs,WR,12.6
9,461.l.721870.t.12,461.p.41903,Chimere Dike,WR,7.0
9,461.l.721870.t.12,461.p.30142,David Njoku,TE,0.0
9,461.l.721870.t.12,461.p.8565,Matt Prater,K,4.0
9,461.l.721870.t.12,461.p.100007,Broncos,DEF,5.0
9,461.l.721870.t.5,461.p.40881,Drake Maye,QB,17.36
9,461.l.721870.t.5,461.p.33393,Ja'Marr Chase,WR,14.1
9,461.l.721870.t.5,461.p.41009,Troy Franklin,WR,6.3
9,461.l.721870.t.5,461.p.31960,Tony Pollard,RB,7.3
9,461.l.721870.t.5,461.p.32725,J.K. Dobbins,RB,6.4
9,461.l.721870.t.5,461.p.41003,Theo Johnson,TE,10.2
9,461.l.721870.t.5,461.p.40075,Zach Charbonnet,RB,5.1
9,461.l.721870.t.5,461.p.29369,Dak Prescott,QB,16.4
9,461.l.721870.t.5,461.p.30136,Evan Engram,TE,0.0
9,461.l.721870.t.5,461.p.41808,Matthew Golden,WR,1.9
9,461.l.721870.t.5,461.p.42030,Tez Johnson,WR,0.0
9,461.l.721870.t.5,461.p.33403,Mac Jones,QB,15.8
9,461.l.721870.t.5,461.p.33989,Christian Watson,WR,6.8
9,461.l.721870.t.5,461.p.40707,Emanuel Wilson,RB,2.2
9,461.l.721870.t.5,461.p.31366,Michael Badgley,K,12.0
9,461.l.721870.t.5,461.p.100008,Lions,DEF,7.0
9,461.l.721870.t.6,461.p.30973,Sam Darnold,QB,28.2
9,461.l.721870.t.6,461.p.27581,Davante Adams,WR,20.5
9,461.l.721870.t.6,461.p.33967,Jameson Williams,WR,14.6
9,461.l.721870.t.6,461.p.32711,Jonathan Taylor,RB,6.7
9,461.l.721870.t.6,461.p.34447,Jaylen Warren,RB,15.9
9,461.l.721870.t.6,461.p.26686,Travis Kelce,TE,10.6
9,461.l.721870.t.6,461.p.34019,James Cook III,RB,13.0
9,461.l.721870.t.6,461.p.31056,Mark Andrews,TE,15.6
9,461.l.721870.t.6,461.p.40126,Josh Downs,WR,12.7
9,461.l.721870.t.6,461.p.25812,Kirk Cousins,QB,0.0
9,461.l.721870.t.6,461.p.28390,Marcus Mariota,QB,0.0
9,461.l.721870.t.6,461.p.31883,A.J. Brown,WR,0.0
9,461.l.721870.t.6,461.p.30161,Joe Mixon,RB,0.0
9,461.l.721870.t.6,461.p.34344,Cameron Dicker,K,11.0
9,461.l.721870.t.6,461.p.100026,Seahawks,DEF,10.0
9,461.l.721870.t.6,461.p.100021,Eagles,DEF,0.0
9,461.l.721870.t.15,461.p.30123,Patrick Mahomes,QB,11.5
9,461.l.721870.t.15,461.p.33394,Jaylen Waddle,WR,11.2
9,461.l.721870.t.15,461.p.40042,Jordan Addison,WR,7.4
9,461.l.721870.t.15,461.p.41845,RJ Harvey,RB,14.1
9,461.l.721870.t.15,461.p.33100,Rico Dowdle,RB,27.1
9,461.l.721870.t.15,461.p.26658,Zach Ertz,TE,6.6
9,461.l.721870.t.15,461.p.32003,Darius Slayton,WR,8.7
9,461.l.721870.t.15,461.p.40900,Caleb Williams,QB,37.7
9,461.l.721870.t.15,461.p.31908,Terry McLaurin,WR,0.0
9,461.l.721870.t.15,461.p.34062,Cade Otton,TE,0.0
9,461.l.721870.t.15,461.p.32843,Darnell Mooney,WR,2.0
9,461.l.721870.t.15,461.p.29325,Jacoby Brissett,QB,24.84
9,461.l.721870.t.15,461.p.30227,Samaje Perine,RB,0.5
9,461.l.721870.t.15,461.p.34657,Parker Romo,K,2.0
9,461.l.721870.t.15,461.p.40159,Chad Ryland,K,10.0
9,461.l.721870.t.15,461.p.100017,Patriots,DEF,2.0
9,461.l.721870.t.4,461.p.31002,Lamar Jackson,QB,25.56
9,461.l.721870.t.4,461.p.40877,Xavier Worthy,WR,4.5
9,461.l.721870.t.4,461.p.32231,Jakobi Meyers,WR,4.3
9,461.l.721870.t.4,461.p.41052,Kimani Vidal,RB,3.0
9,461.l.721870.t.4,461.p.34320,Jordan Mason,RB,4.2
9,461.l.721870.t.4,461.p.41799,Tyler Warren,TE,5.1
9,461.l.721870.t.4,461.p.40114,Tre Tucker,WR,5.3
9,461.l.721870.t.4,461.p.40119,Tyjae Spears,RB,7.7
9,461.l.721870.t.4,461.p.30182,Cooper Kupp,WR,0.0
9,461.l.721870.t.4,461.p.99001,Travis Hunter,WR,0.0
9,461.l.721870.t.4,461.p.41058,Malik Washington,WR,5.6
9,461.l.721870.t.4,461.p.33514,Chuba Hubbard,RB,1.7
9,461.l.721870.t.4,461.p.41861,Dillon Gabriel,QB,0.0
9,461.l.721870.t.4,461.p.32671,Joe Burrow,QB,0.0
9,461.l.721870.t.4,461.p.41980,Andy Borregales,K,6.0
9,461.l.721870.t.4,461.p.100014,Rams,DEF,11.0
9,461.l.721870.t.10,461.p.29235,Jared Goff,QB,19.36
9,461.l.721870.t.10,461.p.40084,Rashee Rice,WR,16.6
9,461.l.721870.t.10,461.p.31896,DK Metcalf,WR,1.6
9,461.l.721870.t.10,461.p.41823,TreVeyon Henderson,RB,10.7
9,461.l.721870.t.10,461.p.41902,Woody Marks,RB,2.7
9,461.l.721870.t.10,461.p.40064,Sam LaPorta,TE,18.7
9,461.l.721870.t.10,461.p.33413,Travis Etienne Jr.,RB,14.0
9,461.l.721870.t.10,461.p.40234,Parker Washington,WR,13.0
9,461.l.721870.t.10,461.p.30996,Calvin Ridley,WR,0.0
9,461.l.721870.t.10,461.p.31852,Noah Fant,TE,9.8
9,461.l.721870.t.10,461.p.41043,Spencer Rattler,QB,0.0
9,461.l.721870.t.10,461.p.40958,Trey Benson,RB,0.0
9,461.l.721870.t.10,461.p.40095,Tank Bigsby,RB,0.0
9,461.l.721870.t.10,461.p.41907,Dylan Sampson,RB,0.0
9,461.l.721870.t.10,461.p.41081,Joshua Karty,K,0.0
9,461.l.721870.t.10,461.p.100024,Chargers,DEF,6.0
9,461.l.721870.t.16,461.p.31838,Daniel Jones,QB,17.08
9,461.l.721870.t.16,461.p.40039,Zay Flowers,WR,8.9
9,461.l.721870.t.16,461.p.30994,DJ Moore,WR,20.98
9,461.l.721870.t.16,461.p.30275,Jeremy McNichols,RB,0.0
9,461.l.721870.t.16,461.p.40059,Jahmyr Gibbs,RB,4.3
9,461.l.721870.t.16,461.p.41951,Oronde Gadsden,TE,9.3
9,461.l.721870.t.16,461.p.40883,Brian Thomas Jr.,WR,7.0
9,461.l.721870.t.16,461.p.40896,Jayden Daniels,QB,16.22
9,461.l.721870.t.16,461.p.40048,Dalton Kincaid,TE,19.1
9,461.l.721870.t.16,461.p.32993,Tyler Huntley,QB,0.0
9,461.l.721870.t.16,461.p.41930,Shedeur Sanders,QB,0.0
9,461.l.721870.t.16,461.p.41969,Ollie Gordon II,RB,1.4
9,461.l.721870.t.16,461.p.30346,Harrison Butker,K,8.0
9,461.l.721870.t.16,461.p.32417,Chase McLaughlin,K,0.0
9,461.l.721870.t.16,461.p.100033,Ravens,DEF,17.0
9,461.l.721870.t.16,461.p.100027,Buccaneers,DEF,0.0
9,461.l.721870.t.1,461.p.8795,Joe Flacco,QB,32.7
9,461.l.721870.t.1,461.p.40908,Ladd McConkey,WR,7.6
9,461.l.721870.t.1,461.p.28534,Stefon Diggs,WR,11.3
9,461.l.721870.t.1,461.p.40118,De'Von Achane,RB,13.6
9,461.l.721870.t.1,461.p.41791,Ashton Jeanty,RB,17.4
9,461.l.721870.t.1,461.p.34085,Jake Ferguson,TE,5.5
9,461.l.721870.t.1,461.p.33966,Chris Olave,WR,7.2
9,461.l.721870.t.1,461.p.41810,Jaxson Dart,QB,27.24
9,461.l.721870.t.1,461.p.34054,Brian Robinson Jr.,RB,11.3
9,461.l.721870.t.1,461.p.30971,Baker Mayfield,QB,0.0
9,461.l.721870.t.1,461.p.33392,Kyle Pitts Sr.,TE,5.8
9,461.l.721870.t.1,461.p.33470,Dyami Brown,WR,4.4
9,461.l.721870.t.1,461.p.27560,Teddy Bridgewater,QB,0.0
9,461.l.721870.t.1,461.p.34008,Alec Pierce,WR,14.5
9,461.l.721870.t.1,461.p.31482,Eddy Pineiro,K,12.0
9,461.l.721870.t.1,461.p.100034,Texans,DEF,8.0
9,461.l.721870.t.7,461.p.9265,Matthew Stafford,QB,26.84
9,461.l.721870.t.7,461.p.40051,Quentin Johnston,WR,13.3
9,461.l.721870.t.7,461.p.40890,Xavier Legette,WR,2.7
9,461.l.721870.t.7,461.p.29279,Derrick Henry,RB,12.6
9,461.l.721870.t.7,461.p.42025,Kyle Monangai,RB,21.3
9,461.l.721870.t.7,461.p.29344,Tyler Higbee,TE,8.8
9,461.l.721870.t.7,461.p.33538,Kenneth Gainwell,RB,5.4
9,461.l.721870.t.7,461.p.31905,David Montgomery,RB,10.0
9,461.l.721870.t.7,461.p.31019,Dallas Goedert,TE,0.0
9,461.l.721870.t.7,461.p.31017,Christian Kirk,WR,4.6
9,461.l.721870.t.7,461.p.33965,Garrett Wilson,WR,0.0
9,461.l.721870.t.7,461.p.33398,DeVonta Smith,WR,0.0
9,461.l.721870.t.7,461.p.32723,Jalen Hurts,QB,0.0
9,461.l.721870.t.7,461.p.40835,Jake Bates,K,6.0
9,461.l.721870.t.7,461.p.30266,Jake Elliott,K,0.0
9,461.l.721870.t.7,461.p.100009,Packers,DEF,4.0
9,461.l.721870.t.11,461.p.41786,Cam Ward,QB,6.4
9,461.l.721870.t.11,461.p.40168,Puka Nacua,WR,19.3
9,461.l.721870.t.11,461.p.33477,Nico Collins,WR,11.0
9,461.l.721870.t.11,461.p.42012,Brashard Smith,RB,0.7
9,461.l.721870.t.11,461.p.41900,Bhayshul Tuten,RB,9.1
9,461.l.721870.t.11,461.p.34010,Trey McBride,TE,14.0
9,461.l.721870.t.11,461.p.32703,Tee Higgins,WR,29.6
9,461.l.721870.t.11,461.p.26662,Geno Smith,QB,27.26
9,461.l.721870.t.11,461.p.33508,Rhamondre Stevenson,RB,0.0
9,461.l.721870.t.11,461.p.41821,Quinshon Judkins,RB,0.0
9,461.l.721870.t.11,461.p.34659,Rashid Shaheed,WR,9.3
9,461.l.721870.t.11,461.p.41885,Jaylin Noel,WR,-0.3
9,461.l.721870.t.11,461.p.34099,Chig Okonkwo,TE,2.0
9,461.l.721870.t.11,461.p.33495,Michael Carter,RB,0.0
9,461.l.721870.t.11,461.p.33537,Evan McPherson,K,11.0
9,461.l.721870.t.11,461.p.100023,Steelers,DEF,18.0
9,461.l.721870.t.13,461.p.40030,C.J. Stroud,QB,4.36
9,461.l.721870.t.13,461.p.32692,Justin Jefferson,WR,13.7
9,461.l.721870.t.13,461.p.32704,Michael Pittman Jr.,WR,16.0
9,461.l.721870.t.13,461.p.30180,Alvin Kamara,RB,0.2
9,461.l.721870.t.13,461.p.30199,Kareem Hunt,RB,12.0
9,461.l.721870.t.13,461.p.31840,T.J. Hockenson,TE,8.1
9,461.l.721870.t.13,461.p.40893,Marvin Harrison Jr.,WR,19.1
9,461.l.721870.t.13,461.p.40029,Bryce Young,QB,3.98
9,461.l.721870.t.13,461.p.32705,D'Andre Swift,RB,0.0
9,461.l.721870.t.13,461.p.31010,Courtland Sutton,WR,9.5
9,461.l.721870.t.13,461.p.41827,Mason Taylor,TE,0.0
9,461.l.721870.t.13,461.p.30197,Chris Godwin Jr.,WR,0.0
9,461.l.721870.t.13,461.p.41807,Omarion Hampton,RB,0.0
9,461.l.721870.t.13,461.p.29792,Ka'imi Fairbairn,K,18.0
9,461.l.721870.t.13,461.p.29754,Wil Lutz,K,4.0
9,461.l.721870.t.13,461.p.100006,Cowboys,DEF,14.0
9,461.l.721870.t.2,461.p.32696,Jordan Love,QB,10.02
9,461.l.721870.t.2,461.p.32687,CeeDee Lamb,WR,12.0
9,461.l.721870.t.2,461.p.33500,Amon-Ra St. Brown,WR,14.2
9,461.l.721870.t.2,461.p.30295,Aaron Jones Sr.,RB,10.8
9,461.l.721870.t.2,461.p.40430,Emari Demercado,RB,8.3
9,461.l.721870.t.2,461.p.29269,Hunter Henry,TE,7.1
9,461.l.721870.t.2,461.p.33443,Pat Freiermuth,TE,10.2
9,461.l.721870.t.2,461.p.34094,Calvin Austin III,WR,8.1
9,461.l.721870.t.2,461.p.34207,Isiah Pacheco,RB,0.0
9,461.l.721870.t.2,461.p.33399,Justin Fields,QB,0.0
9,461.l.721870.t.2,461.p.40090,Marvin Mims Jr.,WR,0.0
9,461.l.721870.t.2,461.p.24967,Tyrod Taylor,QB,0.0
9,461.l.721870.t.2,461.p.40231,Chris Rodriguez Jr.,RB,12.5
9,461.l.721870.t.2,461.p.41877,Harold Fannin Jr.,TE,0.0
9,461.l.721870.t.2,461.p.41988,Tyler Loop,K,4.0
9,461.l.721870.t.2,461.p.100001,Falcons,DEF,10.0
9,461.l.721870.t.9,461.p.7200,Aaron Rodgers,QB,12.12
9,461.l.721870.t.9,461.p.33415,Rashod Bateman,WR,8.3
9,461.l.721870.t.9,461.p.41819,Jayden Higgins,WR,0.9
9,461.l.721870.t.9,461.p.30972,Saquon Barkley,RB,0.0
9,461.l.721870.t.9,461.p.34047,Rachaad White,RB,0.0
9,461.l.721870.t.9,461.p.40102,Tucker Kraft,TE,3.0
9,461.l.721870.t.9,461.p.41795,Colston Loveland,TE,26.8
9,461.l.721870.t.9,461.p.31107,Dalton Schultz,TE,10.7
9,461.l.721870.t.9,461.p.33996,Kenneth Walker III,RB,7.1
9,461.l.721870.t.9,461.p.27535,Mike Evans,WR,0.0
9,461.l.721870.t.9,461.p.40078,Brenton Strange,TE,0.0
9,461.l.721870.t.9,461.p.27277,Adam Thielen,WR,0.0
9,461.l.721870.t.9,461.p.34218,Brock Purdy,QB,0.0
9,461.l.721870.t.9,461.p.31046,Mason Rudolph,QB,0.0
9,461.l.721870.t.9,461.p.28188,Chris Boswell,K,10.0
9,461.l.721870.t.9,461.p.100003,Bears,DEF,5.0
10,461.l.721870.t.14,461.p.40875,Bo Nix,QB,7.8
10,461.l.721870.t.14,461.p.40901,Rome Odunze,WR,17.6
10,461.l.721870.t.14,461.p.40041,Jaxon Smith-Njigba,WR,17.8
10,461.l.721870.t.14,461.p.42010,Jacory Croskey-Merritt,RB,3.0
10,461.l.721870.t.14,461.p.34107,Tyler Allgeier,RB,17.7
10,461.l.721870.t.14,461.p.30259,George Kittle,TE,18.9
10,461.l.721870.t.14,461.p.41804,Emeka Egbuka,WR,20.5
10,461.l.721870.t.14,461.p.33389,Trevor Lawrence,QB,10.82
10,461.l.721870.t.14,461.p.40196,Chase Brown,RB,0.0
10,461.l.721870.t.14,461.p.40892,Ricky Pearsall,WR,0.0
10,461.l.721870.t.14,461.p.40962,Blake Corum,RB,5.6
10,461.l.721870.t.14,461.p.40980,Ray Davis,RB,0.3
10,461.l.721870.t.14,461.p.41840,Tre' Harris,WR,1.4
10,461.l.721870.t.14,461.p.40835,Jake Bates,K,10.0
10,461.l.721870.t.14,461.p.40819,Brandon Aubrey,K,0.0
10,461.l.721870.t.14,461.p.100030,Jaguars,DEF,13.0
10,461.l.721870.t.8,461.p.32676,Justin Herbert,QB,14.7
10,461.l.721870.t.8,461.p.31868,Deebo Samuel,WR,10.9
10,461.l.721870.t.8,461.p.32685,Jerry Jeudy,WR,16.8
10,461.l.721870.t.8,461.p.31856,Josh Jacobs,RB,17.2
10,461.l.721870.t.8,461.p.33991,Breece Hall,RB,19.0
10,461.l.721870.t.8,461.p.30213,Jonnu Smith,TE,0.9
10,461.l.721870.t.8,461.p.31005,Nick Chubb,RB,5.7
10,461.l.721870.t.8,461.p.40905,J.J. McCarthy,QB,16.72
10,461.l.721870.t.8,461.p.34007,George Pickens,WR,0.0
10,461.l.721870.t.8,461.p.33423,Javonte Williams,RB,0.0
10,461.l.721870.t.8,461.p.32675,Tua Tagovailoa,QB,12.82
10,461.l.721870.t.8,461.p.28592,Darren Waller,TE,0.0
10,461.l.721870.t.8,461.p.32695,Brandon Aiyuk,WR,0.0
10,461.l.721870.t.8,461.p.42037,Quinn Ewers,QB,0.0
10,461.l.721870.t.8,461.p.28227,Cairo Santos,K,6.0
10,461.l.721870.t.8,461.p.100029,Panthers,DEF,6.0
10,461.l.721870.t.3,461.p.30977,Josh Allen,QB,20.34
10,461.l.721870.t.3,461.p.26699,Keenan Allen,WR,2.9
10,461.l.721870.t.3,461.p.34104,Khalil Shakir,WR,9.3
10,461.l.721870.t.3,461.p.40055,Bijan Robinson,RB,9.8
10,461.l.721870.t.3,461.p.34357,Bam Knight,RB,3.8
10,461.l.721870.t.3,461.p.33113,Juwan Johnson,TE,17.2
10,461.l.721870.t.3,461.p.32887,Jauan Jennings,WR,14.1
10,461.l.721870.t.3,461.p.40889,Michael Penix Jr.,QB,10.98
10,461.l.721870.t.3,461.p.40993,Bucky Irving,RB,0.0
10,461.l.721870.t.3,461.p.40224,Kayshon Boutte,WR,0.0
10,461.l.721870.t.3,461.p.41904,Elic Ayomanor,WR,0.0
10,461.l.721870.t.3,461.p.41031,Isaiah Davis,RB,1.6
10,461.l.721870.t.3,461.p.41972,Devin Neal,RB,4.6
10,461.l.721870.t.3,461.p.41713,Terrell Jennings,RB,0.5
10,461.l.721870.t.3,461.p.28378,Jason Myers,K,15.0
10,461.l.721870.t.3,461.p.100002,Bills,DEF,4.0
10,461.l.721870.t.12,461.p.41825,Tyler Shough,QB,18.98
10,461.l.721870.t.12,461.p.33963,Drake London,WR,21.4
10,461.l.721870.t.12,461.p.41793,Tetairoa McMillan,WR,8.5
10,461.l.721870.t.12,461.p.30121,Christian McCaffrey,RB,13.6
10,461.l.721870.t.12,461.p.34120,Kyren Williams,RB,21.4
10,461.l.721870.t.12,461.p.40878,Brock Bowers,TE,3.2
10,461.l.721870.t.12,461.p.41048,Tyrone Tracy Jr.,RB,7.6
10,461.l.721870.t.12,461.p.34088,Romeo Doubs,WR,1.0
10,461.l.721870.t.12,461.p.33998,Wan'Dale Robinson,WR,9.2
10,461.l.721870.t.12,461.p.31833,Kyler Murray,QB,0.0
10,461.l.721870.t.12,461.p.32138,Jake Browning,QB,0.0
10,461.l.721870.t.12,461.p.41903,Chimere Dike,WR,0.0
10,461.l.721870.t.12,461.p.30142,David Njoku,TE,9.1
10,461.l.721870.t.12,461.p.8565,Matt Prater,K,1.0
10,461.l.721870.t.12,461.p.100007,Broncos,DEF,15.0
10,461.l.721870.t.5,461.p.40881,Drake Maye,QB,19.1
10,461.l.721870.t.5,461.p.41009,Troy Franklin,WR,12.5
10,461.l.721870.t.5,461.p.33989,Christian Watson,WR,5.5
10,461.l.721870.t.5,461.p.32725,J.K. Dobbins,RB,8.9
10,461.l.721870.t.5,461.p.40075,Zach Charbonnet,RB,14.3
10,461.l.721870.t.5,461.p.41003,Theo Johnson,TE,11.0
10,461.l.721870.t.5,461.p.42030,Tez Johnson,WR,18.2
10,461.l.721870.t.5,461.p.33403,Mac Jones,QB,24.06
10,461.l.721870.t.5,461.p.41808,Matthew Golden,WR,0.0
10,461.l.721870.t.5,461.p.29369,Dak Prescott,QB,0.0
10,461.l.721870.t.5,461.p.40707,Emanuel Wilson,RB,0.9
10,461.l.721870.t.5,461.p.31960,Tony Pollard,RB,0.0
10,461.l.721870.t.5,461.p.33393,Ja'Marr Chase,WR,0.0
10,461.l.721870.t.5,461.p.30136,Evan Engram,TE,2.2
10,461.l.721870.t.5,461.p.31366,Michael Badgley,K,5.0
10,461.l.721870.t.5,461.p.100008,Lions,DEF,2.0
10,461.l.721870.t.6,461.p.30973,Sam Darnold,QB,5.92
10,461.l.721870.t.6,461.p.27581,Davante Adams,WR,16.7
10,461.l.721870.t.6,461.p.31883,A.J. Brown,WR,2.3
10,461.l.721870.t.6,461.p.32711,Jonathan Taylor,RB,48.1
10,461.l.721870.t.6,461.p.34447,Jaylen Warren,RB,10.1
10,461.l.721870.t.6,461.p.31056,Mark Andrews,TE,8.9
10,461.l.721870.t.6,461.p.34019,James Cook III,RB,8.2
10,461.l.721870.t.6,461.p.28390,Marcus Mariota,QB,18.72
10,461.l.721870.t.6,461.p.33967,Jameson Williams,WR,20.9
10,461.l.721870.t.6,461.p.26686,Travis Kelce,TE,0.0
10,461.l.721870.t.6,461.p.40126,Josh Downs,WR,0.8
10,461.l.721870.t.6,461.p.25812,Kirk Cousins,QB,0.0
10,461.l.721870.t.6,461.p.30161,Joe Mixon,RB,0.0
10,461.l.721870.t.6,461.p.34344,Cameron Dicker,K,14.0
10,461.l.721870.t.6,461.p.100026,Seahawks,DEF,24.0
10,461.l.721870.t.6,461.p.100021,Eagles,DEF,13.0
10,461.l.721870.t.15,461.p.29325,Jacoby Brissett,QB,19.42
10,461.l.721870.t.15,461.p.33394,Jaylen Waddle,WR,16.9
10,461.l.721870.t.15,461.p.40042,Jordan Addison,WR,5.0
10,461.l.721870.t.15,461.p.41845,RJ Harvey,RB,2.8
10,461.l.721870.t.15,461.p.33100,Rico Dowdle,RB,13.8
10,461.l.721870.t.15,461.p.34062,Cade Otton,TE,12.7
10,461.l.721870.t.15,461.p.32003,Darius Slayton,WR,10.9
10,461.l.721870.t.15,461.p.40900,Caleb Williams,QB,25.1
10,461.l.721870.t.15,461.p.26658,Zach Ertz,TE,7.4
10,461.l.721870.t.15,461.p.30123,Patrick Mahomes,QB,0.0
10,461.l.721870.t.15,461.p.31908,Terry McLaurin,WR,0.0
10,461.l.721870.t.15,461.p.32843,Darnell Mooney,WR,2.2
10,461.l.721870.t.15,461.p.30227,Samaje Perine,RB,0.0
10,461.l.721870.t.15,461.p.40159,Chad Ryland,K,2.0
10,461.l.721870.t.15,461.p.100022,Cardinals,DEF,7.0
10,461.l.721870.t.15,461.p.100017,Patriots,DEF,3.0
10,461.l.721870.t.4,461.p.31002,Lamar Jackson,QB,16.64
10,461.l.721870.t.4,461.p.41058,Malik Washington,WR,8.3
10,461.l.721870.t.4,461.p.32123,Olamide Zaccheaus,WR,1.0
10,461.l.721870.t.4,461.p.41052,Kimani Vidal,RB,17.3
10,461.l.721870.t.4,461.p.34320,Jordan Mason,RB,3.6
10,461.l.721870.t.4,461.p.41799,Tyler Warren,TE,13.9
10,461.l.721870.t.4,461.p.40114,Tre Tucker,WR,4.5
10,461.l.721870.t.4,461.p.41861,Dillon Gabriel,QB,20.08
10,461.l.721870.t.4,461.p.32231,Jakobi Meyers,WR,5.6
10,461.l.721870.t.4,461.p.40877,Xavier Worthy,WR,0.0
10,461.l.721870.t.4,461.p.40119,Tyjae Spears,RB,0.0
10,461.l.721870.t.4,461.p.99001,Travis Hunter,WR,0.0
10,461.l.721870.t.4,461.p.33514,Chuba Hubbard,RB,2.0
10,461.l.721870.t.4,461.p.32671,Joe Burrow,QB,0.0
10,461.l.721870.t.4,461.p.41980,Andy Borregales,K,4.0
10,461.l.721870.t.4,461.p.100014,Rams,DEF,8.0
10,461.l.721870.t.10,461.p.29235,Jared Goff,QB,24.8
10,461.l.721870.t.10,461.p.31896,DK Metcalf,WR,5.0
10,461.l.721870.t.10,461.p.40234,Parker Washington,WR,16.4
10,461.l.721870.t.10,461.p.41823,TreVeyon Henderson,RB,27.5
10,461.l.721870.t.10,461.p.41902,Woody Marks,RB,15.1
10,461.l.721870.t.10,461.p.40064,Sam LaPorta,TE,7.8
10,461.l.721870.t.10,461.p.33413,Travis Etienne Jr.,RB,14.7
10,461.l.721870.t.10,461.p.33455,Davis Mills,QB,28.68
10,461.l.721870.t.10,461.p.40084,Rashee Rice,WR,0.0
10,461.l.721870.t.10,461.p.30996,Calvin Ridley,WR,0.0
10,461.l.721870.t.10,461.p.41043,Spencer Rattler,QB,0.0
10,461.l.721870.t.10,461.p.40958,Trey Benson,RB,0.0
10,461.l.721870.t.10,461.p.40095,Tank Bigsby,RB,0.7
10,461.l.721870.t.10,461.p.27120,Brandon McManus,K,1.0
10,461.l.721870.t.10,461.p.100005,Browns,DEF,5.0
10,461.l.721870.t.10,461.p.100012,Chiefs,DEF,0.0
10,461.l.721870.t.16,461.p.31838,Daniel Jones,QB,16.5
10,461.l.721870.t.16,461.p.40039,Zay Flowers,WR,10.1
10,461.l.721870.t.16,461.p.30994,DJ Moore,WR,0.0
10,461.l.721870.t.16,461.p.40059,Jahmyr Gibbs,RB,36.7
10,461.l.721870.t.16,461.p.41969,Ollie Gordon II,RB,-0.3
10,461.l.721870.t.16,461.p.41951,Oronde Gadsden,TE,2.8
10,461.l.721870.t.16,461.p.41001,AJ Barner,TE,0.3
10,461.l.721870.t.16,461.p.40048,Dalton Kincaid,TE,4.7
10,461.l.721870.t.16,461.p.40883,Brian Thomas Jr.,WR,0.0
10,461.l.721870.t.16,461.p.30275,Jeremy McNichols,RB,3.4
10,461.l.721870.t.16,461.p.40896,Jayden Daniels,QB,0.0
10,461.l.721870.t.16,461.p.41930,Shedeur Sanders,QB,0.0
10,461.l.721870.t.16,461.p.31945,Justice Hill,RB,7.8
10,461.l.721870.t.16,461.p.32417,Chase McLaughlin,K,5.0
10,461.l.721870.t.16,461.p.100033,Ravens,DEF,11.0
10,461.l.721870.t.16,461.p.100027,Buccaneers,DEF,4.0
10,461.l.721870.t.1,461.p.30971,Baker Mayfield,QB,22.92
10,461.l.721870.t.1,461.p.40908,Ladd McConkey,WR,18.7
10,461.l.721870.t.1,461.p.28534,Stefon Diggs,WR,13.1
10,461.l.721870.t.1,461.p.40118,De'Von Achane,RB,37.5
10,461.l.721870.t.1,461.p.41791,Ashton Jeanty,RB,13.8
10,461.l.721870.t.1,461.p.33392,Kyle Pitts Sr.,TE,4.8
10,461.l.721870.t.1,461.p.33966,Chris Olave,WR,18.9
10,461.l.721870.t.1,461.p.41810,Jaxson Dart,QB,26.28
10,461.l.721870.t.1,461.p.34085,Jake Ferguson,TE,0.0
10,461.l.721870.t.1,461.p.8795,Joe Flacco,QB,0.0
10,461.l.721870.t.1,461.p.34054,Brian Robinson Jr.,RB,11.0
10,461.l.721870.t.1,461.p.33470,Dyami Brown,WR,0.0
10,461.l.721870.t.1,461.p.27560,Teddy Bridgewater,QB,0.0
10,461.l.721870.t.1,461.p.34008,Alec Pierce,WR,16.4
10,461.l.721870.t.1,461.p.31482,Eddy Pineiro,K,-1.0
10,461.l.721870.t.1,461.p.100034,Texans,DEF,15.0
10,461.l.721870.t.7,461.p.32723,Jalen Hurts,QB,12.02
10,461.l.721870.t.7,461.p.33965,Garrett Wilson,WR,0.0
10,461.l.721870.t.7,461.p.33398,DeVonta Smith,WR,14.9
10,461.l.721870.t.7,461.p.29279,Derrick Henry,RB,9.9
10,461.l.721870.t.7,461.p.31905,David Montgomery,RB,9.6
10,461.l.721870.t.7,461.p.31019,Dallas Goedert,TE,6.3
10,461.l.721870.t.7,461.p.42025,Kyle Monangai,RB,8.8
10,461.l.721870.t.7,461.p.9265,Matthew Stafford,QB,26.9
10,461.l.721870.t.7,461.p.40890,Xavier Legette,WR,0.0
10,461.l.721870.t.7,461.p.40051,Quentin Johnston,WR,6.7
10,461.l.721870.t.7,461.p.29344,Tyler Higbee,TE,4.8
10,461.l.721870.t.7,461.p.33538,Kenneth Gainwell,RB,1.4
10,461.l.721870.t.7,461.p.31017,Christian Kirk,WR,0.8
10,461.l.721870.t.7,461.p.31906,Devin Singletary,RB,8.8
10,461.l.721870.t.7,461.p.30266,Jake Elliott,K,4.0
10,461.l.721870.t.7,461.p.100009,Packers,DEF,8.0
10,461.l.721870.t.11,461.p.26662,Geno Smith,QB,5.42
10,461.l.721870.t.11,461.p.40168,Puka Nacua,WR,14.9
10,461.l.721870.t.11,461.p.33477,Nico Collins,WR,19.1
10,461.l.721870.t.11,461.p.41821,Quinshon Judkins,RB,9.5
10,461.l.721870.t.11,461.p.41900,Bhayshul Tuten,RB,1.5
10,461.l.721870.t.11,461.p.34010,Trey McBride,TE,23.2
10,461.l.721870.t.11,461.p.34659,Rashid Shaheed,WR,2.8
10,461.l.721870.t.11,461.p.33348,Nick Westbrook-Ikhine,WR,1.2
10,461.l.721870.t.11,461.p.33508,Rhamondre Stevenson,RB,0.0
10,461.l.721870.t.11,461.p.41786,Cam Ward,QB,0.0
10,461.l.721870.t.11,461.p.32703,Tee Higgins,WR,0.0
10,461.l.721870.t.11,461.p.42012,Brashard Smith,RB,0.0
10,461.l.721870.t.11,461.p.40222,DeMario Douglas,WR,4.4
10,461.l.721870.t.11,461.p.41907,Dylan Sampson,RB,0.4
10,461.l.721870.t.11,461.p.41093,Will Reichard,K,9.0
10,461.l.721870.t.11,461.p.100023,Steelers,DEF,5.0
10,461.l.721870.t.13,461.p.40029,Bryce Young,QB,2.56
10,461.l.721870.t.13,461.p.32692,Justin Jefferson,WR,5.7
10,461.l.721870.t.13,461.p.32704,Michael Pittman Jr.,WR,2.9
10,461.l.721870.t.13,461.p.30180,Alvin Kamara,RB,13.0
10,461.l.721870.t.13,461.p.32705,D'Andre Swift,RB,12.3
10,461.l.721870.t.13,461.p.31840,T.J. Hockenson,TE,1.8
10,461.l.721870.t.13,461.p.40893,Marvin Harrison Jr.,WR,12.8
10,461.l.721870.t.13,461.p.31010,Courtland Sutton,WR,3.9
10,461.l.721870.t.13,461.p.40030,C.J. Stroud,QB,0.0
10,461.l.721870.t.13,461.p.30199,Kareem Hunt,RB,0.0
10,461.l.721870.t.13,461.p.41827,Mason Taylor,TE,0.9
10,461.l.721870.t.13,461.p.30197,Chris Godwin Jr.,WR,0.0
10,461.l.721870.t.13,461.p.41807,Omarion Hampton,RB,0.0
10,461.l.721870.t.13,461.p.29754,Wil Lutz,K,4.0
10,461.l.721870.t.13,461.p.29792,Ka'imi Fairbairn,K,0.0
10,461.l.721870.t.13,461.p.100020,Jets,DEF,20.0
10,461.l.721870.t.2,461.p.32696,Jordan Love,QB,7.84
10,461.l.721870.t.2,461.p.33500,Amon-Ra St. Brown,WR,14.3
10,461.l.721870.t.2,461.p.34094,Calvin Austin III,WR,2.4
10,461.l.721870.t.2,461.p.30295,Aaron Jones Sr.,RB,14.4
10,461.l.721870.t.2,461.p.40430,Emari Demercado,RB,11.9
10,461.l.721870.t.2,461.p.29269,Hunter Henry,TE,1.4
10,461.l.721870.t.2,461.p.41877,Harold Fannin Jr.,TE,6.4
10,461.l.721870.t.2,461.p.33399,Justin Fields,QB,7.96
10,461.l.721870.t.2,461.p.32687,CeeDee Lamb,WR,0.0
10,461.l.721870.t.2,461.p.33443,Pat Freiermuth,TE,4.8
10,461.l.721870.t.2,461.p.34207,Isiah Pacheco,RB,0.0
10,461.l.721870.t.2,461.p.40090,Marvin Mims Jr.,WR,0.0
10,461.l.721870.t.2,461.p.24967,Tyrod Taylor,QB,0.0
10,461.l.721870.t.2,461.p.40231,Chris Rodriguez Jr.,RB,7.6
10,461.l.721870.t.2,461.p.41988,Tyler Loop,K,14.0
10,461.l.721870.t.2,461.p.100001,Falcons,DEF,8.0
10,461.l.721870.t.9,461.p.7200,Aaron Rodgers,QB,8.44
10,461.l.721870.t.9,461.p.33415,Rashod Bateman,WR,3.5
10,461.l.721870.t.9,461.p.27535,Mike Evans,WR,0.0
10,461.l.721870.t.9,461.p.30972,Saquon Barkley,RB,11.6
10,461.l.721870.t.9,461.p.33996,Kenneth Walker III,RB,7.5
10,461.l.721870.t.9,461.p.31107,Dalton Schultz,TE,14.8
10,461.l.721870.t.9,461.p.41795,Colston Loveland,TE,7.5
10,461.l.721870.t.9,461.p.34218,Brock Purdy,QB,0.0
10,461.l.721870.t.9,461.p.41819,Jayden Higgins,WR,12.7
10,461.l.721870.t.9,461.p.40102,Tucker Kraft,TE,0.0
10,461.l.721870.t.9,461.p.34047,Rachaad White,RB,7.9
10,461.l.721870.t.9,461.p.40078,Brenton Strange,TE,0.0
10,461.l.721870.t.9,461.p.27277,Adam Thielen,WR,2.6
10,461.l.721870.t.9,461.p.31046,Mason Rudolph,QB,0.0
10,461.l.721870.t.9,461.p.28188,Chris Boswell,K,5.0
10,461.l.721870.t.9,461.p.100003,Bears,DEF,10.0
11,461.l.721870.t.14,461.p.40875,Bo Nix,QB,12.6
11,461.l.721870.t.14,461.p.40901,Rome Odunze,WR,5.1
11,461.l.721870.t.14,461.p.40041,Jaxon Smith-Njigba,WR,16.1
11,461.l.721870.t.14,461.p.42010,Jacory Croskey-Merritt,RB,3.8
11,461.l.721870.t.14,461.p.40196,Chase Brown,RB,15.7
11,461.l.721870.t.14,461.p.30259,George Kittle,TE,21.7
11,461.l.721870.t.14,461.p.41804,Emeka Egbuka,WR,6.5
11,461.l.721870.t.14,461.p.33389,Trevor Lawrence,QB,16.02
11,461.l.721870.t.14,461.p.34107,Tyler Allgeier,RB,8.6
11,461.l.721870.t.14,461.p.40892,Ricky Pearsall,WR,0.5
11,461.l.721870.t.14,461.p.40962,Blake Corum,RB,1.0
11,461.l.721870.t.14,461.p.40980,Ray Davis,RB,0.0
11,461.l.721870.t.14,461.p.41840,Tre' Harris,WR,1.7
11,461.l.721870.t.14,461.p.40819,Brandon Aubrey,K,9.0
11,461.l.721870.t.14,461.p.100024,Chargers,DEF,0.0
11,461.l.721870.t.14,461.p.100030,Jaguars,DEF,15.0
11,461.l.721870.t.8,461.p.32676,Justin Herbert,QB,4.34
11,461.l.721870.t.8,461.p.32685,Jerry Jeudy,WR,3.6
11,461.l.721870.t.8,461.p.34007,George Pickens,WR,24.9
11,461.l.721870.t.8,461.p.31856,Josh Jacobs,RB,4.0
11,461.l.721870.t.8,461.p.33991,Breece Hall,RB,7.4
11,461.l.721870.t.8,461.p.30213,Jonnu Smith,TE,0.0
11,461.l.721870.t.8,461.p.33423,Javonte Williams,RB,9.8
11,461.l.721870.t.8,461.p.40905,J.J. McCarthy,QB,8.0
11,461.l.721870.t.8,461.p.31005,Nick Chubb,RB,1.7
11,461.l.721870.t.8,461.p.31868,Deebo Samuel,WR,17.2
11,461.l.721870.t.8,461.p.32675,Tua Tagovailoa,QB,6.84
11,461.l.721870.t.8,461.p.28592,Darren Waller,TE,0.0
11,461.l.721870.t.8,461.p.32695,Brandon Aiyuk,WR,0.0
11,461.l.721870.t.8,461.p.42037,Quinn Ewers,QB,0.0
11,461.l.721870.t.8,461.p.28227,Cairo Santos,K,15.0
11,461.l.721870.t.8,461.p.100029,Panthers,DEF,2.0
11,461.l.721870.t.3,461.p.30977,Josh Allen,QB,44.68
11,461.l.721870.t.3,461.p.26699,Keenan Allen,WR,7.3
11,461.l.721870.t.3,461.p.34104,Khalil Shakir,WR,0.2
11,461.l.721870.t.3,461.p.40055,Bijan Robinson,RB,28.3
11,461.l.721870.t.3,461.p.34357,Bam Knight,RB,12.5
11,461.l.721870.t.3,461.p.40074,Luke Musgrave,TE,0.4
11,461.l.721870.t.3,461.p.32887,Jauan Jennings,WR,7.4
11,461.l.721870.t.3,461.p.40889,Michael Penix Jr.,QB,7.9
11,461.l.721870.t.3,461.p.33113,Juwan Johnson,TE,0.0
11,461.l.721870.t.3,461.p.40993,Bucky Irving,RB,0.0
11,461.l.721870.t.3,461.p.40224,Kayshon Boutte,WR,0.0
11,461.l.721870.t.3,461.p.41904,Elic Ayomanor,WR,2.1
11,461.l.721870.t.3,461.p.41031,Isaiah Davis,RB,1.1
11,461.l.721870.t.3,461.p.40641,Keaton Mitchell,RB,6.4
11,461.l.721870.t.3,461.p.28378,Jason Myers,K,15.0
11,461.l.721870.t.3,461.p.100025,49ers,DEF,6.0
11,461.l.721870.t.12,461.p.33975,Kenny Pickett,QB,0.0
11,461.l.721870.t.12,461.p.33963,Drake London,WR,15.4
11,461.l.721870.t.12,461.p.40121,Michael Wilson,WR,26.0
11,461.l.721870.t.12,461.p.30121,Christian McCaffrey,RB,32.6
11,461.l.721870.t.12,461.p.34120,Kyren Williams,RB,16.1
11,461.l.721870.t.12,461.p.40878,Brock Bowers,TE,10.7
11,461.l.721870.t.12,461.p.41048,Tyrone Tracy Jr.,RB,15.9
11,461.l.721870.t.12,461.p.34088,Romeo Doubs,WR,7.3
11,461.l.721870.t.12,461.p.41825,Tyler Shough,QB,0.0
11,461.l.721870.t.12,461.p.41793,Tetairoa McMillan,WR,29.0
11,461.l.721870.t.12,461.p.33998,Wan'Dale Robinson,WR,5.6
11,461.l.721870.t.12,461.p.31833,Kyler Murray,QB,0.0
11,461.l.721870.t.12,461.p.30142,David Njoku,TE,1.2
11,461.l.721870.t.12,461.p.30346,Harrison Butker,K,4.0
11,461.l.721870.t.12,461.p.100007,Broncos,DEF,9.0
11,461.l.721870.t.5,461.p.40881,Drake Maye,QB,15.44
11,461.l.721870.t.5,461.p.33393,Ja'Marr Chase,WR,4.5
11,461.l.721870.t.5,461.p.41009,Troy Franklin,WR,10.4
11,461.l.721870.t.5,461.p.40075,Zach Charbonnet,RB,5.7
11,461.l.721870.t.5,461.p.31960,Tony Pollard,RB,4.1
11,461.l.721870.t.5,461.p.41003,Theo Johnson,TE,5.1
11,461.l.721870.t.5,461.p.42030,Tez Johnson,WR,1.1
11,461.l.721870.t.5,461.p.29369,Dak Prescott,QB,24.32
11,461.l.721870.t.5,461.p.32725,J.K. Dobbins,RB,0.0
11,461.l.721870.t.5,461.p.33989,Christian Watson,WR,18.6
11,461.l.721870.t.5,461.p.33403,Mac Jones,QB,-0.3
11,461.l.721870.t.5,461.p.41808,Matthew Golden,WR,2.9
11,461.l.721870.t.5,461.p.40707,Emanuel Wilson,RB,13.4
11,461.l.721870.t.5,461.p.34152,Tyler Badie,RB,0.5
11,461.l.721870.t.5,461.p.41062,Cam Little,K,5.0
11,461.l.721870.t.5,461.p.100008,Lions,DEF,3.0
11,461.l.721870.t.6,461.p.30973,Sam Darnold,QB,8.26
11,461.l.721870.t.6,461.p.31883,A.J. Brown,WR,8.4
11,461.l.721870.t.6,461.p.33967,Jameson Williams,WR,17.7
11,461.l.721870.t.6,461.p.34447,Jaylen Warren,RB,7.7
11,461.l.721870.t.6,461.p.34019,James Cook III,RB,18.9
11,461.l.721870.t.6,461.p.26686,Travis Kelce,TE,19.6
11,461.l.721870.t.6,461.p.27581,Davante Adams,WR,6.6
11,461.l.721870.t.6,461.p.28390,Marcus Mariota,QB,16.42
11,461.l.721870.t.6,461.p.31056,Mark Andrews,TE,14.2
11,461.l.721870.t.6,461.p.32711,Jonathan Taylor,RB,0.0
11,461.l.721870.t.6,461.p.40126,Josh Downs,WR,0.0
11,461.l.721870.t.6,461.p.25812,Kirk Cousins,QB,2.12
11,461.l.721870.t.6,461.p.30161,Joe Mixon,RB,0.0
11,461.l.721870.t.6,461.p.34344,Cameron Dicker,K,8.0
11,461.l.721870.t.6,461.p.100021,Eagles,DEF,13.0
11,461.l.721870.t.6,461.p.100026,Seahawks,DEF,3.0
11,461.l.721870.t.15,461.p.30123,Patrick Mahomes,QB,14.34
11,461.l.721870.t.15,461.p.33394,Jaylen Waddle,WR,6.7
11,461.l.721870.t.15,461.p.40042,Jordan Addison,WR,9.0
11,461.l.721870.t.15,461.p.33100,Rico Dowdle,RB,12.5
11,461.l.721870.t.15,461.p.40059,Jahmyr Gibbs,RB,17.1
11,461.l.721870.t.15,461.p.34062,Cade Otton,TE,3.8
11,461.l.721870.t.15,461.p.32843,Darnell Mooney,WR,4.9
11,461.l.721870.t.15,461.p.29325,Jacoby Brissett,QB,23.88
11,461.l.721870.t.15,461.p.32003,Darius Slayton,WR,0.0
11,461.l.721870.t.15,461.p.26658,Zach Ertz,TE,6.2
11,461.l.721870.t.15,461.p.31908,Terry McLaurin,WR,0.0
11,461.l.721870.t.15,461.p.30227,Samaje Perine,RB,0.0
11,461.l.721870.t.15,461.p.40159,Chad Ryland,K,4.0
11,461.l.721870.t.15,461.p.100017,Patriots,DEF,6.0
11,461.l.721870.t.15,461.p.100022,Cardinals,DEF,-1.0
11,461.l.721870.t.4,461.p.31002,Lamar Jackson,QB,5.72
11,461.l.721870.t.4,461.p.41058,Malik Washington,WR,5.7
11,461.l.721870.t.4,461.p.40114,Tre Tucker,WR,12.7
11,461.l.721870.t.4,461.p.41052,Kimani Vidal,RB,2.2
11,461.l.721870.t.4,461.p.40742,Sean Tucker,RB,33.0
11,461.l.721870.t.4,461.p.31928,Dawson Knox,TE,2.8
11,461.l.721870.t.4,461.p.40877,Xavier Worthy,WR,4.0
11,461.l.721870.t.4,461.p.41861,Dillon Gabriel,QB,2.92
11,461.l.721870.t.4,461.p.34320,Jordan Mason,RB,10.5
11,461.l.721870.t.4,461.p.41799,Tyler Warren,TE,0.0
11,461.l.721870.t.4,461.p.32231,Jakobi Meyers,WR,8.9
11,461.l.721870.t.4,461.p.40119,Tyjae Spears,RB,5.9
11,461.l.721870.t.4,461.p.33514,Chuba Hubbard,RB,3.3
11,461.l.721870.t.4,461.p.32671,Joe Burrow,QB,0.0
11,461.l.721870.t.4,461.p.41980,Andy Borregales,K,9.0
11,461.l.721870.t.4,461.p.100014,Rams,DEF,9.0
11,461.l.721870.t.10,461.p.29235,Jared Goff,QB,13.1
11,461.l.721870.t.10,461.p.31896,DK Metcalf,WR,7.4
11,461.l.721870.t.10,461.p.40084,Rashee Rice,WR,6.8
11,461.l.721870.t.10,461.p.41823,TreVeyon Henderson,RB,29.8
11,461.l.721870.t.10,461.p.41902,Woody Marks,RB,5.6
11,461.l.721870.t.10,461.p.30136,Evan Engram,TE,5.3
11,461.l.721870.t.10,461.p.33413,Travis Etienne Jr.,RB,19.3
11,461.l.721870.t.10,461.p.33455,Davis Mills,QB,16.36
11,461.l.721870.t.10,461.p.40064,Sam LaPorta,TE,0.0
11,461.l.721870.t.10,461.p.40234,Parker Washington,WR,3.0
11,461.l.721870.t.10,461.p.40958,Trey Benson,RB,0.0
11,461.l.721870.t.10,461.p.30182,Cooper Kupp,WR,3.8
11,461.l.721870.t.10,461.p.31137,Daniel Carlson,K,11.0
11,461.l.721870.t.10,461.p.100012,Chiefs,DEF,2.0
11,461.l.721870.t.10,461.p.100005,Browns,DEF,17.0
11,461.l.721870.t.16,461.p.40900,Caleb Williams,QB,10.32
11,461.l.721870.t.16,461.p.40039,Zay Flowers,WR,9.8
11,461.l.721870.t.16,461.p.30994,DJ Moore,WR,2.6
11,461.l.721870.t.16,461.p.41969,Ollie Gordon II,RB,10.5
11,461.l.721870.t.16,461.p.41845,RJ Harvey,RB,6.5
11,461.l.721870.t.16,461.p.41951,Oronde Gadsden,TE,5.1
11,461.l.721870.t.16,461.p.28457,Tyler Lockett,WR,4.8
11,461.l.721870.t.16,461.p.40915,Adonai Mitchell,WR,1.5
11,461.l.721870.t.16,461.p.40883,Brian Thomas Jr.,WR,0.0
11,461.l.721870.t.16,461.p.28389,Jameis Winston,QB,12.04
11,461.l.721870.t.16,461.p.41930,Shedeur Sanders,QB,2.48
11,461.l.721870.t.16,461.p.40048,Dalton Kincaid,TE,0.0
11,461.l.721870.t.16,461.p.31838,Daniel Jones,QB,0.0
11,461.l.721870.t.16,461.p.40896,Jayden Daniels,QB,0.0
11,461.l.721870.t.16,461.p.32417,Chase McLaughlin,K,8.0
11,461.l.721870.t.16,461.p.100033,Ravens,DEF,10.0
11,461.l.721870.t.1,461.p.30971,Baker Mayfield,QB,17.82
11,461.l.721870.t.1,461.p.40908,Ladd McConkey,WR,2.8
11,461.l.721870.t.1,461.p.28534,Stefon Diggs,WR,15.0
11,461.l.721870.t.1,461.p.40118,De'Von Achane,RB,19.0
11,461.l.721870.t.1,461.p.41791,Ashton Jeanty,RB,6.4
11,461.l.721870.t.1,461.p.34085,Jake Ferguson,TE,9.6
11,461.l.721870.t.1,461.p.26650,DeAndre Hopkins,WR,1.6
11,461.l.721870.t.1,461.p.8795,Joe Flacco,QB,9.86
11,461.l.721870.t.1,461.p.34054,Brian Robinson Jr.,RB,2.4
11,461.l.721870.t.1,461.p.41810,Jaxson Dart,QB,0.0
11,461.l.721870.t.1,461.p.33392,Kyle Pitts Sr.,TE,2.4
11,461.l.721870.t.1,461.p.34008,Alec Pierce,WR,0.0
11,461.l.721870.t.1,461.p.33966,Chris Olave,WR,0.0
11,461.l.721870.t.1,461.p.27560,Teddy Bridgewater,QB,-0.1
11,461.l.721870.t.1,461.p.31482,Eddy Pineiro,K,8.0
11,461.l.721870.t.1,461.p.100034,Texans,DEF,9.0
11,461.l.721870.t.7,461.p.32723,Jalen Hurts,QB,14.5
11,461.l.721870.t.7,461.p.33398,DeVonta Smith,WR,1.3
11,461.l.721870.t.7,461.p.40051,Quentin Johnston,WR,0.0
11,461.l.721870.t.7,461.p.29279,Derrick Henry,RB,19.2
11,461.l.721870.t.7,461.p.31905,David Montgomery,RB,4.2
11,461.l.721870.t.7,461.p.31019,Dallas Goedert,TE,3.4
11,461.l.721870.t.7,461.p.33538,Kenneth Gainwell,RB,26.0
11,461.l.721870.t.7,461.p.9265,Matthew Stafford,QB,13.2
11,461.l.721870.t.7,461.p.42025,Kyle Monangai,RB,10.2
11,461.l.721870.t.7,461.p.33965,Garrett Wilson,WR,0.0
11,461.l.721870.t.7,461.p.40890,Xavier Legette,WR,16.3
11,461.l.721870.t.7,461.p.29344,Tyler Higbee,TE,2.8
11,461.l.721870.t.7,461.p.31017,Christian Kirk,WR,1.1
11,461.l.721870.t.7,461.p.31906,Devin Singletary,RB,17.2
11,461.l.721870.t.7,461.p.30266,Jake Elliott,K,11.0
11,461.l.721870.t.7,461.p.100009,Packers,DEF,8.0
11,461.l.721870.t.11,461.p.26662,Geno Smith,QB,13.92
11,461.l.721870.t.11,461.p.40168,Puka Nacua,WR,10.8
11,461.l.721870.t.11,461.p.33477,Nico Collins,WR,19.7
11,461.l.721870.t.11,461.p.41821,Quinshon Judkins,RB,5.9
11,461.l.721870.t.11,461.p.41900,Bhayshul Tuten,RB,13.4
11,461.l.721870.t.11,461.p.34010,Trey McBride,TE,22.5
11,461.l.721870.t.11,461.p.32703,Tee Higgins,WR,13.8
11,461.l.721870.t.11,461.p.41786,Cam Ward,QB,13.06
11,461.l.721870.t.11,461.p.34659,Rashid Shaheed,WR,3.9
11,461.l.721870.t.11,461.p.33348,Nick Westbrook-Ikhine,WR,0.0
11,461.l.721870.t.11,461.p.33508,Rhamondre Stevenson,RB,0.0
11,461.l.721870.t.11,461.p.42012,Brashard Smith,RB,1.8
11,461.l.721870.t.11,461.p.40222,DeMario Douglas,WR,4.6
11,461.l.721870.t.11,461.p.41907,Dylan Sampson,RB,1.9
11,461.l.721870.t.11,461.p.41093,Will Reichard,K,5.0
11,461.l.721870.t.11,461.p.100023,Steelers,DEF,22.0
11,461.l.721870.t.13,461.p.40029,Bryce Young,QB,31.82
11,461.l.721870.t.13,461.p.32692,Justin Jefferson,WR,8.6
11,461.l.721870.t.13,461.p.31010,Courtland Sutton,WR,7.9
11,461.l.721870.t.13,461.p.32705,D'Andre Swift,RB,9.0
11,461.l.721870.t.13,461.p.30199,Kareem Hunt,RB,12.7
11,461.l.721870.t.13,461.p.31840,T.J. Hockenson,TE,5.4
11,461.l.721870.t.13,461.p.34147,Jalen Nailor,WR,2.1
11,461.l.721870.t.13,461.p.30551,Kendrick Bourne,WR,0.0
11,461.l.721870.t.13,461.p.40030,C.J. Stroud,QB,0.0
11,461.l.721870.t.13,461.p.40893,Marvin Harrison Jr.,WR,0.0
11,461.l.721870.t.13,461.p.30180,Alvin Kamara,RB,0.0
11,461.l.721870.t.13,461.p.32704,Michael Pittman Jr.,WR,0.0
11,461.l.721870.t.13,461.p.41807,Omarion Hampton,RB,0.0
11,461.l.721870.t.13,461.p.29754,Wil Lutz,K,18.0
11,461.l.721870.t.13,461.p.29792,Ka'imi Fairbairn,K,0.0
11,461.l.721870.t.13,461.p.100020,Jets,DEF,1.0
11,461.l.721870.t.2,461.p.32696,Jordan Love,QB,17.66
11,461.l.721870.t.2,461.p.33500,Amon-Ra St. Brown,WR,5.2
11,461.l.721870.t.2,461.p.32687,CeeDee Lamb,WR,15.1
11,461.l.721870.t.2,461.p.30295,Aaron Jones Sr.,RB,9.6
11,461.l.721870.t.2,461.p.40430,Emari Demercado,RB,3.0
11,461.l.721870.t.2,461.p.29269,Hunter Henry,TE,6.5
11,461.l.721870.t.2,461.p.34094,Calvin Austin III,WR,1.0
11,461.l.721870.t.2,461.p.33399,Justin Fields,QB,19.34
11,461.l.721870.t.2,461.p.41877,Harold Fannin Jr.,TE,3.6
11,461.l.721870.t.2,461.p.33443,Pat Freiermuth,TE,2.4
11,461.l.721870.t.2,461.p.34207,Isiah Pacheco,RB,0.0
11,461.l.721870.t.2,461.p.40090,Marvin Mims Jr.,WR,0.2
11,461.l.721870.t.2,461.p.24967,Tyrod Taylor,QB,0.0
11,461.l.721870.t.2,461.p.40231,Chris Rodriguez Jr.,RB,9.0
11,461.l.721870.t.2,461.p.41988,Tyler Loop,K,12.0
11,461.l.721870.t.2,461.p.100001,Falcons,DEF,7.0
11,461.l.721870.t.9,461.p.7200,Aaron Rodgers,QB,9.44
11,461.l.721870.t.9,461.p.40093,Cedric Tillman,WR,6.7
11,461.l.721870.t.9,461.p.41819,Jayden Higgins,WR,7.5
11,461.l.721870.t.9,461.p.30972,Saquon Barkley,RB,9.5
11,461.l.721870.t.9,461.p.33996,Kenneth Walker III,RB,18.6
11,461.l.721870.t.9,461.p.31107,Dalton Schultz,TE,8.1
11,461.l.721870.t.9,461.p.34047,Rachaad White,RB,7.2
11,461.l.721870.t.9,461.p.34218,Brock Purdy,QB,19.3
11,461.l.721870.t.9,461.p.27535,Mike Evans,WR,0.0
11,461.l.721870.t.9,461.p.27277,Adam Thielen,WR,1.1
11,461.l.721870.t.9,461.p.41795,Colston Loveland,TE,5.5
11,461.l.721870.t.9,461.p.33415,Rashod Bateman,WR,0.0
11,461.l.721870.t.9,461.p.40102,Tucker Kraft,TE,0.0
11,461.l.721870.t.9,461.p.31046,Mason Rudolph,QB,8.98
11,461.l.721870.t.9,461.p.28188,Chris Boswell,K,10.0
11,461.l.721870.t.9,461.p.100003,Bears,DEF,5.0
12,461.l.721870.t.14,461.p.33389,Trevor Lawrence,QB,20.14
12,461.l.721870.t.14,461.p.40901,Rome Odunze,WR,6.8
12,461.l.721870.t.14,461.p.40041,Jaxon Smith-Njigba,WR,33.1
12,461.l.721870.t.14,461.p.40196,Chase Brown,RB,14.0
12,461.l.721870.t.14,461.p.34107,Tyler Allgeier,RB,5.4
12,461.l.721870.t.14,461.p.30259,George Kittle,TE,10.8
12,461.l.721870.t.14,461.p.41804,Emeka Egbuka,WR,4.7
12,461.l.721870.t.14,461.p.40892,Ricky Pearsall,WR,1.8
12,461.l.721870.t.14,461.p.42010,Jacory Croskey-Merritt,RB,0.0
12,461.l.721870.t.14,461.p.40875,Bo Nix,QB,0.0
12,461.l.721870.t.14,461.p.40962,Blake Corum,RB,2.4
12,461.l.721870.t.14,461.p.40980,Ray Davis,RB,6.0
12,461.l.721870.t.14,461.p.41840,Tre' Harris,WR,0.0
12,461.l.721870.t.14,461.p.40095,Tank Bigsby,RB,0.8
12,461.l.721870.t.14,461.p.40819,Brandon Aubrey,K,7.0
12,461.l.721870.t.14,461.p.100030,Jaguars,DEF,9.0
12,461.l.721870.t.8,461.p.40905,J.J. McCarthy,QB,2.48
12,461.l.721870.t.8,461.p.34007,George Pickens,WR,25.1
12,461.l.721870.t.8,461.p.32685,Jerry Jeudy,WR,2.4
12,461.l.721870.t.8,461.p.33991,Breece Hall,RB,11.9
12,461.l.721870.t.8,461.p.33423,Javonte Williams,RB,11.1
12,461.l.721870.t.8,461.p.34099,Chig Okonkwo,TE,5.5
12,461.l.721870.t.8,461.p.40915,Adonai Mitchell,WR,5.2
12,461.l.721870.t.8,461.p.31005,Nick Chubb,RB,2.0
12,461.l.721870.t.8,461.p.31856,Josh Jacobs,RB,0.0
12,461.l.721870.t.8,461.p.32676,Justin Herbert,QB,0.0
12,461.l.721870.t.8,461.p.31868,Deebo Samuel,WR,0.0
12,461.l.721870.t.8,461.p.32675,Tua Tagovailoa,QB,0.0
12,461.l.721870.t.8,461.p.28592,Darren Waller,TE,0.0
12,461.l.721870.t.8,461.p.42037,Quinn Ewers,QB,0.0
12,461.l.721870.t.8,461.p.28227,Cairo Santos,K,8.0
12,461.l.721870.t.8,461.p.100002,Bills,DEF,6.0
12,461.l.721870.t.3,461.p.30977,Josh Allen,QB,10.12
12,461.l.721870.t.3,461.p.34104,Khalil Shakir,WR,13.0
12,461.l.721870.t.3,461.p.40224,Kayshon Boutte,WR,2.5
12,461.l.721870.t.3,461.p.40055,Bijan Robinson,RB,13.7
12,461.l.721870.t.3,461.p.34357,Bam Knight,RB,11.2
12,461.l.721870.t.3,461.p.33113,Juwan Johnson,TE,7.6
12,461.l.721870.t.3,461.p.32887,Jauan Jennings,WR,12.6
12,461.l.721870.t.3,461.p.40211,Andrei Iosivas,WR,8.6
12,461.l.721870.t.3,461.p.40993,Bucky Irving,RB,0.0
12,461.l.721870.t.3,461.p.26699,Keenan Allen,WR,0.0
12,461.l.721870.t.3,461.p.41904,Elic Ayomanor,WR,0.0
12,461.l.721870.t.3,461.p.41031,Isaiah Davis,RB,0.7
12,461.l.721870.t.3,461.p.40641,Keaton Mitchell,RB,2.4
12,461.l.721870.t.3,461.p.30231,Mack Hollins,WR,4.0
12,461.l.721870.t.3,461.p.28378,Jason Myers,K,13.0
12,461.l.721870.t.3,461.p.100025,49ers,DEF,9.0
12,461.l.721870.t.12,461.p.41825,Tyler Shough,QB,8.92
12,461.l.721870.t.12,461.p.40121,Michael Wilson,WR,16.8
12,461.l.721870.t.12,461.p.41793,Tetairoa McMillan,WR,10.5
12,461.l.721870.t.12,461.p.30121,Christian McCaffrey,RB,23.7
12,461.l.721870.t.12,461.p.34120,Kyren Williams,RB,5.3
12,461.l.721870.t.12,461.p.40878,Brock Bowers,TE,8.5
12,461.l.721870.t.12,461.p.34088,Romeo Doubs,WR,3.3
12,461.l.721870.t.12,461.p.41930,Shedeur Sanders,QB,11.26
12,461.l.721870.t.12,461.p.33998,Wan'Dale Robinson,WR,26.1
12,461.l.721870.t.12,461.p.33963,Drake London,WR,0.0
12,461.l.721870.t.12,461.p.33975,Kenny Pickett,QB,0.0
12,461.l.721870.t.12,461.p.31833,Kyler Murray,QB,0.0
12,461.l.721870.t.12,461.p.30142,David Njoku,TE,0.0
12,461.l.721870.t.12,461.p.40835,Jake Bates,K,12.0
12,461.l.721870.t.12,461.p.100018,Saints,DEF,11.0
12,461.l.721870.t.12,461.p.100007,Broncos,DEF,0.0
12,461.l.721870.t.5,461.p.40881,Drake Maye,QB,15.96
12,461.l.721870.t.5,461.p.33989,Christian Watson,WR,7.4
12,461.l.721870.t.5,461.p.32523,Greg Dortch,WR,13.8
12,461.l.721870.t.5,461.p.40075,Zach Charbonnet,RB,9.5
12,461.l.721870.t.5,461.p.40707,Emanuel Wilson,RB,25.5
12,461.l.721870.t.5,461.p.41003,Theo Johnson,TE,9.2
12,461.l.721870.t.5,461.p.31960,Tony Pollard,RB,6.1
12,461.l.721870.t.5,461.p.29369,Dak Prescott,QB,28.06
12,461.l.721870.t.5,461.p.42030,Tez Johnson,WR,10.8
12,461.l.721870.t.5,461.p.41808,Matthew Golden,WR,0.0
12,461.l.721870.t.5,461.p.41009,Troy Franklin,WR,0.0
12,461.l.721870.t.5,461.p.33393,Ja'Marr Chase,WR,0.0
12,461.l.721870.t.5,461.p.33403,Mac Jones,QB,0.0
12,461.l.721870.t.5,461.p.40696,Jaleel McLaughlin,RB,0.0
12,461.l.721870.t.5,461.p.41062,Cam Little,K,13.0
12,461.l.721870.t.5,461.p.100008,Lions,DEF,0.0
12,461.l.721870.t.6,461.p.30973,Sam Darnold,QB,17.66
12,461.l.721870.t.6,461.p.31883,A.J. Brown,WR,21.0
12,461.l.721870.t.6,461.p.33967,Jameson Williams,WR,0.0
12,461.l.721870.t.6,461.p.34019,James Cook III,RB,20.4
12,461.l.721870.t.6,461.p.32711,Jonathan Taylor,RB,7.6
12,461.l.721870.t.6,461.p.26686,Travis Kelce,TE,6.4
12,461.l.721870.t.6,461.p.27581,Davante Adams,WR,20.7
12,461.l.721870.t.6,461.p.25812,Kirk Cousins,QB,14.46
12,461.l.721870.t.6,461.p.34447,Jaylen Warren,RB,12.8
12,461.l.721870.t.6,461.p.28390,Marcus Mariota,QB,0.0
12,461.l.721870.t.6,461.p.31056,Mark Andrews,TE,1.6
12,461.l.721870.t.6,461.p.40126,Josh Downs,WR,2.0
12,461.l.721870.t.6,461.p.40063,Jayden Reed,WR,0.0
12,461.l.721870.t.6,461.p.8432,Nick Folk,K,5.0
12,461.l.721870.t.6,461.p.100026,Seahawks,DEF,6.0
12,461.l.721870.t.6,461.p.100021,Eagles,DEF,7.0
12,461.l.721870.t.15,461.p.30123,Patrick Mahomes,QB,18.08
12,461.l.721870.t.15,461.p.40042,Jordan Addison,WR,0.0
12,461.l.721870.t.15,461.p.32003,Darius Slayton,WR,2.8
12,461.l.721870.t.15,461.p.33100,Rico Dowdle,RB,9.4
12,461.l.721870.t.15,461.p.40059,Jahmyr Gibbs,RB,49.9
12,461.l.721870.t.15,461.p.34062,Cade Otton,TE,4.1
12,461.l.721870.t.15,461.p.32843,Darnell Mooney,WR,14.9
12,461.l.721870.t.15,461.p.29325,Jacoby Brissett,QB,18.68
12,461.l.721870.t.15,461.p.33394,Jaylen Waddle,WR,0.0
12,461.l.721870.t.15,461.p.26658,Zach Ertz,TE,0.0
12,461.l.721870.t.15,461.p.31908,Terry McLaurin,WR,0.0
12,461.l.721870.t.15,461.p.30227,Samaje Perine,RB,0.0
12,461.l.721870.t.15,461.p.40159,Chad Ryland,K,5.0
12,461.l.721870.t.15,461.p.100017,Patriots,DEF,11.0
12,461.l.721870.t.15,461.p.100022,Cardinals,DEF,18.0
12,461.l.721870.t.4,461.p.31002,Lamar Jackson,QB,7.22
12,461.l.721870.t.4,461.p.40114,Tre Tucker,WR,4.3
12,461.l.721870.t.4,461.p.30197,Chris Godwin Jr.,WR,1.9
12,461.l.721870.t.4,461.p.40742,Sean Tucker,RB,5.1
12,461.l.721870.t.4,461.p.40119,Tyjae Spears,RB,4.5
12,461.l.721870.t.4,461.p.41799,Tyler Warren,TE,7.0
12,461.l.721870.t.4,461.p.40877,Xavier Worthy,WR,7.9
12,461.l.721870.t.4,461.p.32231,Jakobi Meyers,WR,13.0
12,461.l.721870.t.4,461.p.34320,Jordan Mason,RB,4.2
12,461.l.721870.t.4,461.p.32671,Joe Burrow,QB,0.0
12,461.l.721870.t.4,461.p.41861,Dillon Gabriel,QB,0.0
12,461.l.721870.t.4,461.p.41052,Kimani Vidal,RB,0.0
12,461.l.721870.t.4,461.p.33514,Chuba Hubbard,RB,6.3
12,461.l.721870.t.4,461.p.41980,Andy Borregales,K,18.0
12,461.l.721870.t.4,461.p.100013,Raiders,DEF,5.0
12,461.l.721870.t.4,461.p.100024,Chargers,DEF,0.0
12,461.l.721870.t.10,461.p.29235,Jared Goff,QB,18.16
12,461.l.721870.t.10,461.p.31896,DK Metcalf,WR,11.9
12,461.l.721870.t.10,461.p.40084,Rashee Rice,WR,20.1
12,461.l.721870.t.10,461.p.41823,TreVeyon Henderson,RB,9.6
12,461.l.721870.t.10,461.p.41902,Woody Marks,RB,7.4
12,461.l.721870.t.10,461.p.41001,AJ Barner,TE,2.8
12,461.l.721870.t.10,461.p.33413,Travis Etienne Jr.,RB,19.1
12,461.l.721870.t.10,461.p.33455,Davis Mills,QB,14.52
12,461.l.721870.t.10,461.p.40234,Parker Washington,WR,15.6
12,461.l.721870.t.10,461.p.40958,Trey Benson,RB,0.0
12,461.l.721870.t.10,461.p.30182,Cooper Kupp,WR,3.4
12,461.l.721870.t.10,461.p.41903,Chimere Dike,WR,18.9
12,461.l.721870.t.10,461.p.31137,Daniel Carlson,K,4.0
12,461.l.721870.t.10,461.p.100005,Browns,DEF,18.0
12,461.l.721870.t.10,461.p.100012,Chiefs,DEF,1.0
12,461.l.721870.t.16,461.p.31838,Daniel Jones,QB,16.84
12,461.l.721870.t.16,461.p.40039,Zay Flowers,WR,9.4
12,461.l.721870.t.16,461.p.30994,DJ Moore,WR,20.9
12,461.l.721870.t.16,461.p.41048,Tyrone Tracy Jr.,RB,14.5
12,461.l.721870.t.16,461.p.33495,Michael Carter,RB,7.3
12,461.l.721870.t.16,461.p.41827,Mason Taylor,TE,3.6
12,461.l.721870.t.16,461.p.41824,Luther Burden III,WR,7.6
12,461.l.721870.t.16,461.p.40900,Caleb Williams,QB,21.66
12,461.l.721870.t.16,461.p.40883,Brian Thomas Jr.,WR,0.0
12,461.l.721870.t.16,461.p.41845,RJ Harvey,RB,0.0
12,461.l.721870.t.16,461.p.41969,Ollie Gordon II,RB,0.0
12,461.l.721870.t.16,461.p.28389,Jameis Winston,QB,32.74
12,461.l.721870.t.16,461.p.40048,Dalton Kincaid,TE,0.0
12,461.l.721870.t.16,461.p.40896,Jayden Daniels,QB,0.0
12,461.l.721870.t.16,461.p.32417,Chase McLaughlin,K,1.0
12,461.l.721870.t.16,461.p.100033,Ravens,DEF,13.0
12,461.l.721870.t.1,461.p.30971,Baker Mayfield,QB,4.54
12,461.l.721870.t.1,461.p.28534,Stefon Diggs,WR,3.0
12,461.l.721870.t.1,461.p.34008,Alec Pierce,WR,3.1
12,461.l.721870.t.1,461.p.41791,Ashton Jeanty,RB,20.8
12,461.l.721870.t.1,461.p.34054,Brian Robinson Jr.,RB,4.9
12,461.l.721870.t.1,461.p.34085,Jake Ferguson,TE,8.6
12,461.l.721870.t.1,461.p.33966,Chris Olave,WR,11.5
12,461.l.721870.t.1,461.p.8795,Joe Flacco,QB,9.62
12,461.l.721870.t.1,461.p.41810,Jaxson Dart,QB,0.0
12,461.l.721870.t.1,461.p.26650,DeAndre Hopkins,WR,2.3
12,461.l.721870.t.1,461.p.40118,De'Von Achane,RB,0.0
12,461.l.721870.t.1,461.p.40908,Ladd McConkey,WR,0.0
12,461.l.721870.t.1,461.p.33392,Kyle Pitts Sr.,TE,3.5
12,461.l.721870.t.1,461.p.27560,Teddy Bridgewater,QB,3.08
12,461.l.721870.t.1,461.p.30337,Zane Gonzalez,K,15.0
12,461.l.721870.t.1,461.p.100034,Texans,DEF,17.0
12,461.l.721870.t.7,461.p.32723,Jalen Hurts,QB,30.86
12,461.l.721870.t.7,461.p.33398,DeVonta Smith,WR,11.9
12,461.l.721870.t.7,461.p.40890,Xavier Legette,WR,3.7
12,461.l.721870.t.7,461.p.29279,Derrick Henry,RB,21.8
12,461.l.721870.t.7,461.p.31905,David Montgomery,RB,5.2
12,461.l.721870.t.7,461.p.31019,Dallas Goedert,TE,3.0
12,461.l.721870.t.7,461.p.33538,Kenneth Gainwell,RB,15.2
12,461.l.721870.t.7,461.p.9265,Matthew Stafford,QB,22.92
12,461.l.721870.t.7,461.p.40051,Quentin Johnston,WR,0.0
12,461.l.721870.t.7,461.p.42025,Kyle Monangai,RB,10.8
12,461.l.721870.t.7,461.p.33965,Garrett Wilson,WR,0.0
12,461.l.721870.t.7,461.p.31017,Christian Kirk,WR,13.9
12,461.l.721870.t.7,461.p.31906,Devin Singletary,RB,4.7
12,461.l.721870.t.7,461.p.40911,Keon Coleman,WR,0.0
12,461.l.721870.t.7,461.p.30266,Jake Elliott,K,3.0
12,461.l.721870.t.7,461.p.100009,Packers,DEF,20.0
12,461.l.721870.t.11,461.p.26662,Geno Smith,QB,14.2
12,461.l.721870.t.11,461.p.40168,Puka Nacua,WR,13.2
12,461.l.721870.t.11,461.p.33477,Nico Collins,WR,7.0
12,461.l.721870.t.11,461.p.41821,Quinshon Judkins,RB,16.7
12,461.l.721870.t.11,461.p.41900,Bhayshul Tuten,RB,1.7
12,461.l.721870.t.11,461.p.34010,Trey McBride,TE,12.4
12,461.l.721870.t.11,461.p.32703,Tee Higgins,WR,5.6
12,461.l.721870.t.11,461.p.41786,Cam Ward,QB,23.94
12,461.l.721870.t.11,461.p.34659,Rashid Shaheed,WR,0.5
12,461.l.721870.t.11,461.p.33348,Nick Westbrook-Ikhine,WR,0.0
12,461.l.721870.t.11,461.p.33508,Rhamondre Stevenson,RB,1.5
12,461.l.721870.t.11,461.p.42012,Brashard Smith,RB,5.1
12,461.l.721870.t.11,461.p.40222,DeMario Douglas,WR,5.6
12,461.l.721870.t.11,461.p.41907,Dylan Sampson,RB,15.2
12,461.l.721870.t.11,461.p.41093,Will Reichard,K,10.0
12,461.l.721870.t.11,461.p.100023,Steelers,DEF,11.0
12,461.l.721870.t.13,461.p.40029,Bryce Young,QB,10.26
12,461.l.721870.t.13,461.p.32692,Justin Jefferson,WR,6.8
12,461.l.721870.t.13,461.p.32704,Michael Pittman Jr.,WR,11.2
12,461.l.721870.t.13,461.p.32705,D'Andre Swift,RB,1.4
12,461.l.721870.t.13,461.p.30199,Kareem Hunt,RB,18.5
12,461.l.721870.t.13,461.p.31840,T.J. Hockenson,TE,3.9
12,461.l.721870.t.13,461.p.34147,Jalen Nailor,WR,0.0
12,461.l.721870.t.13,461.p.30180,Alvin Kamara,RB,2.5
12,461.l.721870.t.13,461.p.31010,Courtland Sutton,WR,0.0
12,461.l.721870.t.13,461.p.30551,Kendrick Bourne,WR,0.0
12,461.l.721870.t.13,461.p.40030,C.J. Stroud,QB,0.0
12,461.l.721870.t.13,461.p.40893,Marvin Harrison Jr.,WR,0.0
12,461.l.721870.t.13,461.p.41807,Omarion Hampton,RB,0.0
12,461.l.721870.t.13,461.p.30346,Harrison Butker,K,16.0
12,461.l.721870.t.13,461.p.29792,Ka'imi Fairbairn,K,12.0
12,461.l.721870.t.13,461.p.100020,Jets,DEF,1.0
12,461.l.721870.t.2,461.p.32696,Jordan Love,QB,7.06
12,461.l.721870.t.2,461.p.33500,Amon-Ra St. Brown,WR,25.4
12,461.l.721870.t.2,461.p.32687,CeeDee Lamb,WR,9.5
12,461.l.721870.t.2,461.p.30295,Aaron Jones Sr.,RB,7.2
12,461.l.721870.t.2,461.p.34207,Isiah Pacheco,RB,0.0
12,461.l.721870.t.2,461.p.29269,Hunter Henry,TE,21.0
12,461.l.721870.t.2,461.p.41877,Harold Fannin Jr.,TE,6.4
12,461.l.721870.t.2,461.p.24967,Tyrod Taylor,QB,13.78
12,461.l.721870.t.2,461.p.34094,Calvin Austin III,WR,5.6
12,461.l.721870.t.2,461.p.40430,Emari Demercado,RB,0.0
12,461.l.721870.t.2,461.p.33399,Justin Fields,QB,0.0
12,461.l.721870.t.2,461.p.33443,Pat Freiermuth,TE,9.4
12,461.l.721870.t.2,461.p.40090,Marvin Mims Jr.,WR,0.0
12,461.l.721870.t.2,461.p.40231,Chris Rodriguez Jr.,RB,0.0
12,461.l.721870.t.2,461.p.41988,Tyler Loop,K,11.0
12,461.l.721870.t.2,461.p.100001,Falcons,DEF,20.0
12,461.l.721870.t.9,461.p.34218,Brock Purdy,QB,10.32
12,461.l.721870.t.9,461.p.41819,Jayden Higgins,WR,11.8
12,461.l.721870.t.9,461.p.41293,Jalen Coker,WR,4.7
12,461.l.721870.t.9,461.p.30972,Saquon Barkley,RB,8.9
12,461.l.721870.t.9,461.p.33996,Kenneth Walker III,RB,11.6
12,461.l.721870.t.9,461.p.31107,Dalton Schultz,TE,1.3
12,461.l.721870.t.9,461.p.34047,Rachaad White,RB,4.7
12,461.l.721870.t.9,461.p.41795,Colston Loveland,TE,12.9
12,461.l.721870.t.9,461.p.40093,Cedric Tillman,WR,1.0
12,461.l.721870.t.9,461.p.7200,Aaron Rodgers,QB,0.0
12,461.l.721870.t.9,461.p.27535,Mike Evans,WR,0.0
12,461.l.721870.t.9,461.p.27277,Adam Thielen,WR,0.0
12,461.l.721870.t.9,461.p.40102,Tucker Kraft,TE,0.0
12,461.l.721870.t.9,461.p.31046,Mason Rudolph,QB,8.54
12,461.l.721870.t.9,461.p.28188,Chris Boswell,K,4.0
12,461.l.721870.t.9,461.p.100003,Bears,DEF,8.0
13,461.l.721870.t.14,461.p.33389,Trevor Lawrence,QB,21.66
13,461.l.721870.t.14,461.p.40901,Rome Odunze,WR,1.8
13,461.l.721870.t.14,461.p.40041,Jaxon Smith-Njigba,WR,3.3
13,461.l.721870.t.14,461.p.40196,Chase Brown,RB,14.8
13,461.l.721870.t.14,461.p.34107,Tyler Allgeier,RB,12.5
13,461.l.721870.t.14,461.p.30259,George Kittle,TE,8.7
13,461.l.721870.t.14,461.p.41804,Emeka Egbuka,WR,6.2
13,461.l.721870.t.14,461.p.40875,Bo Nix,QB,17.44
13,461.l.721870.t.14,461.p.40892,Ricky Pearsall,WR,2.4
13,461.l.721870.t.14,461.p.42010,Jacory Croskey-Merritt,RB,2.0
13,461.l.721870.t.14,461.p.40962,Blake Corum,RB,14.1
13,461.l.721870.t.14,461.p.40980,Ray Davis,RB,6.2
13,461.l.721870.t.14,461.p.41840,Tre' Harris,WR,4.5
13,461.l.721870.t.14,461.p.40095,Tank Bigsby,RB,0.0
13,461.l.721870.t.14,461.p.40819,Brandon Aubrey,K,12.0
13,461.l.721870.t.14,461.p.100030,Jaguars,DEF,18.0
13,461.l.721870.t.8,461.p.32676,Justin Herbert,QB,13.84
13,461.l.721870.t.8,461.p.34007,George Pickens,WR,13.8
13,461.l.721870.t.8,461.p.31868,Deebo Samuel,WR,8.6
13,461.l.721870.t.8,461.p.33991,Breece Hall,RB,14.6
13,461.l.721870.t.8,461.p.33423,Javonte Williams,RB,15.5
13,461.l.721870.t.8,461.p.28592,Darren Waller,TE,5.7
13,461.l.721870.t.8,461.p.31856,Josh Jacobs,RB,9.6
13,461.l.721870.t.8,461.p.32675,Tua Tagovailoa,QB,5.68
13,461.l.721870.t.8,461.p.34099,Chig Okonkwo,TE,4.9
13,461.l.721870.t.8,461.p.40915,Adonai Mitchell,WR,20.2
13,461.l.721870.t.8,461.p.31005,Nick Chubb,RB,9.4
13,461.l.721870.t.8,461.p.32685,Jerry Jeudy,WR,4.1
13,461.l.721870.t.8,461.p.40905,J.J. McCarthy,QB,0.0
13,461.l.721870.t.8,461.p.30115,Mitchell Trubisky,QB,0.0
13,461.l.721870.t.8,461.p.28227,Cairo Santos,K,6.0
13,461.l.721870.t.8,461.p.100002,Bills,DEF,16.0
13,461.l.721870.t.3,461.p.30977,Josh Allen,QB,17.72
13,461.l.721870.t.3,461.p.34104,Khalil Shakir,WR,1.0
13,461.l.721870.t.3,461.p.32887,Jauan Jennings,WR,11.9
13,461.l.721870.t.3,461.p.40055,Bijan Robinson,RB,27.8
13,461.l.721870.t.3,461.p.40993,Bucky Irving,RB,15.1
13,461.l.721870.t.3,461.p.33113,Juwan Johnson,TE,6.4
13,461.l.721870.t.3,461.p.26699,Keenan Allen,WR,5.0
13,461.l.721870.t.3,461.p.42075,Max Brosmer,QB,-0.06
13,461.l.721870.t.3,461.p.40211,Andrei Iosivas,WR,9.4
13,461.l.721870.t.3,461.p.40224,Kayshon Boutte,WR,11.5
13,461.l.721870.t.3,461.p.34357,Bam Knight,RB,15.3
13,461.l.721870.t.3,461.p.41904,Elic Ayomanor,WR,1.0
13,461.l.721870.t.3,461.p.41031,Isaiah Davis,RB,0.0
13,461.l.721870.t.3,461.p.40641,Keaton Mitchell,RB,10.1
13,461.l.721870.t.3,461.p.28378,Jason Myers,K,19.0
13,461.l.721870.t.3,461.p.100025,49ers,DEF,15.0
13,461.l.721870.t.12,461.p.41825,Tyler Shough,QB,18.36
13,461.l.721870.t.12,461.p.41793,Tetairoa McMillan,WR,10.8
13,461.l.721870.t.12,461.p.34088,Romeo Doubs,WR,10.0
13,461.l.721870.t.12,461.p.34120,Kyren Williams,RB,13.2
13,461.l.721870.t.12,461.p.30121,Christian McCaffrey,RB,15.4
13,461.l.721870.t.12,461.p.40878,Brock Bowers,TE,20.3
13,461.l.721870.t.12,461.p.33998,Wan'Dale Robinson,WR,6.9
13,461.l.721870.t.12,461.p.41930,Shedeur Sanders,QB,10.56
13,461.l.721870.t.12,461.p.40121,Michael Wilson,WR,5.1
13,461.l.721870.t.12,461.p.33963,Drake London,WR,0.0
13,461.l.721870.t.12,461.p.28654,Raheem Mostert,RB,0.6
13,461.l.721870.t.12,461.p.33975,Kenny Pickett,QB,0.0
13,461.l.721870.t.12,461.p.31833,Kyler Murray,QB,0.0
13,461.l.721870.t.12,461.p.30142,David Njoku,TE,1.4
13,461.l.721870.t.12,461.p.34344,Cameron Dicker,K,9.0
13,461.l.721870.t.12,461.p.100007,Broncos,DEF,4.0
13,461.l.721870.t.5,461.p.29369,Dak Prescott,QB,21.6
13,461.l.721870.t.5,461.p.33989,Christian Watson,WR,16.3
13,461.l.721870.t.5,461.p.33393,Ja'Marr Chase,WR,14.5
13,461.l.721870.t.5,461.p.40075,Zach Charbonnet,RB,11.2
13,461.l.721870.t.5,461.p.31960,Tony Pollard,RB,4.8
13,461.l.721870.t.5,461.p.41003,Theo Johnson,TE,4.4
13,461.l.721870.t.5,461.p.41009,Troy Franklin,WR,3.1
13,461.l.721870.t.5,461.p.40881,Drake Maye,QB,20.48
13,461.l.721870.t.5,461.p.40707,Emanuel Wilson,RB,1.4
13,461.l.721870.t.5,461.p.32523,Greg Dortch,WR,2.4
13,461.l.721870.t.5,461.p.42030,Tez Johnson,WR,1.0
13,461.l.721870.t.5,461.p.33403,Mac Jones,QB,0.2
13,461.l.721870.t.5,461.p.40696,Jaleel McLaughlin,RB,3.5
13,461.l.721870.t.5,461.p.41951,Oronde Gadsden,TE,3.2
13,461.l.721870.t.5,461.p.41062,Cam Little,K,6.0
13,461.l.721870.t.5,461.p.100015,Dolphins,DEF,12.0
13,461.l.721870.t.6,461.p.30973,Sam Darnold,QB,3.12
13,461.l.721870.t.6,461.p.31883,A.J. Brown,WR,30.2
13,461.l.721870.t.6,461.p.27581,Davante Adams,WR,19.8
13,461.l.721870.t.6,461.p.34019,James Cook III,RB,17.2
13,461.l.721870.t.6,461.p.32711,Jonathan Taylor,RB,13.6
13,461.l.721870.t.6,461.p.26686,Travis Kelce,TE,13.0
13,461.l.721870.t.6,461.p.34447,Jaylen Warren,RB,11.4
13,461.l.721870.t.6,461.p.28390,Marcus Mariota,QB,24.26
13,461.l.721870.t.6,461.p.25812,Kirk Cousins,QB,13.36
13,461.l.721870.t.6,461.p.33967,Jameson Williams,WR,23.4
13,461.l.721870.t.6,461.p.31056,Mark Andrews,TE,6.7
13,461.l.721870.t.6,461.p.40126,Josh Downs,WR,5.4
13,461.l.721870.t.6,461.p.32018,Ty Johnson,RB,4.0
13,461.l.721870.t.6,461.p.8432,Nick Folk,K,11.0
13,461.l.721870.t.6,461.p.100026,Seahawks,DEF,32.0
13,461.l.721870.t.6,461.p.100021,Eagles,DEF,6.0
13,461.l.721870.t.15,461.p.30123,Patrick Mahomes,QB,29.44
13,461.l.721870.t.15,461.p.31908,Terry McLaurin,WR,19.1
13,461.l.721870.t.15,461.p.32843,Darnell Mooney,WR,3.5
13,461.l.721870.t.15,461.p.33100,Rico Dowdle,RB,8.9
13,461.l.721870.t.15,461.p.40059,Jahmyr Gibbs,RB,10.1
13,461.l.721870.t.15,461.p.34062,Cade Otton,TE,1.9
13,461.l.721870.t.15,461.p.33394,Jaylen Waddle,WR,5.5
13,461.l.721870.t.15,461.p.29325,Jacoby Brissett,QB,20.64
13,461.l.721870.t.15,461.p.32003,Darius Slayton,WR,13.1
13,461.l.721870.t.15,461.p.40042,Jordan Addison,WR,6.1
13,461.l.721870.t.15,461.p.26658,Zach Ertz,TE,15.6
13,461.l.721870.t.15,461.p.30227,Samaje Perine,RB,4.4
13,461.l.721870.t.15,461.p.33415,Rashod Bateman,WR,0.0
13,461.l.721870.t.15,461.p.40159,Chad Ryland,K,6.0
13,461.l.721870.t.15,461.p.100017,Patriots,DEF,14.0
13,461.l.721870.t.15,461.p.100022,Cardinals,DEF,3.0
13,461.l.721870.t.4,461.p.31002,Lamar Jackson,QB,7.54
13,461.l.721870.t.4,461.p.40114,Tre Tucker,WR,3.5
13,461.l.721870.t.4,461.p.30197,Chris Godwin Jr.,WR,9.3
13,461.l.721870.t.4,461.p.40742,Sean Tucker,RB,0.0
13,461.l.721870.t.4,461.p.41052,Kimani Vidal,RB,20.2
13,461.l.721870.t.4,461.p.41799,Tyler Warren,TE,9.7
13,461.l.721870.t.4,461.p.40877,Xavier Worthy,WR,9.4
13,461.l.721870.t.4,461.p.32671,Joe Burrow,QB,19.24
13,461.l.721870.t.4,461.p.40119,Tyjae Spears,RB,5.4
13,461.l.721870.t.4,461.p.32231,Jakobi Meyers,WR,18.3
13,461.l.721870.t.4,461.p.34320,Jordan Mason,RB,5.3
13,461.l.721870.t.4,461.p.41861,Dillon Gabriel,QB,0.0
13,461.l.721870.t.4,461.p.33514,Chuba Hubbard,RB,19.4
13,461.l.721870.t.4,461.p.41980,Andy Borregales,K,14.0
13,461.l.721870.t.4,461.p.100024,Chargers,DEF,10.0
13,461.l.721870.t.4,461.p.100027,Buccaneers,DEF,9.0
13,461.l.721870.t.10,461.p.29235,Jared Goff,QB,20.64
13,461.l.721870.t.10,461.p.31896,DK Metcalf,WR,4.7
13,461.l.721870.t.10,461.p.40084,Rashee Rice,WR,25.4
13,461.l.721870.t.10,461.p.41823,TreVeyon Henderson,RB,10.1
13,461.l.721870.t.10,461.p.41902,Woody Marks,RB,7.2
13,461.l.721870.t.10,461.p.40078,Brenton Strange,TE,12.0
13,461.l.721870.t.10,461.p.33413,Travis Etienne Jr.,RB,4.6
13,461.l.721870.t.10,461.p.41972,Devin Neal,RB,8.4
13,461.l.721870.t.10,461.p.40234,Parker Washington,WR,3.1
13,461.l.721870.t.10,461.p.33455,Davis Mills,QB,0.0
13,461.l.721870.t.10,461.p.40958,Trey Benson,RB,0.0
13,461.l.721870.t.10,461.p.41903,Chimere Dike,WR,-0.6
13,461.l.721870.t.10,461.p.31012,Mike Gesicki,TE,2.9
13,461.l.721870.t.10,461.p.31137,Daniel Carlson,K,2.0
13,461.l.721870.t.10,461.p.100005,Browns,DEF,1.0
13,461.l.721870.t.16,461.p.31838,Daniel Jones,QB,16.14
13,461.l.721870.t.16,461.p.40039,Zay Flowers,WR,-0.4
13,461.l.721870.t.16,461.p.30994,DJ Moore,WR,3.7
13,461.l.721870.t.16,461.p.41048,Tyrone Tracy Jr.,RB,3.8
13,461.l.721870.t.16,461.p.41845,RJ Harvey,RB,19.7
13,461.l.721870.t.16,461.p.41827,Mason Taylor,TE,3.1
13,461.l.721870.t.16,461.p.40883,Brian Thomas Jr.,WR,3.8
13,461.l.721870.t.16,461.p.40900,Caleb Williams,QB,10.46
13,461.l.721870.t.16,461.p.40048,Dalton Kincaid,TE,0.0
13,461.l.721870.t.16,461.p.41824,Luther Burden III,WR,5.6
13,461.l.721870.t.16,461.p.41969,Ollie Gordon II,RB,1.0
13,461.l.721870.t.16,461.p.40896,Jayden Daniels,QB,0.0
13,461.l.721870.t.16,461.p.33999,John Metchie III,WR,3.7
13,461.l.721870.t.16,461.p.41968,Riley Leonard,QB,0.0
13,461.l.721870.t.16,461.p.32417,Chase McLaughlin,K,10.0
13,461.l.721870.t.16,461.p.100014,Rams,DEF,2.0
13,461.l.721870.t.1,461.p.30971,Baker Mayfield,QB,14.46
13,461.l.721870.t.1,461.p.28534,Stefon Diggs,WR,4.1
13,461.l.721870.t.1,461.p.40908,Ladd McConkey,WR,11.9
13,461.l.721870.t.1,461.p.41791,Ashton Jeanty,RB,9.1
13,461.l.721870.t.1,461.p.40118,De'Von Achane,RB,19.4
13,461.l.721870.t.1,461.p.34085,Jake Ferguson,TE,6.1
13,461.l.721870.t.1,461.p.33966,Chris Olave,WR,12.7
13,461.l.721870.t.1,461.p.41810,Jaxson Dart,QB,13.56
13,461.l.721870.t.1,461.p.8795,Joe Flacco,QB,0.0
13,461.l.721870.t.1,461.p.34008,Alec Pierce,WR,15.8
13,461.l.721870.t.1,461.p.34054,Brian Robinson Jr.,RB,2.6
13,461.l.721870.t.1,461.p.26650,DeAndre Hopkins,WR,3.5
13,461.l.721870.t.1,461.p.33392,Kyle Pitts Sr.,TE,11.7
13,461.l.721870.t.1,461.p.27560,Teddy Bridgewater,QB,0.0
13,461.l.721870.t.1,461.p.30337,Zane Gonzalez,K,8.0
13,461.l.721870.t.1,461.p.100034,Texans,DEF,4.0
13,461.l.721870.t.7,461.p.32723,Jalen Hurts,QB,17.3
13,461.l.721870.t.7,461.p.33398,DeVonta Smith,WR,7.3
13,461.l.721870.t.7,461.p.40051,Quentin Johnston,WR,9.8
13,461.l.721870.t.7,461.p.29279,Derrick Henry,RB,16.9
13,461.l.721870.t.7,461.p.31905,David Montgomery,RB,11.8
13,461.l.721870.t.7,461.p.31019,Dallas Goedert,TE,3.7
13,461.l.721870.t.7,461.p.33538,Kenneth Gainwell,RB,5.5
13,461.l.721870.t.7,461.p.9265,Matthew Stafford,QB,12.62
13,461.l.721870.t.7,461.p.40890,Xavier Legette,WR,0.6
13,461.l.721870.t.7,461.p.42025,Kyle Monangai,RB,19.0
13,461.l.721870.t.7,461.p.33965,Garrett Wilson,WR,0.0
13,461.l.721870.t.7,461.p.31017,Christian Kirk,WR,0.0
13,461.l.721870.t.7,461.p.31906,Devin Singletary,RB,17.7
13,461.l.721870.t.7,461.p.40911,Keon Coleman,WR,7.9
13,461.l.721870.t.7,461.p.30266,Jake Elliott,K,1.0
13,461.l.721870.t.7,461.p.100009,Packers,DEF,5.0
13,461.l.721870.t.11,461.p.26662,Geno Smith,QB,13.0
13,461.l.721870.t.11,461.p.40168,Puka Nacua,WR,10.2
13,461.l.721870.t.11,461.p.33477,Nico Collins,WR,19.0
13,461.l.721870.t.11,461.p.41821,Quinshon Judkins,RB,14.4
13,461.l.721870.t.11,461.p.41900,Bhayshul Tuten,RB,8.4
13,461.l.721870.t.11,461.p.34010,Trey McBride,TE,18.2
13,461.l.721870.t.11,461.p.33508,Rhamondre Stevenson,RB,9.5
13,461.l.721870.t.11,461.p.41786,Cam Ward,QB,6.34
13,461.l.721870.t.11,461.p.32703,Tee Higgins,WR,0.0
13,461.l.721870.t.11,461.p.34659,Rashid Shaheed,WR,2.1
13,461.l.721870.t.11,461.p.33348,Nick Westbrook-Ikhine,WR,0.0
13,461.l.721870.t.11,461.p.42012,Brashard Smith,RB,0.0
13,461.l.721870.t.11,461.p.40222,DeMario Douglas,WR,4.8
13,461.l.721870.t.11,461.p.41907,Dylan Sampson,RB,2.3
13,461.l.721870.t.11,461.p.41093,Will Reichard,K,0.0
13,461.l.721870.t.11,461.p.100023,Steelers,DEF,5.0
13,461.l.721870.t.13,461.p.40029,Bryce Young,QB,22.54
13,461.l.721870.t.13,461.p.32692,Justin Jefferson,WR,1.4
13,461.l.721870.t.13,461.p.32704,Michael Pittman Jr.,WR,1.8
13,461.l.721870.t.13,461.p.32705,D'Andre Swift,RB,20.3
13,461.l.721870.t.13,461.p.30199,Kareem Hunt,RB,8.5
13,461.l.721870.t.13,461.p.31840,T.J. Hockenson,TE,8.9
13,461.l.721870.t.13,461.p.31010,Courtland Sutton,WR,14.7
13,461.l.721870.t.13,461.p.40030,C.J. Stroud,QB,10.04
13,461.l.721870.t.13,461.p.30180,Alvin Kamara,RB,0.0
13,461.l.721870.t.13,461.p.34147,Jalen Nailor,WR,0.0
13,461.l.721870.t.13,461.p.30551,Kendrick Bourne,WR,0.0
13,461.l.721870.t.13,461.p.40893,Marvin Harrison Jr.,WR,9.9
13,461.l.721870.t.13,461.p.41807,Omarion Hampton,RB,0.0
13,461.l.721870.t.13,461.p.30346,Harrison Butker,K,4.0
13,461.l.721870.t.13,461.p.29792,Ka'imi Fairbairn,K,9.0
13,461.l.721870.t.13,461.p.100020,Jets,DEF,4.0
13,461.l.721870.t.2,461.p.32696,Jordan Love,QB,25.76
13,461.l.721870.t.2,461.p.33500,Amon-Ra St. Brown,WR,0.0
13,461.l.721870.t.2,461.p.32687,CeeDee Lamb,WR,20.7
13,461.l.721870.t.2,461.p.30295,Aaron Jones Sr.,RB,2.5
13,461.l.721870.t.2,461.p.34207,Isiah Pacheco,RB,4.3
13,461.l.721870.t.2,461.p.29269,Hunter Henry,TE,9.3
13,461.l.721870.t.2,461.p.41877,Harold Fannin Jr.,TE,9.8
13,461.l.721870.t.2,461.p.24967,Tyrod Taylor,QB,21.28
13,461.l.721870.t.2,461.p.34094,Calvin Austin III,WR,0.0
13,461.l.721870.t.2,461.p.40430,Emari Demercado,RB,0.0
13,461.l.721870.t.2,461.p.33399,Justin Fields,QB,0.0
13,461.l.721870.t.2,461.p.33443,Pat Freiermuth,TE,0.0
13,461.l.721870.t.2,461.p.40090,Marvin Mims Jr.,WR,2.7
13,461.l.721870.t.2,461.p.40231,Chris Rodriguez Jr.,RB,10.1
13,461.l.721870.t.2,461.p.41988,Tyler Loop,K,2.0
13,461.l.721870.t.2,461.p.100001,Falcons,DEF,2.0
13,461.l.721870.t.9,461.p.34218,Brock Purdy,QB,17.12
13,461.l.721870.t.9,461.p.41819,Jayden Higgins,WR,9.0
13,461.l.721870.t.9,461.p.41293,Jalen Coker,WR,15.4
13,461.l.721870.t.9,461.p.30972,Saquon Barkley,RB,5.6
13,461.l.721870.t.9,461.p.33996,Kenneth Walker III,RB,8.9
13,461.l.721870.t.9,461.p.31107,Dalton Schultz,TE,9.0
13,461.l.721870.t.9,461.p.34047,Rachaad White,RB,4.4
13,461.l.721870.t.9,461.p.41795,Colston Loveland,TE,4.3
13,461.l.721870.t.9,461.p.40093,Cedric Tillman,WR,0.0
13,461.l.721870.t.9,461.p.7200,Aaron Rodgers,QB,2.68
13,461.l.721870.t.9,461.p.27535,Mike Evans,WR,0.0
13,461.l.721870.t.9,461.p.27277,Adam Thielen,WR,0.0
13,461.l.721870.t.9,461.p.40102,Tucker Kraft,TE,0.0
13,461.l.721870.t.9,461.p.31046,Mason Rudolph,QB,-1.0
13,461.l.721870.t.9,461.p.28188,Chris Boswell,K,1.0
13,461.l.721870.t.9,461.p.100003,Bears,DEF,5.0
14,461.l.721870.t.14,461.p.33389,Trevor Lawrence,QB,19.36
14,461.l.721870.t.14,461.p.40041,Jaxon Smith-Njigba,WR,24.6
14,461.l.721870.t.14,461.p.41804,Emeka Egbuka,WR,2.5
14,461.l.721870.t.14,461.p.40196,Chase Brown,RB,17.0
14,461.l.721870.t.14,461.p.34107,Tyler Allgeier,RB,7.7
14,461.l.721870.t.14,461.p.32803,Colby Parkinson,TE,10.7
14,461.l.721870.t.14,461.p.40962,Blake Corum,RB,25.6
14,461.l.721870.t.14,461.p.40875,Bo Nix,QB,15.98
14,461.l.721870.t.14,461.p.40901,Rome Odunze,WR,0.0
14,461.l.721870.t.14,461.p.30259,George Kittle,TE,0.0
14,461.l.721870.t.14,461.p.40892,Ricky Pearsall,WR,0.0
14,461.l.721870.t.14,461.p.42010,Jacory Croskey-Merritt,RB,3.2
14,461.l.721870.t.14,461.p.40980,Ray Davis,RB,0.0
14,461.l.721870.t.14,461.p.40201,Dontayvion Wicks,WR,0.0
14,461.l.721870.t.14,461.p.40819,Brandon Aubrey,K,23.0
14,461.l.721870.t.14,461.p.100030,Jaguars,DEF,11.0
14,461.l.721870.t.8,461.p.32676,Justin Herbert,QB,13.16
14,461.l.721870.t.8,461.p.34007,George Pickens,WR,6.2
14,461.l.721870.t.8,461.p.31868,Deebo Samuel,WR,4.7
14,461.l.721870.t.8,461.p.33991,Breece Hall,RB,4.3
14,461.l.721870.t.8,461.p.33423,Javonte Williams,RB,13.7
14,461.l.721870.t.8,461.p.28592,Darren Waller,TE,2.2
14,461.l.721870.t.8,461.p.31856,Josh Jacobs,RB,16.2
14,461.l.721870.t.8,461.p.32675,Tua Tagovailoa,QB,9.08
14,461.l.721870.t.8,461.p.34099,Chig Okonkwo,TE,3.0
14,461.l.721870.t.8,461.p.40915,Adonai Mitchell,WR,2.9
14,461.l.721870.t.8,461.p.31005,Nick Chubb,RB,0.3
14,461.l.721870.t.8,461.p.32685,Jerry Jeudy,WR,15.1
14,461.l.721870.t.8,461.p.40905,J.J. McCarthy,QB,20.42
14,461.l.721870.t.8,461.p.30125,Deshaun Watson,QB,0.0
14,461.l.721870.t.8,461.p.28227,Cairo Santos,K,8.0
14,461.l.721870.t.8,461.p.100002,Bills,DEF,11.0
14,461.l.721870.t.3,461.p.30977,Josh Allen,QB,37.84
14,461.l.721870.t.3,461.p.34104,Khalil Shakir,WR,8.6
14,461.l.721870.t.3,461.p.26699,Keenan Allen,WR,3.7
14,461.l.721870.t.3,461.p.40055,Bijan Robinson,RB,8.4
14,461.l.721870.t.3,461.p.40993,Bucky Irving,RB,15.1
14,461.l.721870.t.3,461.p.33113,Juwan Johnson,TE,5.8
14,461.l.721870.t.3,461.p.34357,Bam Knight,RB,4.9
14,461.l.721870.t.3,461.p.41904,Elic Ayomanor,WR,7.9
14,461.l.721870.t.3,461.p.42075,Max Brosmer,QB,0.0
14,461.l.721870.t.3,461.p.32887,Jauan Jennings,WR,0.0
14,461.l.721870.t.3,461.p.40224,Kayshon Boutte,WR,0.0
14,461.l.721870.t.3,461.p.40641,Keaton Mitchell,RB,7.6
14,461.l.721870.t.3,461.p.41808,Matthew Golden,WR,0.0
14,461.l.721870.t.3,461.p.28378,Jason Myers,K,14.0
14,461.l.721870.t.3,461.p.100016,Vikings,DEF,20.0
14,461.l.721870.t.3,461.p.100025,49ers,DEF,0.0
14,461.l.721870.t.12,461.p.41825,Tyler Shough,QB,22.26
14,461.l.721870.t.12,461.p.34088,Romeo Doubs,WR,0.0
14,461.l.721870.t.12,461.p.40121,Michael Wilson,WR,31.7
14,461.l.721870.t.12,461.p.34120,Kyren Williams,RB,16.7
14,461.l.721870.t.12,461.p.30275,Jeremy McNichols,RB,0.7
14,461.l.721870.t.12,461.p.40878,Brock Bowers,TE,12.6
14,461.l.721870.t.12,461.p.33495,Michael Carter,RB,4.1
14,461.l.721870.t.12,461.p.41930,Shedeur Sanders,QB,34.46
14,461.l.721870.t.12,461.p.33963,Drake London,WR,0.0
14,461.l.721870.t.12,461.p.41058,Malik Washington,WR,2.5
14,461.l.721870.t.12,461.p.33998,Wan'Dale Robinson,WR,0.0
14,461.l.721870.t.12,461.p.30121,Christian McCaffrey,RB,0.0
14,461.l.721870.t.12,461.p.41793,Tetairoa McMillan,WR,0.0
14,461.l.721870.t.12,461.p.41001,AJ Barner,TE,4.2
14,461.l.721870.t.12,461.p.34344,Cameron Dicker,K,20.0
14,461.l.721870.t.12,461.p.100007,Broncos,DEF,13.0
14,461.l.721870.t.5,461.p.29369,Dak Prescott,QB,20.44
14,461.l.721870.t.5,461.p.33989,Christian Watson,WR,22.9
14,461.l.721870.t.5,461.p.33393,Ja'Marr Chase,WR,7.7
14,461.l.721870.t.5,461.p.40075,Zach Charbonnet,RB,7.6
14,461.l.721870.t.5,461.p.31960,Tony Pollard,RB,28.1
14,461.l.721870.t.5,461.p.41003,Theo Johnson,TE,0.0
14,461.l.721870.t.5,461.p.41009,Troy Franklin,WR,2.6
14,461.l.721870.t.5,461.p.42030,Tez Johnson,WR,0.0
14,461.l.721870.t.5,461.p.41951,Oronde Gadsden,TE,1.2
14,461.l.721870.t.5,461.p.40881,Drake Maye,QB,0.0
14,461.l.721870.t.5,461.p.40707,Emanuel Wilson,RB,1.0
14,461.l.721870.t.5,461.p.33403,Mac Jones,QB,0.0
14,461.l.721870.t.5,461.p.40696,Jaleel McLaughlin,RB,3.6
14,461.l.721870.t.5,461.p.41097,Devaughn Vele,WR,5.5
14,461.l.721870.t.5,461.p.41062,Cam Little,K,11.0
14,461.l.721870.t.5,461.p.100015,Dolphins,DEF,17.0
14,461.l.721870.t.6,461.p.30973,Sam Darnold,QB,23.26
14,461.l.721870.t.6,461.p.31883,A.J. Brown,WR,13.0
14,461.l.721870.t.6,461.p.33967,Jameson Williams,WR,13.8
14,461.l.721870.t.6,461.p.34019,James Cook III,RB,10.1
14,461.l.721870.t.6,461.p.32711,Jonathan Taylor,RB,11.4
14,461.l.721870.t.6,461.p.26686,Travis Kelce,TE,1.3
14,461.l.721870.t.6,461.p.27581,Davante Adams,WR,4.9
14,461.l.721870.t.6,461.p.25812,Kirk Cousins,QB,4.48
14,461.l.721870.t.6,461.p.34447,Jaylen Warren,RB,13.7
14,461.l.721870.t.6,461.p.28390,Marcus Mariota,QB,-1.1
14,461.l.721870.t.6,461.p.31056,Mark Andrews,TE,1.4
14,461.l.721870.t.6,461.p.32018,Ty Johnson,RB,4.9
14,461.l.721870.t.6,461.p.40063,Jayden Reed,WR,7.3
14,461.l.721870.t.6,461.p.33537,Evan McPherson,K,4.0
14,461.l.721870.t.6,461.p.100026,Seahawks,DEF,20.0
14,461.l.721870.t.6,461.p.100021,Eagles,DEF,13.0
14,461.l.721870.t.15,461.p.30123,Patrick Mahomes,QB,8.8
14,461.l.721870.t.15,461.p.31908,Terry McLaurin,WR,5.6
14,461.l.721870.t.15,461.p.32843,Darnell Mooney,WR,1.1
14,461.l.721870.t.15,461.p.40059,Jahmyr Gibbs,RB,33.5
14,461.l.721870.t.15,461.p.30227,Samaje Perine,RB,4.3
14,461.l.721870.t.15,461.p.26658,Zach Ertz,TE,1.6
14,461.l.721870.t.15,461.p.33394,Jaylen Waddle,WR,15.6
14,461.l.721870.t.15,461.p.29325,Jacoby Brissett,QB,20.04
14,461.l.721870.t.15,461.p.34062,Cade Otton,TE,3.4
14,461.l.721870.t.15,461.p.33100,Rico Dowdle,RB,0.0
14,461.l.721870.t.15,461.p.32003,Darius Slayton,WR,0.0
14,461.l.721870.t.15,461.p.40042,Jordan Addison,WR,8.2
14,461.l.721870.t.15,461.p.33415,Rashod Bateman,WR,3.3
14,461.l.721870.t.15,461.p.40159,Chad Ryland,K,5.0
14,461.l.721870.t.15,461.p.100010,Titans,DEF,8.0
14,461.l.721870.t.15,461.p.100017,Patriots,DEF,0.0
14,461.l.721870.t.4,461.p.31002,Lamar Jackson,QB,22.06
14,461.l.721870.t.4,461.p.30197,Chris Godwin Jr.,WR,8.0
14,461.l.721870.t.4,461.p.32231,Jakobi Meyers,WR,12.8
14,461.l.721870.t.4,461.p.41052,Kimani Vidal,RB,10.9
14,461.l.721870.t.4,461.p.34320,Jordan Mason,RB,11.2
14,461.l.721870.t.4,461.p.41799,Tyler Warren,TE,2.7
14,461.l.721870.t.4,461.p.40877,Xavier Worthy,WR,7.0
14,461.l.721870.t.4,461.p.32671,Joe Burrow,QB,24.36
14,461.l.721870.t.4,461.p.40114,Tre Tucker,WR,3.4
14,461.l.721870.t.4,461.p.40742,Sean Tucker,RB,8.9
14,461.l.721870.t.4,461.p.40119,Tyjae Spears,RB,5.7
14,461.l.721870.t.4,461.p.33514,Chuba Hubbard,RB,0.0
14,461.l.721870.t.4,461.p.33391,Trey Lance,QB,0.0
14,461.l.721870.t.4,461.p.40835,Jake Bates,K,16.0
14,461.l.721870.t.4,461.p.100027,Buccaneers,DEF,6.0
14,461.l.721870.t.4,461.p.100006,Cowboys,DEF,-1.0
14,461.l.721870.t.10,461.p.29235,Jared Goff,QB,16.16
14,461.l.721870.t.10,461.p.31896,DK Metcalf,WR,18.3
14,461.l.721870.t.10,461.p.40084,Rashee Rice,WR,5.4
14,461.l.721870.t.10,461.p.41902,Woody Marks,RB,14.6
14,461.l.721870.t.10,461.p.33413,Travis Etienne Jr.,RB,20.7
14,461.l.721870.t.10,461.p.40078,Brenton Strange,TE,4.2
14,461.l.721870.t.10,461.p.41903,Chimere Dike,WR,10.9
14,461.l.721870.t.10,461.p.41972,Devin Neal,RB,14.9
14,461.l.721870.t.10,461.p.40234,Parker Washington,WR,0.0
14,461.l.721870.t.10,461.p.41823,TreVeyon Henderson,RB,0.0
14,461.l.721870.t.10,461.p.33455,Davis Mills,QB,0.0
14,461.l.721870.t.10,461.p.40958,Trey Benson,RB,0.0
14,461.l.721870.t.10,461.p.31012,Mike Gesicki,TE,17.6
14,461.l.721870.t.10,461.p.31137,Daniel Carlson,K,6.0
14,461.l.721870.t.10,461.p.100005,Browns,DEF,3.0
14,461.l.721870.t.16,461.p.31838,Daniel Jones,QB,1.8
14,461.l.721870.t.16,461.p.40039,Zay Flowers,WR,16.6
14,461.l.721870.t.16,461.p.30994,DJ Moore,WR,0.1
14,461.l.721870.t.16,461.p.41969,Ollie Gordon II,RB,7.7
14,461.l.721870.t.16,461.p.41845,RJ Harvey,RB,19.0
14,461.l.721870.t.16,461.p.40048,Dalton Kincaid,TE,12.1
14,461.l.721870.t.16,461.p.40883,Brian Thomas Jr.,WR,10.2
14,461.l.721870.t.16,461.p.40896,Jayden Daniels,QB,3.72
14,461.l.721870.t.16,461.p.41827,Mason Taylor,TE,7.6
14,461.l.721870.t.16,461.p.40900,Caleb Williams,QB,15.94
14,461.l.721870.t.16,461.p.41048,Tyrone Tracy Jr.,RB,0.0
14,461.l.721870.t.16,461.p.41824,Luther Burden III,WR,9.0
14,461.l.721870.t.16,461.p.33999,John Metchie III,WR,5.4
14,461.l.721870.t.16,461.p.41968,Riley Leonard,QB,11.3
14,461.l.721870.t.16,461.p.32417,Chase McLaughlin,K,9.0
14,461.l.721870.t.16,461.p.100014,Rams,DEF,7.0
14,461.l.721870.t.1,461.p.30971,Baker Mayfield,QB,12.08
14,461.l.721870.t.1,461.p.40908,Ladd McConkey,WR,1.7
14,461.l.721870.t.1,461.p.33966,Chris Olave,WR,4.5
14,461.l.721870.t.1,461.p.41791,Ashton Jeanty,RB,4.8
14,461.l.721870.t.1,461.p.40118,De'Von Achane,RB,17.0
14,461.l.721870.t.1,461.p.34085,Jake Ferguson,TE,8.3
14,461.l.721870.t.1,461.p.34008,Alec Pierce,WR,10.5
14,461.l.721870.t.1,461.p.33392,Kyle Pitts Sr.,TE,12.0
14,461.l.721870.t.1,461.p.41810,Jaxson Dart,QB,0.0
14,461.l.721870.t.1,461.p.28534,Stefon Diggs,WR,0.0
14,461.l.721870.t.1,461.p.8795,Joe Flacco,QB,0.0
14,461.l.721870.t.1,461.p.34054,Brian Robinson Jr.,RB,0.0
14,461.l.721870.t.1,461.p.27560,Teddy Bridgewater,QB,0.0
14,461.l.721870.t.1,461.p.30182,Cooper Kupp,WR,10.5
14,461.l.721870.t.1,461.p.30337,Zane Gonzalez,K,10.0
14,461.l.721870.t.1,461.p.100034,Texans,DEF,14.0
14,461.l.721870.t.7,461.p.32723,Jalen Hurts,QB,4.4
14,461.l.721870.t.7,461.p.33398,DeVonta Smith,WR,5.7
14,461.l.721870.t.7,461.p.40051,Quentin Johnston,WR,1.8
14,461.l.721870.t.7,461.p.29279,Derrick Henry,RB,10.7
14,461.l.721870.t.7,461.p.31905,David Montgomery,RB,13.8
14,461.l.721870.t.7,461.p.31019,Dallas Goedert,TE,11.8
14,461.l.721870.t.7,461.p.33538,Kenneth Gainwell,RB,13.2
14,461.l.721870.t.7,461.p.9265,Matthew Stafford,QB,23.24
14,461.l.721870.t.7,461.p.42025,Kyle Monangai,RB,8.2
14,461.l.721870.t.7,461.p.40890,Xavier Legette,WR,0.0
14,461.l.721870.t.7,461.p.33965,Garrett Wilson,WR,0.0
14,461.l.721870.t.7,461.p.31017,Christian Kirk,WR,1.1
14,461.l.721870.t.7,461.p.31906,Devin Singletary,RB,0.0
14,461.l.721870.t.7,461.p.40911,Keon Coleman,WR,2.6
14,461.l.721870.t.7,461.p.30266,Jake Elliott,K,16.0
14,461.l.721870.t.7,461.p.100009,Packers,DEF,4.0
14,461.l.721870.t.11,461.p.26662,Geno Smith,QB,9.04
14,461.l.721870.t.11,461.p.40168,Puka Nacua,WR,32.2
14,461.l.721870.t.11,461.p.33477,Nico Collins,WR,14.1
14,461.l.721870.t.11,461.p.41821,Quinshon Judkins,RB,8.9
14,461.l.721870.t.11,461.p.41900,Bhayshul Tuten,RB,-1.5
14,461.l.721870.t.11,461.p.34010,Trey McBride,TE,8.3
14,461.l.721870.t.11,461.p.32703,Tee Higgins,WR,24.2
14,461.l.721870.t.11,461.p.41786,Cam Ward,QB,12.08
14,461.l.721870.t.11,461.p.33508,Rhamondre Stevenson,RB,0.0
14,461.l.721870.t.11,461.p.34659,Rashid Shaheed,WR,14.7
14,461.l.721870.t.11,461.p.33348,Nick Westbrook-Ikhine,WR,0.0
14,461.l.721870.t.11,461.p.42012,Brashard Smith,RB,0.7
14,461.l.721870.t.11,461.p.40222,DeMario Douglas,WR,0.0
14,461.l.721870.t.11,461.p.41907,Dylan Sampson,RB,7.3
14,461.l.721870.t.11,461.p.41093,Will Reichard,K,8.0
14,461.l.721870.t.11,461.p.100023,Steelers,DEF,5.0
14,461.l.721870.t.13,461.p.40029,Bryce Young,QB,0.0
14,461.l.721870.t.13,461.p.32692,Justin Jefferson,WR,2.1
14,461.l.721870.t.13,461.p.32704,Michael Pittman Jr.,WR,12.4
14,461.l.721870.t.13,461.p.32705,D'Andre Swift,RB,9.7
14,461.l.721870.t.13,461.p.30199,Kareem Hunt,RB,9.0
14,461.l.721870.t.13,461.p.31840,T.J. Hockenson,TE,8.2
14,461.l.721870.t.13,461.p.31010,Courtland Sutton,WR,9.2
14,461.l.721870.t.13,461.p.40030,C.J. Stroud,QB,12.62
14,461.l.721870.t.13,461.p.30180,Alvin Kamara,RB,0.0
14,461.l.721870.t.13,461.p.34147,Jalen Nailor,WR,4.5
14,461.l.721870.t.13,461.p.30551,Kendrick Bourne,WR,0.0
14,461.l.721870.t.13,461.p.40893,Marvin Harrison Jr.,WR,0.0
14,461.l.721870.t.13,461.p.41807,Omarion Hampton,RB,13.7
14,461.l.721870.t.13,461.p.30346,Harrison Butker,K,3.0
14,461.l.721870.t.13,461.p.29792,Ka'imi Fairbairn,K,8.0
14,461.l.721870.t.13,461.p.100020,Jets,DEF,7.0
14,461.l.721870.t.2,461.p.32696,Jordan Love,QB,20.26
14,461.l.721870.t.2,461.p.33500,Amon-Ra St. Brown,WR,12.2
14,461.l.721870.t.2,461.p.32687,CeeDee Lamb,WR,15.1
14,461.l.721870.t.2,461.p.30295,Aaron Jones Sr.,RB,7.6
14,461.l.721870.t.2,461.p.34207,Isiah Pacheco,RB,3.0
14,461.l.721870.t.2,461.p.41877,Harold Fannin Jr.,TE,21.4
14,461.l.721870.t.2,461.p.40231,Chris Rodriguez Jr.,RB,5.2
14,461.l.721870.t.2,461.p.24967,Tyrod Taylor,QB,-0.76
14,461.l.721870.t.2,461.p.29269,Hunter Henry,TE,0.0
14,461.l.721870.t.2,461.p.34094,Calvin Austin III,WR,3.6
14,461.l.721870.t.2,461.p.40430,Emari Demercado,RB,0.0
14,461.l.721870.t.2,461.p.33399,Justin Fields,QB,0.0
14,461.l.721870.t.2,461.p.33443,Pat Freiermuth,TE,1.9
14,461.l.721870.t.2,461.p.40090,Marvin Mims Jr.,WR,7.2
14,461.l.721870.t.2,461.p.41988,Tyler Loop,K,7.0
14,461.l.721870.t.2,461.p.100028,Commanders,DEF,4.0
14,461.l.721870.t.9,461.p.34218,Brock Purdy,QB,0.0
14,461.l.721870.t.9,461.p.41819,Jayden Higgins,WR,4.9
14,461.l.721870.t.9,461.p.41293,Jalen Coker,WR,0.0
14,461.l.721870.t.9,461.p.30972,Saquon Barkley,RB,18.2
14,461.l.721870.t.9,461.p.33996,Kenneth Walker III,RB,3.3
14,461.l.721870.t.9,461.p.31107,Dalton Schultz,TE,3.7
14,461.l.721870.t.9,461.p.34047,Rachaad White,RB,6.0
14,461.l.721870.t.9,461.p.41795,Colston Loveland,TE,10.9
14,461.l.721870.t.9,461.p.40093,Cedric Tillman,WR,2.8
14,461.l.721870.t.9,461.p.7200,Aaron Rodgers,QB,20.96
14,461.l.721870.t.9,461.p.27535,Mike Evans,WR,0.0
14,461.l.721870.t.9,461.p.27277,Adam Thielen,WR,0.9
14,461.l.721870.t.9,461.p.40102,Tucker Kraft,TE,0.0
14,461.l.721870.t.9,461.p.31046,Mason Rudolph,QB,0.0
14,461.l.721870.t.9,461.p.28188,Chris Boswell,K,9.0
14,461.l.721870.t.9,461.p.100003,Bears,DEF,3.0
15,461.l.721870.t.14,461.p.33389,Trevor Lawrence,QB,44.3
15,461.l.721870.t.14,461.p.40041,Jaxon Smith-Njigba,WR,14.8
15,461.l.721870.t.14,461.p.40892,Ricky Pearsall,WR,12.6
15,461.l.721870.t.14,461.p.40196,Chase Brown,RB,12.5
15,461.l.721870.t.14,461.p.42010,Jacory Croskey-Merritt,RB,15.6
15,461.l.721870.t.14,461.p.30259,George Kittle,TE,18.8
15,461.l.721870.t.14,461.p.41804,Emeka Egbuka,WR,8.4
15,461.l.721870.t.14,461.p.40875,Bo Nix,QB,29.08
15,461.l.721870.t.14,461.p.40962,Blake Corum,RB,13.1
15,461.l.721870.t.14,461.p.34107,Tyler Allgeier,RB,1.8
15,461.l.721870.t.14,461.p.40901,Rome Odunze,WR,0.0
15,461.l.721870.t.14,461.p.32803,Colby Parkinson,TE,22.0
15,461.l.721870.t.14,461.p.40980,Ray Davis,RB,1.8
15,461.l.721870.t.14,461.p.6763,Philip Rivers,QB,7.8
15,461.l.721870.t.14,461.p.40819,Brandon Aubrey,K,16.6
15,461.l.721870.t.14,461.p.100030,Jaguars,DEF,12.0
15,461.l.721870.t.8,461.p.32676,Justin Herbert,QB,11.4
15,461.l.721870.t.8,461.p.34007,George Pickens,WR,4.8
15,461.l.721870.t.8,461.p.31868,Deebo Samuel,WR,5.8
15,461.l.721870.t.8,461.p.33423,Javonte Williams,RB,15.1
15,461.l.721870.t.8,461.p.31856,Josh Jacobs,RB,22.2
15,461.l.721870.t.8,461.p.28592,Darren Waller,TE,22.1
15,461.l.721870.t.8,461.p.33991,Breece Hall,RB,4.7
15,461.l.721870.t.8,461.p.40905,J.J. McCarthy,QB,24.5
15,461.l.721870.t.8,461.p.32685,Jerry Jeudy,WR,3.2
15,461.l.721870.t.8,461.p.32675,Tua Tagovailoa,QB,17.22
15,461.l.721870.t.8,461.p.34099,Chig Okonkwo,TE,5.3
15,461.l.721870.t.8,461.p.40915,Adonai Mitchell,WR,14.4
15,461.l.721870.t.8,461.p.31005,Nick Chubb,RB,0.0
15,461.l.721870.t.8,461.p.30125,Deshaun Watson,QB,0.0
15,461.l.721870.t.8,461.p.31482,Eddy Pineiro,K,14.0
15,461.l.721870.t.8,461.p.100002,Bills,DEF,6.0
15,461.l.721870.t.3,461.p.30977,Josh Allen,QB,24.52
15,461.l.721870.t.3,461.p.34104,Khalil Shakir,WR,9.0
15,461.l.721870.t.3,461.p.26699,Keenan Allen,WR,6.1
15,461.l.721870.t.3,461.p.40055,Bijan Robinson,RB,25.5
15,461.l.721870.t.3,461.p.40993,Bucky Irving,RB,7.6
15,461.l.721870.t.3,461.p.33113,Juwan Johnson,TE,5.0
15,461.l.721870.t.3,461.p.32887,Jauan Jennings,WR,17.2
15,461.l.721870.t.3,461.p.41904,Elic Ayomanor,WR,2.2
15,461.l.721870.t.3,461.p.34357,Bam Knight,RB,-0.2
15,461.l.721870.t.3,461.p.40224,Kayshon Boutte,WR,3.5
15,461.l.721870.t.3,461.p.40641,Keaton Mitchell,RB,6.6
15,461.l.721870.t.3,461.p.41808,Matthew Golden,WR,7.0
15,461.l.721870.t.3,461.p.30860,Dare Ogunbowale,RB,4.9
15,461.l.721870.t.3,461.p.28378,Jason Myers,K,24.0
15,461.l.721870.t.3,461.p.100025,49ers,DEF,0.0
15,461.l.721870.t.3,461.p.100016,Vikings,DEF,3.0
15,461.l.721870.t.12,461.p.41825,Tyler Shough,QB,18.08
15,461.l.721870.t.12,461.p.40121,Michael Wilson,WR,13.9
15,461.l.721870.t.12,461.p.41793,Tetairoa McMillan,WR,3.5
15,461.l.721870.t.12,461.p.34120,Kyren Williams,RB,21.3
15,461.l.721870.t.12,461.p.30121,Christian McCaffrey,RB,15.2
15,461.l.721870.t.12,461.p.40878,Brock Bowers,TE,5.8
15,461.l.721870.t.12,461.p.33998,Wan'Dale Robinson,WR,13.9
15,461.l.721870.t.12,461.p.41930,Shedeur Sanders,QB,6.48
15,461.l.721870.t.12,461.p.33495,Michael Carter,RB,11.4
15,461.l.721870.t.12,461.p.34088,Romeo Doubs,WR,4.6
15,461.l.721870.t.12,461.p.33963,Drake London,WR,0.0
15,461.l.721870.t.12,461.p.41058,Malik Washington,WR,1.5
15,461.l.721870.t.12,461.p.41001,AJ Barner,TE,4.2
15,461.l.721870.t.12,461.p.33975,Kenny Pickett,QB,2.26
15,461.l.721870.t.12,461.p.34344,Cameron Dicker,K,12.0
15,461.l.721870.t.12,461.p.100007,Broncos,DEF,9.0
15,461.l.721870.t.5,461.p.29369,Dak Prescott,QB,11.96
15,461.l.721870.t.5,461.p.33989,Christian Watson,WR,4.4
15,461.l.721870.t.5,461.p.33393,Ja'Marr Chase,WR,18.2
15,461.l.721870.t.5,461.p.40075,Zach Charbonnet,RB,3.1
15,461.l.721870.t.5,461.p.31960,Tony Pollard,RB,17.7
15,461.l.721870.t.5,461.p.41003,Theo Johnson,TE,8.7
15,461.l.721870.t.5,461.p.41097,Devaughn Vele,WR,9.4
15,461.l.721870.t.5,461.p.40881,Drake Maye,QB,21.5
15,461.l.721870.t.5,461.p.41009,Troy Franklin,WR,17.8
15,461.l.721870.t.5,461.p.41951,Oronde Gadsden,TE,8.1
15,461.l.721870.t.5,461.p.40707,Emanuel Wilson,RB,0.3
15,461.l.721870.t.5,461.p.33403,Mac Jones,QB,0.0
15,461.l.721870.t.5,461.p.40696,Jaleel McLaughlin,RB,0.4
15,461.l.721870.t.5,461.p.41062,Cam Little,K,12.0
15,461.l.721870.t.5,461.p.100029,Panthers,DEF,7.0
15,461.l.721870.t.5,461.p.100015,Dolphins,DEF,3.0
15,461.l.721870.t.6,461.p.30973,Sam Darnold,QB,11.34
15,461.l.721870.t.6,461.p.31883,A.J. Brown,WR,11.1
15,461.l.721870.t.6,461.p.33967,Jameson Williams,WR,22.9
15,461.l.721870.t.6,461.p.34019,James Cook III,RB,30.1
15,461.l.721870.t.6,461.p.32711,Jonathan Taylor,RB,11.6
15,461.l.721870.t.6,461.p.31056,Mark Andrews,TE,2.8
15,461.l.721870.t.6,461.p.34447,Jaylen Warren,RB,6.3
15,461.l.721870.t.6,461.p.28390,Marcus Mariota,QB,14.74
15,461.l.721870.t.6,461.p.26686,Travis Kelce,TE,10.5
15,461.l.721870.t.6,461.p.27581,Davante Adams,WR,9.1
15,461.l.721870.t.6,461.p.25812,Kirk Cousins,QB,26.92
15,461.l.721870.t.6,461.p.32018,Ty Johnson,RB,4.3
15,461.l.721870.t.6,461.p.40063,Jayden Reed,WR,8.0
15,461.l.721870.t.6,461.p.33537,Evan McPherson,K,0.0
15,461.l.721870.t.6,461.p.100026,Seahawks,DEF,4.0
15,461.l.721870.t.6,461.p.100021,Eagles,DEF,17.0
15,461.l.721870.t.15,461.p.30123,Patrick Mahomes,QB,14.06
15,461.l.721870.t.15,461.p.31908,Terry McLaurin,WR,14.4
15,461.l.721870.t.15,461.p.33394,Jaylen Waddle,WR,3.6
15,461.l.721870.t.15,461.p.40059,Jahmyr Gibbs,RB,7.8
15,461.l.721870.t.15,461.p.33100,Rico Dowdle,RB,11.9
15,461.l.721870.t.15,461.p.30136,Evan Engram,TE,1.7
15,461.l.721870.t.15,461.p.32003,Darius Slayton,WR,7.3
15,461.l.721870.t.15,461.p.29325,Jacoby Brissett,QB,21.56
15,461.l.721870.t.15,461.p.32843,Darnell Mooney,WR,5.0
15,461.l.721870.t.15,461.p.34062,Cade Otton,TE,0.0
15,461.l.721870.t.15,461.p.30227,Samaje Perine,RB,4.8
15,461.l.721870.t.15,461.p.40042,Jordan Addison,WR,7.6
15,461.l.721870.t.15,461.p.33415,Rashod Bateman,WR,0.0
15,461.l.721870.t.15,461.p.40159,Chad Ryland,K,2.0
15,461.l.721870.t.15,461.p.100010,Titans,DEF,0.0
15,461.l.721870.t.15,461.p.100017,Patriots,DEF,-2.0
15,461.l.721870.t.4,461.p.31002,Lamar Jackson,QB,15.6
15,461.l.721870.t.4,461.p.30197,Chris Godwin Jr.,WR,12.0
15,461.l.721870.t.4,461.p.32231,Jakobi Meyers,WR,9.6
15,461.l.721870.t.4,461.p.34320,Jordan Mason,RB,2.9
15,461.l.721870.t.4,461.p.33514,Chuba Hubbard,RB,4.3
15,461.l.721870.t.4,461.p.41799,Tyler Warren,TE,3.4
15,461.l.721870.t.4,461.p.40877,Xavier Worthy,WR,4.5
15,461.l.721870.t.4,461.p.32671,Joe Burrow,QB,6.5
15,461.l.721870.t.4,461.p.41052,Kimani Vidal,RB,5.3
15,461.l.721870.t.4,461.p.40114,Tre Tucker,WR,0.0
15,461.l.721870.t.4,461.p.40119,Tyjae Spears,RB,4.6
15,461.l.721870.t.4,461.p.41010,Jaylen Wright,RB,1.6
15,461.l.721870.t.4,461.p.41087,Ryan Flournoy,WR,6.0
15,461.l.721870.t.4,461.p.40835,Jake Bates,K,10.0
15,461.l.721870.t.4,461.p.100006,Cowboys,DEF,2.0
15,461.l.721870.t.4,461.p.100018,Saints,DEF,5.0
15,461.l.721870.t.10,461.p.29235,Jared Goff,QB,25.52
15,461.l.721870.t.10,461.p.31896,DK Metcalf,WR,13.0
15,461.l.721870.t.10,461.p.40084,Rashee Rice,WR,8.6
15,461.l.721870.t.10,461.p.41902,Woody Marks,RB,10.3
15,461.l.721870.t.10,461.p.33413,Travis Etienne Jr.,RB,30.0
15,461.l.721870.t.10,461.p.40078,Brenton Strange,TE,3.1
15,461.l.721870.t.10,461.p.41823,TreVeyon Henderson,RB,29.1
15,461.l.721870.t.10,461.p.41972,Devin Neal,RB,9.7
15,461.l.721870.t.10,461.p.41903,Chimere Dike,WR,3.0
15,461.l.721870.t.10,461.p.40234,Parker Washington,WR,6.8
15,461.l.721870.t.10,461.p.33455,Davis Mills,QB,0.0
15,461.l.721870.t.10,461.p.40958,Trey Benson,RB,0.0
15,461.l.721870.t.10,461.p.31012,Mike Gesicki,TE,1.6
15,461.l.721870.t.10,461.p.31137,Daniel Carlson,K,0.0
15,461.l.721870.t.10,461.p.100005,Browns,DEF,4.0
15,461.l.721870.t.16,461.p.40900,Caleb Williams,QB,18.98
15,461.l.721870.t.16,461.p.40039,Zay Flowers,WR,14.3
15,461.l.721870.t.16,461.p.30994,DJ Moore,WR,20.9
15,461.l.721870.t.16,461.p.41845,RJ Harvey,RB,10.5
15,461.l.721870.t.16,461.p.41048,Tyrone Tracy Jr.,RB,23.2
15,461.l.721870.t.16,461.p.40048,Dalton Kincaid,TE,4.9
15,461.l.721870.t.16,461.p.40883,Brian Thomas Jr.,WR,15.1
15,461.l.721870.t.16,461.p.42229,Brady Cook,QB,11.94
15,461.l.721870.t.16,461.p.41968,Riley Leonard,QB,0.0
15,461.l.721870.t.16,461.p.40896,Jayden Daniels,QB,0.0
15,461.l.721870.t.16,461.p.41969,Ollie Gordon II,RB,0.0
15,461.l.721870.t.16,461.p.41824,Luther Burden III,WR,11.4
15,461.l.721870.t.16,461.p.33999,John Metchie III,WR,4.9
15,461.l.721870.t.16,461.p.34095,Isaiah Likely,TE,0.0
15,461.l.721870.t.16,461.p.32417,Chase McLaughlin,K,11.0
15,461.l.721870.t.16,461.p.100019,Giants,DEF,6.0
15,461.l.721870.t.1,461.p.30971,Baker Mayfield,QB,20.18
15,461.l.721870.t.1,461.p.40908,Ladd McConkey,WR,3.0
15,461.l.721870.t.1,461.p.33966,Chris Olave,WR,17.5
15,461.l.721870.t.1,461.p.41791,Ashton Jeanty,RB,6.2
15,461.l.721870.t.1,461.p.40118,De'Von Achane,RB,15.7
15,461.l.721870.t.1,461.p.34085,Jake Ferguson,TE,2.6
15,461.l.721870.t.1,461.p.28534,Stefon Diggs,WR,4.1
15,461.l.721870.t.1,461.p.41810,Jaxson Dart,QB,23.14
15,461.l.721870.t.1,461.p.33392,Kyle Pitts Sr.,TE,40.1
15,461.l.721870.t.1,461.p.34008,Alec Pierce,WR,2.1
15,461.l.721870.t.1,461.p.8795,Joe Flacco,QB,0.0
15,461.l.721870.t.1,461.p.34054,Brian Robinson Jr.,RB,2.1
15,461.l.721870.t.1,461.p.27560,Teddy Bridgewater,QB,0.0
15,461.l.721870.t.1,461.p.30182,Cooper Kupp,WR,7.1
15,461.l.721870.t.1,461.p.30337,Zane Gonzalez,K,6.0
15,461.l.721870.t.1,461.p.100034,Texans,DEF,9.0
15,461.l.721870.t.7,461.p.32723,Jalen Hurts,QB,22.9
15,461.l.721870.t.7,461.p.33398,DeVonta Smith,WR,6.0
15,461.l.721870.t.7,461.p.40890,Xavier Legette,WR,4.9
15,461.l.721870.t.7,461.p.29279,Derrick Henry,RB,10.0
15,461.l.721870.t.7,461.p.31905,David Montgomery,RB,9.2
15,461.l.721870.t.7,461.p.31019,Dallas Goedert,TE,22.0
15,461.l.721870.t.7,461.p.33538,Kenneth Gainwell,RB,16.1
15,461.l.721870.t.7,461.p.9265,Matthew Stafford,QB,21.92
15,461.l.721870.t.7,461.p.40051,Quentin Johnston,WR,0.0
15,461.l.721870.t.7,461.p.42025,Kyle Monangai,RB,3.3
15,461.l.721870.t.7,461.p.33965,Garrett Wilson,WR,0.0
15,461.l.721870.t.7,461.p.31017,Christian Kirk,WR,0.0
15,461.l.721870.t.7,461.p.31906,Devin Singletary,RB,1.9
15,461.l.721870.t.7,461.p.40911,Keon Coleman,WR,0.0
15,461.l.721870.t.7,461.p.30266,Jake Elliott,K,7.0
15,461.l.721870.t.7,461.p.100009,Packers,DEF,4.0
15,461.l.721870.t.11,461.p.41786,Cam Ward,QB,15.0
15,461.l.721870.t.11,461.p.40168,Puka Nacua,WR,23.4
15,461.l.721870.t.11,461.p.33477,Nico Collins,WR,22.0
15,461.l.721870.t.11,461.p.41821,Quinshon Judkins,RB,3.2
15,461.l.721870.t.11,461.p.41900,Bhayshul Tuten,RB,8.8
15,461.l.721870.t.11,461.p.34010,Trey McBride,TE,31.4
15,461.l.721870.t.11,461.p.34659,Rashid Shaheed,WR,9.6
15,461.l.721870.t.11,461.p.33508,Rhamondre Stevenson,RB,9.2
15,461.l.721870.t.11,461.p.32703,Tee Higgins,WR,0.0
15,461.l.721870.t.11,461.p.26662,Geno Smith,QB,0.0
15,461.l.721870.t.11,461.p.33348,Nick Westbrook-Ikhine,WR,0.0
15,461.l.721870.t.11,461.p.42012,Brashard Smith,RB,0.1
15,461.l.721870.t.11,461.p.40222,DeMario Douglas,WR,0.5
15,461.l.721870.t.11,461.p.41907,Dylan Sampson,RB,0.0
15,461.l.721870.t.11,461.p.41093,Will Reichard,K,12.0
15,461.l.721870.t.11,461.p.100023,Steelers,DEF,7.0
15,461.l.721870.t.13,461.p.40029,Bryce Young,QB,15.42
15,461.l.721870.t.13,461.p.32692,Justin Jefferson,WR,3.2
15,461.l.721870.t.13,461.p.32704,Michael Pittman Jr.,WR,4.1
15,461.l.721870.t.13,461.p.32705,D'Andre Swift,RB,22.1
15,461.l.721870.t.13,461.p.30199,Kareem Hunt,RB,2.5
15,461.l.721870.t.13,461.p.31840,T.J. Hockenson,TE,8.6
15,461.l.721870.t.13,461.p.31010,Courtland Sutton,WR,20.8
15,461.l.721870.t.13,461.p.40030,C.J. Stroud,QB,23.4
15,461.l.721870.t.13,461.p.30180,Alvin Kamara,RB,0.0
15,461.l.721870.t.13,461.p.34147,Jalen Nailor,WR,18.0
15,461.l.721870.t.13,461.p.30551,Kendrick Bourne,WR,2.7
15,461.l.721870.t.13,461.p.40893,Marvin Harrison Jr.,WR,0.0
15,461.l.721870.t.13,461.p.41807,Omarion Hampton,RB,7.0
15,461.l.721870.t.13,461.p.30346,Harrison Butker,K,8.0
15,461.l.721870.t.13,461.p.29792,Ka'imi Fairbairn,K,18.0
15,461.l.721870.t.13,461.p.100020,Jets,DEF,-2.0
15,461.l.721870.t.2,461.p.32696,Jordan Love,QB,15.94
15,461.l.721870.t.2,461.p.33500,Amon-Ra St. Brown,WR,34.9
15,461.l.721870.t.2,461.p.32687,CeeDee Lamb,WR,14.1
15,461.l.721870.t.2,461.p.30295,Aaron Jones Sr.,RB,8.0
15,461.l.721870.t.2,461.p.34207,Isiah Pacheco,RB,2.1
15,461.l.721870.t.2,461.p.41877,Harold Fannin Jr.,TE,8.5
15,461.l.721870.t.2,461.p.40231,Chris Rodriguez Jr.,RB,0.0
15,461.l.721870.t.2,461.p.24967,Tyrod Taylor,QB,0.0
15,461.l.721870.t.2,461.p.29269,Hunter Henry,TE,2.3
15,461.l.721870.t.2,461.p.34094,Calvin Austin III,WR,0.0
15,461.l.721870.t.2,461.p.40430,Emari Demercado,RB,1.1
15,461.l.721870.t.2,461.p.33399,Justin Fields,QB,0.0
15,461.l.721870.t.2,461.p.33443,Pat Freiermuth,TE,6.0
15,461.l.721870.t.2,461.p.40090,Marvin Mims Jr.,WR,5.7
15,461.l.721870.t.2,461.p.41988,Tyler Loop,K,6.0
15,461.l.721870.t.2,461.p.100028,Commanders,DEF,11.0
15,461.l.721870.t.9,461.p.34218,Brock Purdy,QB,26.2
15,461.l.721870.t.9,461.p.41819,Jayden Higgins,WR,0.9
15,461.l.721870.t.9,461.p.41293,Jalen Coker,WR,12.0
15,461.l.721870.t.9,461.p.30972,Saquon Barkley,RB,16.2
15,461.l.721870.t.9,461.p.33996,Kenneth Walker III,RB,2.4
15,461.l.721870.t.9,461.p.31107,Dalton Schultz,TE,17.6
15,461.l.721870.t.9,461.p.34047,Rachaad White,RB,3.1
15,461.l.721870.t.9,461.p.41795,Colston Loveland,TE,8.1
15,461.l.721870.t.9,461.p.40093,Cedric Tillman,WR,0.0
15,461.l.721870.t.9,461.p.7200,Aaron Rodgers,QB,16.96
15,461.l.721870.t.9,461.p.27535,Mike Evans,WR,16.2
15,461.l.721870.t.9,461.p.27277,Adam Thielen,WR,1.2
15,461.l.721870.t.9,461.p.40102,Tucker Kraft,TE,0.0
15,461.l.721870.t.9,461.p.31046,Mason Rudolph,QB,0.0
15,461.l.721870.t.9,461.p.28188,Chris Boswell,K,4.0
15,461.l.721870.t.9,461.p.100003,Bears,DEF,20.0
16,461.l.721870.t.14,461.p.40875,Bo Nix,QB,16.18
16,461.l.721870.t.14,461.p.40041,Jaxon Smith-Njigba,WR,19.6
16,461.l.721870.t.14,461.p.41804,Emeka Egbuka,WR,4.5
16,461.l.721870.t.14,461.p.40196,Chase Brown,RB,30.9
16,461.l.721870.t.14,461.p.40962,Blake Corum,RB,12.6
16,461.l.721870.t.14,461.p.30259,George Kittle,TE,21.0
16,461.l.721870.t.14,461.p.34107,Tyler Allgeier,RB,7.8
16,461.l.721870.t.14,461.p.33389,Trevor Lawrence,QB,31.16
16,461.l.721870.t.14,461.p.40892,Ricky Pearsall,WR,0.0
16,461.l.721870.t.14,461.p.32803,Colby Parkinson,TE,3.1
16,461.l.721870.t.14,461.p.42010,Jacory Croskey-Merritt,RB,8.5
16,461.l.721870.t.14,461.p.40901,Rome Odunze,WR,0.0
16,461.l.721870.t.14,461.p.40980,Ray Davis,RB,4.4
16,461.l.721870.t.14,461.p.6763,Philip Rivers,QB,17.08
16,461.l.721870.t.14,461.p.40819,Brandon Aubrey,K,5.0
16,461.l.721870.t.14,461.p.100016,Vikings,DEF,13.0
16,461.l.721870.t.8,461.p.32676,Justin Herbert,QB,30.2
16,461.l.721870.t.8,461.p.34007,George Pickens,WR,22.5
16,461.l.721870.t.8,461.p.40915,Adonai Mitchell,WR,5.8
16,461.l.721870.t.8,461.p.33423,Javonte Williams,RB,5.3
16,461.l.721870.t.8,461.p.31856,Josh Jacobs,RB,3.8
16,461.l.721870.t.8,461.p.28592,Darren Waller,TE,5.5
16,461.l.721870.t.8,461.p.33991,Breece Hall,RB,7.3
16,461.l.721870.t.8,461.p.40905,J.J. McCarthy,QB,9.32
16,461.l.721870.t.8,461.p.32685,Jerry Jeudy,WR,2.7
16,461.l.721870.t.8,461.p.31868,Deebo Samuel,WR,5.0
16,461.l.721870.t.8,461.p.32675,Tua Tagovailoa,QB,0.0
16,461.l.721870.t.8,461.p.34099,Chig Okonkwo,TE,13.4
16,461.l.721870.t.8,461.p.31005,Nick Chubb,RB,4.7
16,461.l.721870.t.8,461.p.30125,Deshaun Watson,QB,0.0
16,461.l.721870.t.8,461.p.31482,Eddy Pineiro,K,12.0
16,461.l.721870.t.8,461.p.100002,Bills,DEF,9.0
16,461.l.721870.t.3,461.p.30977,Josh Allen,QB,6.9
16,461.l.721870.t.3,461.p.34104,Khalil Shakir,WR,5.4
16,461.l.721870.t.3,461.p.32887,Jauan Jennings,WR,15.6
16,461.l.721870.t.3,461.p.40055,Bijan Robinson,RB,26.3
16,461.l.721870.t.3,461.p.40993,Bucky Irving,RB,7.1
16,461.l.721870.t.3,461.p.33113,Juwan Johnson,TE,12.9
16,461.l.721870.t.3,461.p.26699,Keenan Allen,WR,6.9
16,461.l.721870.t.3,461.p.42037,Quinn Ewers,QB,8.9
16,461.l.721870.t.3,461.p.41808,Matthew Golden,WR,0.4
16,461.l.721870.t.3,461.p.41904,Elic Ayomanor,WR,7.3
16,461.l.721870.t.3,461.p.40224,Kayshon Boutte,WR,2.1
16,461.l.721870.t.3,461.p.41019,Audric Estime,RB,5.1
16,461.l.721870.t.3,461.p.33390,Zach Wilson,QB,0.0
16,461.l.721870.t.3,461.p.41064,Jawhar Jordan,RB,9.5
16,461.l.721870.t.3,461.p.28378,Jason Myers,K,2.0
16,461.l.721870.t.3,461.p.100012,Chiefs,DEF,4.0
16,461.l.721870.t.12,461.p.41825,Tyler Shough,QB,17.12
16,461.l.721870.t.12,461.p.40121,Michael Wilson,WR,12.2
16,461.l.721870.t.12,461.p.41793,Tetairoa McMillan,WR,16.3
16,461.l.721870.t.12,461.p.34120,Kyren Williams,RB,10.0
16,461.l.721870.t.12,461.p.30121,Christian McCaffrey,RB,29.6
16,461.l.721870.t.12,461.p.40878,Brock Bowers,TE,11.8
16,461.l.721870.t.12,461.p.33963,Drake London,WR,4.2
16,461.l.721870.t.12,461.p.41930,Shedeur Sanders,QB,13.18
16,461.l.721870.t.12,461.p.33998,Wan'Dale Robinson,WR,3.7
16,461.l.721870.t.12,461.p.33495,Michael Carter,RB,6.5
16,461.l.721870.t.12,461.p.34088,Romeo Doubs,WR,16.9
16,461.l.721870.t.12,461.p.41058,Malik Washington,WR,9.7
16,461.l.721870.t.12,461.p.41001,AJ Barner,TE,13.0
16,461.l.721870.t.12,461.p.33975,Kenny Pickett,QB,0.0
16,461.l.721870.t.12,461.p.34344,Cameron Dicker,K,10.0
16,461.l.721870.t.12,461.p.100007,Broncos,DEF,5.0
16,461.l.721870.t.5,461.p.29369,Dak Prescott,QB,19.16
16,461.l.721870.t.5,461.p.33989,Christian Watson,WR,2.7
16,461.l.721870.t.5,461.p.33393,Ja'Marr Chase,WR,15.4
16,461.l.721870.t.5,461.p.40075,Zach Charbonnet,RB,15.4
16,461.l.721870.t.5,461.p.31960,Tony Pollard,RB,10.2
16,461.l.721870.t.5,461.p.41003,Theo Johnson,TE,0.0
16,461.l.721870.t.5,461.p.41009,Troy Franklin,WR,8.6
16,461.l.721870.t.5,461.p.40881,Drake Maye,QB,24.7
16,461.l.721870.t.5,461.p.41097,Devaughn Vele,WR,0.0
16,461.l.721870.t.5,461.p.41951,Oronde Gadsden,TE,1.2
16,461.l.721870.t.5,461.p.40707,Emanuel Wilson,RB,8.2
16,461.l.721870.t.5,461.p.33403,Mac Jones,QB,-0.3
16,461.l.721870.t.5,461.p.40696,Jaleel McLaughlin,RB,3.7
16,461.l.721870.t.5,461.p.41062,Cam Little,K,11.0
16,461.l.721870.t.5,461.p.100029,Panthers,DEF,5.0
16,461.l.721870.t.5,461.p.100015,Dolphins,DEF,-2.0
16,461.l.721870.t.6,461.p.30973,Sam Darnold,QB,21.5
16,461.l.721870.t.6,461.p.31883,A.J. Brown,WR,14.0
16,461.l.721870.t.6,461.p.33967,Jameson Williams,WR,9.5
16,461.l.721870.t.6,461.p.34019,James Cook III,RB,25.9
16,461.l.721870.t.6,461.p.32711,Jonathan Taylor,RB,15.4
16,461.l.721870.t.6,461.p.31056,Mark Andrews,TE,3.4
16,461.l.721870.t.6,461.p.34447,Jaylen Warren,RB,28.1
16,461.l.721870.t.6,461.p.28390,Marcus Mariota,QB,3.7
16,461.l.721870.t.6,461.p.26686,Travis Kelce,TE,1.1
16,461.l.721870.t.6,461.p.27581,Davante Adams,WR,0.0
16,461.l.721870.t.6,461.p.25812,Kirk Cousins,QB,18.58
16,461.l.721870.t.6,461.p.32018,Ty Johnson,RB,7.6
16,461.l.721870.t.6,461.p.40063,Jayden Reed,WR,5.6
16,461.l.721870.t.6,461.p.33537,Evan McPherson,K,10.0
16,461.l.721870.t.6,461.p.100026,Seahawks,DEF,-2.0
16,461.l.721870.t.6,461.p.100021,Eagles,DEF,5.0
16,461.l.721870.t.15,461.p.29325,Jacoby Brissett,QB,11.62
16,461.l.721870.t.15,461.p.31908,Terry McLaurin,WR,6.8
16,461.l.721870.t.15,461.p.33394,Jaylen Waddle,WR,9.7
16,461.l.721870.t.15,461.p.40059,Jahmyr Gibbs,RB,17.8
16,461.l.721870.t.15,461.p.33100,Rico Dowdle,RB,6.3
16,461.l.721870.t.15,461.p.30136,Evan Engram,TE,4.6
16,461.l.721870.t.15,461.p.32003,Darius Slayton,WR,1.3
16,461.l.721870.t.15,461.p.40042,Jordan Addison,WR,3.6
16,461.l.721870.t.15,461.p.30123,Patrick Mahomes,QB,0.0
16,461.l.721870.t.15,461.p.32843,Darnell Mooney,WR,3.4
16,461.l.721870.t.15,461.p.34062,Cade Otton,TE,2.5
16,461.l.721870.t.15,461.p.30227,Samaje Perine,RB,11.1
16,461.l.721870.t.15,461.p.33415,Rashod Bateman,WR,0.0
16,461.l.721870.t.15,461.p.40159,Chad Ryland,K,16.0
16,461.l.721870.t.15,461.p.100010,Titans,DEF,10.0
16,461.l.721870.t.15,461.p.100017,Patriots,DEF,5.0
16,461.l.721870.t.4,461.p.31002,Lamar Jackson,QB,4.74
16,461.l.721870.t.4,461.p.30197,Chris Godwin Jr.,WR,5.5
16,461.l.721870.t.4,461.p.32231,Jakobi Meyers,WR,6.6
16,461.l.721870.t.4,461.p.34320,Jordan Mason,RB,1.6
16,461.l.721870.t.4,461.p.33514,Chuba Hubbard,RB,3.9
16,461.l.721870.t.4,461.p.41799,Tyler Warren,TE,4.5
16,461.l.721870.t.4,461.p.40877,Xavier Worthy,WR,5.1
16,461.l.721870.t.4,461.p.32671,Joe Burrow,QB,28.96
16,461.l.721870.t.4,461.p.41052,Kimani Vidal,RB,1.1
16,461.l.721870.t.4,461.p.40114,Tre Tucker,WR,7.4
16,461.l.721870.t.4,461.p.40119,Tyjae Spears,RB,19.0
16,461.l.721870.t.4,461.p.41010,Jaylen Wright,RB,11.8
16,461.l.721870.t.4,461.p.41087,Ryan Flournoy,WR,8.8
16,461.l.721870.t.4,461.p.40835,Jake Bates,K,6.0
16,461.l.721870.t.4,461.p.100006,Cowboys,DEF,1.0
16,461.l.721870.t.4,461.p.100018,Saints,DEF,22.0
16,461.l.721870.t.10,461.p.29235,Jared Goff,QB,26.46
16,461.l.721870.t.10,461.p.31896,DK Metcalf,WR,6.2
16,461.l.721870.t.10,461.p.40084,Rashee Rice,WR,0.0
16,461.l.721870.t.10,461.p.41902,Woody Marks,RB,0.0
16,461.l.721870.t.10,461.p.33413,Travis Etienne Jr.,RB,14.6
16,461.l.721870.t.10,461.p.40078,Brenton Strange,TE,12.4
16,461.l.721870.t.10,461.p.41823,TreVeyon Henderson,RB,1.7
16,461.l.721870.t.10,461.p.41972,Devin Neal,RB,0.0
16,461.l.721870.t.10,461.p.41903,Chimere Dike,WR,11.5
16,461.l.721870.t.10,461.p.40234,Parker Washington,WR,23.5
16,461.l.721870.t.10,461.p.33455,Davis Mills,QB,0.0
16,461.l.721870.t.10,461.p.40958,Trey Benson,RB,0.0
16,461.l.721870.t.10,461.p.31012,Mike Gesicki,TE,11.0
16,461.l.721870.t.10,461.p.31137,Daniel Carlson,K,3.0
16,461.l.721870.t.10,461.p.100005,Browns,DEF,4.0
16,461.l.721870.t.16,461.p.40900,Caleb Williams,QB,21.0
16,461.l.721870.t.16,461.p.40039,Zay Flowers,WR,17.7
16,461.l.721870.t.16,461.p.30994,DJ Moore,WR,19.4
16,461.l.721870.t.16,461.p.41845,RJ Harvey,RB,20.1
16,461.l.721870.t.16,461.p.41048,Tyrone Tracy Jr.,RB,8.8
16,461.l.721870.t.16,461.p.40048,Dalton Kincaid,TE,0.0
16,461.l.721870.t.16,461.p.40883,Brian Thomas Jr.,WR,2.8
16,461.l.721870.t.16,461.p.42229,Brady Cook,QB,4.72
16,461.l.721870.t.16,461.p.41968,Riley Leonard,QB,0.0
16,461.l.721870.t.16,461.p.40896,Jayden Daniels,QB,0.0
16,461.l.721870.t.16,461.p.41969,Ollie Gordon II,RB,-0.1
16,461.l.721870.t.16,461.p.41824,Luther Burden III,WR,0.0
16,461.l.721870.t.16,461.p.33999,John Metchie III,WR,0.9
16,461.l.721870.t.16,461.p.34095,Isaiah Likely,TE,0.0
16,461.l.721870.t.16,461.p.32417,Chase McLaughlin,K,10.0
16,461.l.721870.t.16,461.p.100019,Giants,DEF,15.0
16,461.l.721870.t.1,461.p.30971,Baker Mayfield,QB,13.7
16,461.l.721870.t.1,461.p.40908,Ladd McConkey,WR,12.3
16,461.l.721870.t.1,461.p.33966,Chris Olave,WR,31.8
16,461.l.721870.t.1,461.p.41791,Ashton Jeanty,RB,31.3
16,461.l.721870.t.1,461.p.40118,De'Von Achane,RB,16.5
16,461.l.721870.t.1,461.p.34085,Jake Ferguson,TE,3.4
16,461.l.721870.t.1,461.p.28534,Stefon Diggs,WR,18.3
16,461.l.721870.t.1,461.p.41810,Jaxson Dart,QB,1.02
16,461.l.721870.t.1,461.p.33392,Kyle Pitts Sr.,TE,15.2
16,461.l.721870.t.1,461.p.34008,Alec Pierce,WR,22.6
16,461.l.721870.t.1,461.p.8795,Joe Flacco,QB,0.16
16,461.l.721870.t.1,461.p.34054,Brian Robinson Jr.,RB,2.0
16,461.l.721870.t.1,461.p.27560,Teddy Bridgewater,QB,0.0
16,461.l.721870.t.1,461.p.30182,Cooper Kupp,WR,5.4
16,461.l.721870.t.1,461.p.30337,Zane Gonzalez,K,7.0
16,461.l.721870.t.1,461.p.100034,Texans,DEF,11.0
16,461.l.721870.t.7,461.p.32723,Jalen Hurts,QB,19.4
16,461.l.721870.t.7,461.p.33398,DeVonta Smith,WR,13.2
16,461.l.721870.t.7,461.p.40051,Quentin Johnston,WR,18.4
16,461.l.721870.t.7,461.p.29279,Derrick Henry,RB,22.8
16,461.l.721870.t.7,461.p.31905,David Montgomery,RB,1.4
16,461.l.721870.t.7,461.p.31019,Dallas Goedert,TE,10.7
16,461.l.721870.t.7,461.p.33538,Kenneth Gainwell,RB,21.3
16,461.l.721870.t.7,461.p.9265,Matthew Stafford,QB,30.88
16,461.l.721870.t.7,461.p.40890,Xavier Legette,WR,1.7
16,461.l.721870.t.7,461.p.42025,Kyle Monangai,RB,10.8
16,461.l.721870.t.7,461.p.31017,Christian Kirk,WR,5.2
16,461.l.721870.t.7,461.p.31906,Devin Singletary,RB,5.1
16,461.l.721870.t.7,461.p.40911,Keon Coleman,WR,0.0
16,461.l.721870.t.7,461.p.41840,Tre' Harris,WR,7.4
16,461.l.721870.t.7,461.p.30266,Jake Elliott,K,2.0
16,461.l.721870.t.7,461.p.100009,Packers,DEF,1.0
16,461.l.721870.t.11,461.p.41786,Cam Ward,QB,18.02
16,461.l.721870.t.11,461.p.40168,Puka Nacua,WR,40.5
16,461.l.721870.t.11,461.p.33477,Nico Collins,WR,7.9
16,461.l.721870.t.11,461.p.41821,Quinshon Judkins,RB,7.6
16,461.l.721870.t.11,461.p.41900,Bhayshul Tuten,RB,0.0
16,461.l.721870.t.11,461.p.34010,Trey McBride,TE,4.7
16,461.l.721870.t.11,461.p.34659,Rashid Shaheed,WR,9.1
16,461.l.721870.t.11,461.p.33508,Rhamondre Stevenson,RB,16.8
16,461.l.721870.t.11,461.p.32703,Tee Higgins,WR,12.8
16,461.l.721870.t.11,461.p.26662,Geno Smith,QB,14.04
16,461.l.721870.t.11,461.p.33348,Nick Westbrook-Ikhine,WR,0.0
16,461.l.721870.t.11,461.p.42012,Brashard Smith,RB,0.9
16,461.l.721870.t.11,461.p.40222,DeMario Douglas,WR,1.1
16,461.l.721870.t.11,461.p.41907,Dylan Sampson,RB,0.0
16,461.l.721870.t.11,461.p.41093,Will Reichard,K,11.0
16,461.l.721870.t.11,461.p.100023,Steelers,DEF,6.0
16,461.l.721870.t.13,461.p.40029,Bryce Young,QB,17.64
16,461.l.721870.t.13,461.p.32692,Justin Jefferson,WR,11.5
16,461.l.721870.t.13,461.p.32704,Michael Pittman Jr.,WR,5.2
16,461.l.721870.t.13,461.p.32705,D'Andre Swift,RB,8.0
16,461.l.721870.t.13,461.p.41807,Omarion Hampton,RB,16.0
16,461.l.721870.t.13,461.p.31840,T.J. Hockenson,TE,0.7
16,461.l.721870.t.13,461.p.31010,Courtland Sutton,WR,17.6
16,461.l.721870.t.13,461.p.40030,C.J. Stroud,QB,11.48
16,461.l.721870.t.13,461.p.30199,Kareem Hunt,RB,0.2
16,461.l.721870.t.13,461.p.30180,Alvin Kamara,RB,0.0
16,461.l.721870.t.13,461.p.34147,Jalen Nailor,WR,0.0
16,461.l.721870.t.13,461.p.40893,Marvin Harrison Jr.,WR,1.9
16,461.l.721870.t.13,461.p.32010,Gardner Minshew,QB,1.4
16,461.l.721870.t.13,461.p.29792,Ka'imi Fairbairn,K,16.0
16,461.l.721870.t.13,461.p.30346,Harrison Butker,K,12.0
16,461.l.721870.t.13,461.p.100001,Falcons,DEF,5.0
16,461.l.721870.t.2,461.p.32696,Jordan Love,QB,3.78
16,461.l.721870.t.2,461.p.33500,Amon-Ra St. Brown,WR,7.4
16,461.l.721870.t.2,461.p.32687,CeeDee Lamb,WR,8.1
16,461.l.721870.t.2,461.p.30295,Aaron Jones Sr.,RB,10.3
16,461.l.721870.t.2,461.p.34207,Isiah Pacheco,RB,10.5
16,461.l.721870.t.2,461.p.29269,Hunter Henry,TE,12.5
16,461.l.721870.t.2,461.p.40231,Chris Rodriguez Jr.,RB,13.4
16,461.l.721870.t.2,461.p.41877,Harold Fannin Jr.,TE,17.5
16,461.l.721870.t.2,461.p.24967,Tyrod Taylor,QB,0.0
16,461.l.721870.t.2,461.p.34094,Calvin Austin III,WR,1.3
16,461.l.721870.t.2,461.p.40430,Emari Demercado,RB,3.0
16,461.l.721870.t.2,461.p.33399,Justin Fields,QB,0.0
16,461.l.721870.t.2,461.p.33443,Pat Freiermuth,TE,4.0
16,461.l.721870.t.2,461.p.40090,Marvin Mims Jr.,WR,4.4
16,461.l.721870.t.2,461.p.41988,Tyler Loop,K,6.0
16,461.l.721870.t.2,461.p.100028,Commanders,DEF,4.0
16,461.l.721870.t.9,461.p.34218,Brock Purdy,QB,31.9
16,461.l.721870.t.9,461.p.27535,Mike Evans,WR,11.6
16,461.l.721870.t.9,461.p.41293,Jalen Coker,WR,6.2
16,461.l.721870.t.9,461.p.30972,Saquon Barkley,RB,21.2
16,461.l.721870.t.9,461.p.33996,Kenneth Walker III,RB,23.9
16,461.l.721870.t.9,461.p.31107,Dalton Schultz,TE,12.0
16,461.l.721870.t.9,461.p.41819,Jayden Higgins,WR,2.2
16,461.l.721870.t.9,461.p.7200,Aaron Rodgers,QB,15.54
16,461.l.721870.t.9,461.p.40126,Josh Downs,WR,9.3
16,461.l.721870.t.9,461.p.34047,Rachaad White,RB,7.0
16,461.l.721870.t.9,461.p.41795,Colston Loveland,TE,4.5
16,461.l.721870.t.9,461.p.27277,Adam Thielen,WR,6.9
16,461.l.721870.t.9,461.p.40102,Tucker Kraft,TE,0.0
16,461.l.721870.t.9,461.p.31046,Mason Rudolph,QB,0.0
16,461.l.721870.t.9,461.p.28188,Chris Boswell,K,10.0
16,461.l.721870.t.9,461.p.100003,Bears,DEF,7.0
