week,team_key,player_key,player_name,display_position,points
1,423.l.168824.t.15,423.p.9265,Matthew Stafford,QB,14.46
1,423.l.168824.t.15,423.p.27535,Mike Evans,WR,15.6
1,423.l.168824.t.15,423.p.32695,Brandon Aiyuk,WR,28.9
1,423.l.168824.t.15,423.p.33508,Rhamondre Stevenson,RB,11.9
1,423.l.168824.t.15,423.p.30218,James Conner,RB,9.5
1,423.l.168824.t.15,423.p.30259,George Kittle,TE,3.4
1,423.l.168824.t.15,423.p.30154,Dalvin Cook,RB,7.4
1,423.l.168824.t.15,423.p.34030,Desmond Ridder,QB,8.4
1,423.l.168824.t.15,423.p.32704,Michael Pittman Jr.,WR,19.7
1,423.l.168824.t.15,423.p.30202,D'Onta Foreman,RB,3.4
1,423.l.168824.t.15,423.p.31833,Kyler Murray,QB,0.0
1,423.l.168824.t.15,423.p.32732,A.J. Dillon,RB,4.6
1,423.l.168824.t.15,423.p.30175,JuJu Smith-Schuster,WR,5.3
1,423.l.168824.t.15,423.p.40064,Sam LaPorta,TE,6.4
1,423.l.168824.t.15,423.p.31137,Daniel Carlson,K,5.0
1,423.l.168824.t.15,423.p.100021,Eagles,DEF,13.0
1,423.l.168824.t.14,423.p.34100,Sam Howell,QB,16.18
1,423.l.168824.t.14,423.p.32703,Tee Higgins,WR,0.0
1,423.l.168824.t.14,423.p.28392,Amari Cooper,WR,5.2
1,423.l.168824.t.14,423.p.30295,Aaron Jones Sr.,RB,25.7
1,423.l.168824.t.14,423.p.34047,Rachaad White,RB,5.9
1,423.l.168824.t.14,423.p.30157,Gerald Everett,TE,3.3
1,423.l.168824.t.14,423.p.30120,Mike Williams,WR,6.5
1,423.l.168824.t.14,423.p.32676,Justin Herbert,QB,20.86
1,423.l.168824.t.14,423.p.30180,Alvin Kamara,RB,0.0
1,423.l.168824.t.14,423.p.33403,Mac Jones,QB,25.14
1,423.l.168824.t.14,423.p.29325,Jacoby Brissett,QB,0.0
1,423.l.168824.t.14,423.p.32736,Antonio Gibson,RB,0.4
1,423.l.168824.t.14,423.p.31394,Jeff Wilson Jr.,RB,0.0
1,423.l.168824.t.14,423.p.32702,Clyde Edwards-Helaire,RB,3.4
1,423.l.168824.t.14,423.p.30346,Harrison Butker,K,8.0
1,423.l.168824.t.14,423.p.100028,Commanders,DEF,11.0
1,423.l.168824.t.9,423.p.30977,Josh Allen,QB,12.04
1,423.l.168824.t.9,423.p.27581,Davante Adams,WR,9.6
1,423.l.168824.t.9,423.p.27277,Adam Thielen,WR,2.2
1,423.l.168824.t.9,423.p.30121,Christian McCaffrey,RB,24.4
1,423.l.168824.t.9,423.p.34019,James Cook III,RB,8.3
1,423.l.168824.t.9,423.p.29344,Tyler Higbee,TE,6.4
1,423.l.168824.t.9,423.p.34447,Jaylen Warren,RB,4.3
1,423.l.168824.t.9,423.p.30248,Joshua Dobbs,QB,0.98
1,423.l.168824.t.9,423.p.32231,Jakobi Meyers,WR,24.6
1,423.l.168824.t.9,423.p.32843,Darnell Mooney,WR,13.3
1,423.l.168824.t.9,423.p.34659,Rashid Shaheed,WR,16.5
1,423.l.168824.t.9,423.p.31928,Dawson Knox,TE,4.0
1,423.l.168824.t.9,423.p.34120,Kyren Williams,RB,17.4
1,423.l.168824.t.9,423.p.9526,Graham Gano,K,0.0
1,423.l.168824.t.9,423.p.100033,Ravens,DEF,11.0
1,423.l.168824.t.9,423.p.100009,Packers,DEF,15.0
1,423.l.168824.t.2,423.p.32723,Jalen Hurts,QB,12.5
1,423.l.168824.t.2,423.p.32687,CeeDee Lamb,WR,9.7
1,423.l.168824.t.2,423.p.30197,Chris Godwin Jr.,WR,7.6
1,423.l.168824.t.2,423.p.31960,Tony Pollard,RB,21.2
1,423.l.168824.t.2,423.p.33996,Kenneth Walker III,RB,8.7
1,423.l.168824.t.2,423.p.31840,T.J. Hockenson,TE,7.5
1,423.l.168824.t.2,423.p.40042,Jordan Addison,WR,14.1
1,423.l.168824.t.2,423.p.30971,Baker Mayfield,QB,16.02
1,423.l.168824.t.2,423.p.30614,Taysom Hill,TE,0.4
1,423.l.168824.t.2,423.p.33415,Rashod Bateman,WR,5.0
1,423.l.168824.t.2,423.p.34112,Jerome Ford,RB,1.6
1,423.l.168824.t.2,423.p.29269,Hunter Henry,TE,14.1
1,423.l.168824.t.2,423.p.40742,Sean Tucker,RB,3.4
1,423.l.168824.t.2,423.p.34008,Alec Pierce,WR,1.0
1,423.l.168824.t.2,423.p.26534,Justin Tucker,K,5.0
1,423.l.168824.t.2,423.p.100017,Patriots,DEF,6.0
1,423.l.168824.t.10,423.p.25785,Russell Wilson,QB,15.18
1,423.l.168824.t.10,423.p.33394,Jaylen Waddle,WR,9.8
1,423.l.168824.t.10,423.p.32798,Gabe Davis,WR,4.2
1,423.l.168824.t.10,423.p.33413,Travis Etienne Jr.,RB,18.9
1,423.l.168824.t.10,423.p.30161,Joe Mixon,RB,8.8
1,423.l.168824.t.10,423.p.30142,David Njoku,TE,3.4
1,423.l.168824.t.10,423.p.34054,Brian Robinson Jr.,RB,13.1
1,423.l.168824.t.10,423.p.32696,Jordan Love,QB,23.0
1,423.l.168824.t.10,423.p.33989,Christian Watson,WR,0.0
1,423.l.168824.t.10,423.p.25718,Ryan Tannehill,QB,5.42
1,423.l.168824.t.10,423.p.29238,Ezekiel Elliott,RB,4.8
1,423.l.168824.t.10,423.p.32685,Jerry Jeudy,WR,0.0
1,423.l.168824.t.10,423.p.40041,Jaxon Smith-Njigba,WR,2.8
1,423.l.168824.t.10,423.p.28654,Raheem Mostert,RB,12.0
1,423.l.168824.t.10,423.p.30426,Younghoe Koo,K,7.0
1,423.l.168824.t.10,423.p.100004,Bengals,DEF,7.0
1,423.l.168824.t.5,423.p.31002,Lamar Jackson,QB,7.56
1,423.l.168824.t.5,423.p.32692,Justin Jefferson,WR,19.5
1,423.l.168824.t.5,423.p.26699,Keenan Allen,WR,11.2
1,423.l.168824.t.5,423.p.30227,Samaje Perine,RB,9.8
1,423.l.168824.t.5,423.p.40075,Zach Charbonnet,RB,1.1
1,423.l.168824.t.5,423.p.33443,Pat Freiermuth,TE,6.8
1,423.l.168824.t.5,423.p.30150,Zay Jones,WR,14.0
1,423.l.168824.t.5,423.p.25812,Kirk Cousins,QB,17.46
1,423.l.168824.t.5,423.p.32003,Darius Slayton,WR,3.0
1,423.l.168824.t.5,423.p.40162,Roschon Johnson,RB,14.5
1,423.l.168824.t.5,423.p.34440,Justyn Ross,WR,1.1
1,423.l.168824.t.5,423.p.34078,Zamir White,RB,1.2
1,423.l.168824.t.5,423.p.32857,Donovan Peoples-Jones,WR,1.7
1,423.l.168824.t.5,423.p.40169,Evan Hull,RB,1.2
1,423.l.168824.t.5,423.p.27120,Brandon McManus,K,8.0
1,423.l.168824.t.5,423.p.100027,Buccaneers,DEF,9.0
1,423.l.168824.t.8,423.p.30125,Deshaun Watson,QB,21.66
1,423.l.168824.t.8,423.p.30996,Calvin Ridley,WR,20.1
1,423.l.168824.t.8,423.p.26650,DeAndre Hopkins,WR,10.0
1,423.l.168824.t.8,423.p.29279,Derrick Henry,RB,12.9
1,423.l.168824.t.8,423.p.34063,Dameon Pierce,RB,5.7
1,423.l.168824.t.8,423.p.31107,Dalton Schultz,TE,1.4
1,423.l.168824.t.8,423.p.27540,Odell Beckham Jr.,WR,4.7
1,423.l.168824.t.8,423.p.32675,Tua Tagovailoa,QB,28.14
1,423.l.168824.t.8,423.p.34218,Brock Purdy,QB,16.8
1,423.l.168824.t.8,423.p.40118,De'Von Achane,RB,0.0
1,423.l.168824.t.8,423.p.31012,Mike Gesicki,TE,5.1
1,423.l.168824.t.8,423.p.24822,Andy Dalton,QB,0.0
1,423.l.168824.t.8,423.p.31051,Michael Gallup,WR,1.5
1,423.l.168824.t.8,423.p.31180,Braxton Berrios,WR,5.7
1,423.l.168824.t.8,423.p.26800,Dustin Hopkins,K,12.0
1,423.l.168824.t.8,423.p.100015,Dolphins,DEF,2.0
1,423.l.168824.t.1,423.p.29235,Jared Goff,QB,14.02
1,423.l.168824.t.1,423.p.28534,Stefon Diggs,WR,21.2
1,423.l.168824.t.1,423.p.33500,Amon-Ra St. Brown,WR,16.1
1,423.l.168824.t.1,423.p.31856,Josh Jacobs,RB,8.1
1,423.l.168824.t.1,423.p.32705,D'Andre Swift,RB,0.8
1,423.l.168824.t.1,423.p.28592,Darren Waller,TE,5.1
1,423.l.168824.t.1,423.p.31857,Hollywood Brown,WR,7.2
1,423.l.168824.t.1,423.p.34009,Skyy Moore,WR,0.4
1,423.l.168824.t.1,423.p.34107,Tyler Allgeier,RB,22.9
1,423.l.168824.t.1,423.p.28839,Taylor Heinicke,QB,0.0
1,423.l.168824.t.1,423.p.33477,Nico Collins,WR,11.0
1,423.l.168824.t.1,423.p.40051,Quentin Johnston,WR,1.9
1,423.l.168824.t.1,423.p.26652,Cordarrelle Patterson,RB,0.0
1,423.l.168824.t.1,423.p.27560,Teddy Bridgewater,QB,0.0
1,423.l.168824.t.1,423.p.33781,Riley Patterson,K,3.0
1,423.l.168824.t.1,423.p.100023,Steelers,DEF,4.0
1,423.l.168824.t.4,423.p.30123,Patrick Mahomes,QB,20.54
1,423.l.168824.t.4,423.p.33393,Ja'Marr Chase,WR,6.6
1,423.l.168824.t.4,423.p.33971,Jahan Dotson,WR,6.5
1,423.l.168824.t.4,423.p.31885,Miles Sanders,RB,9.8
1,423.l.168824.t.4,423.p.31905,David Montgomery,RB,13.4
1,423.l.168824.t.4,423.p.40048,Dalton Kincaid,TE,4.6
1,423.l.168824.t.4,423.p.32727,Van Jefferson,WR,4.4
1,423.l.168824.t.4,423.p.29369,Dak Prescott,QB,6.32
1,423.l.168824.t.4,423.p.29288,Tyler Boyd,WR,2.0
1,423.l.168824.t.4,423.p.40108,Kendre Miller,RB,0.0
1,423.l.168824.t.4,423.p.34088,Romeo Doubs,WR,16.6
1,423.l.168824.t.4,423.p.31882,Irv Smith Jr.,TE,3.2
1,423.l.168824.t.4,423.p.40196,Chase Brown,RB,0.0
1,423.l.168824.t.4,423.p.33452,Kyle Trask,QB,0.0
1,423.l.168824.t.4,423.p.34344,Cameron Dicker,K,12.0
1,423.l.168824.t.4,423.p.100006,Cowboys,DEF,37.0
1,423.l.168824.t.12,423.p.31838,Daniel Jones,QB,6.46
1,423.l.168824.t.12,423.p.33966,Chris Olave,WR,15.2
1,423.l.168824.t.12,423.p.30994,DJ Moore,WR,3.5
1,423.l.168824.t.12,423.p.40059,Jahmyr Gibbs,RB,7.0
1,423.l.168824.t.12,423.p.31934,Alexander Mattison,RB,11.9
1,423.l.168824.t.12,423.p.33392,Kyle Pitts Sr.,TE,5.4
1,423.l.168824.t.12,423.p.31017,Christian Kirk,WR,1.4
1,423.l.168824.t.12,423.p.40040,Anthony Richardson Sr.,QB,21.92
1,423.l.168824.t.12,423.p.33605,Khalil Herbert,RB,9.9
1,423.l.168824.t.12,423.p.27548,Brandin Cooks,WR,3.2
1,423.l.168824.t.12,423.p.33582,Elijah Mitchell,RB,1.0
1,423.l.168824.t.12,423.p.31919,Damien Harris,RB,2.9
1,423.l.168824.t.12,423.p.33422,Elijah Moore,WR,7.7
1,423.l.168824.t.12,423.p.33798,Deon Jackson,RB,1.3
1,423.l.168824.t.12,423.p.33537,Evan McPherson,K,4.0
1,423.l.168824.t.12,423.p.100002,Bills,DEF,5.0
1,423.l.168824.t.11,423.p.33389,Trevor Lawrence,QB,18.74
1,423.l.168824.t.11,423.p.33963,Drake London,WR,0.0
1,423.l.168824.t.11,423.p.40063,Jayden Reed,WR,5.6
1,423.l.168824.t.11,423.p.30972,Saquon Barkley,RB,7.8
1,423.l.168824.t.11,423.p.30423,Austin Ekeler,RB,24.4
1,423.l.168824.t.11,423.p.30136,Evan Engram,TE,7.4
1,423.l.168824.t.11,423.p.34125,Ty Chandler,RB,2.3
1,423.l.168824.t.11,423.p.40090,Marvin Mims Jr.,WR,1.9
1,423.l.168824.t.11,423.p.40128,Jalin Hyatt,WR,0.0
1,423.l.168824.t.11,423.p.40084,Rashee Rice,WR,10.1
1,423.l.168824.t.11,423.p.30973,Sam Darnold,QB,-0.2
1,423.l.168824.t.11,423.p.31141,Mike White,QB,0.0
1,423.l.168824.t.11,423.p.40188,Clayton Tune,QB,0.0
1,423.l.168824.t.11,423.p.40240,Deuce Vaughn,RB,0.8
1,423.l.168824.t.11,423.p.28378,Jason Myers,K,8.0
1,423.l.168824.t.11,423.p.100018,Saints,DEF,10.0
1,423.l.168824.t.16,423.p.26662,Geno Smith,QB,9.08
1,423.l.168824.t.16,423.p.33965,Garrett Wilson,WR,11.9
1,423.l.168824.t.16,423.p.31868,Deebo Samuel,WR,8.8
1,423.l.168824.t.16,423.p.31005,Nick Chubb,RB,14.7
1,423.l.168824.t.16,423.p.33412,Najee Harris,RB,4.3
1,423.l.168824.t.16,423.p.32713,Cole Kmet,TE,6.9
1,423.l.168824.t.16,423.p.28457,Tyler Lockett,WR,2.0
1,423.l.168824.t.16,423.p.40039,Zay Flowers,WR,13.2
1,423.l.168824.t.16,423.p.30199,Kareem Hunt,RB,0.0
1,423.l.168824.t.16,423.p.34042,Malik Willis,QB,0.0
1,423.l.168824.t.16,423.p.40068,Will Levis,QB,0.0
1,423.l.168824.t.16,423.p.26664,Robert Woods,WR,8.7
1,423.l.168824.t.16,423.p.31104,Chase Edmonds,RB,0.8
1,423.l.168824.t.16,423.p.33445,Tutu Atwell,WR,14.9
1,423.l.168824.t.16,423.p.31199,Jason Sanders,K,14.0
1,423.l.168824.t.16,423.p.100025,49ers,DEF,13.0
1,423.l.168824.t.7,423.p.33399,Justin Fields,QB,15.54
1,423.l.168824.t.7,423.p.31883,A.J. Brown,WR,11.4
1,423.l.168824.t.7,423.p.31896,DK Metcalf,WR,12.2
1,423.l.168824.t.7,423.p.40055,Bijan Robinson,RB,17.3
1,423.l.168824.t.7,423.p.30247,Jamaal Williams,RB,6.2
1,423.l.168824.t.7,423.p.31019,Dallas Goedert,TE,0.0
1,423.l.168824.t.7,423.p.33538,Kenneth Gainwell,RB,9.4
1,423.l.168824.t.7,423.p.27590,Jimmy Garoppolo,QB,16.1
1,423.l.168824.t.7,423.p.31268,Allen Lazard,WR,5.6
1,423.l.168824.t.7,423.p.33514,Chuba Hubbard,RB,7.9
1,423.l.168824.t.7,423.p.33967,Jameson Williams,WR,0.0
1,423.l.168824.t.7,423.p.31424,Gus Edwards,RB,5.2
1,423.l.168824.t.7,423.p.31888,Mecole Hardman Jr.,WR,0.0
1,423.l.168824.t.7,423.p.40504,Tyson Bagent,QB,0.0
1,423.l.168824.t.7,423.p.30266,Jake Elliott,K,18.0
1,423.l.168824.t.7,423.p.100026,Seahawks,DEF,1.0
1,423.l.168824.t.6,423.p.33975,Kenny Pickett,QB,11.68
1,423.l.168824.t.6,423.p.33398,DeVonta Smith,WR,14.2
1,423.l.168824.t.6,423.p.31898,Diontae Johnson,WR,6.3
1,423.l.168824.t.6,423.p.27624,Jerick McKinnon,RB,1.5
1,423.l.168824.t.6,423.p.33423,Javonte Williams,RB,7.7
1,423.l.168824.t.6,423.p.34085,Jake Ferguson,TE,2.1
1,423.l.168824.t.6,423.p.33973,Treylon Burks,WR,3.7
1,423.l.168824.t.6,423.p.27564,Derek Carr,QB,15.6
1,423.l.168824.t.6,423.p.26686,Travis Kelce,TE,0.0
1,423.l.168824.t.6,423.p.32877,Isaiah Hodgins,WR,0.9
1,423.l.168824.t.6,423.p.31891,Parris Campbell,WR,0.7
1,423.l.168824.t.6,423.p.32010,Gardner Minshew,QB,0.0
1,423.l.168824.t.6,423.p.32846,K.J. Osborn,WR,4.6
1,423.l.168824.t.6,423.p.33100,Rico Dowdle,RB,2.4
1,423.l.168824.t.6,423.p.32858,Tyler Bass,K,13.0
1,423.l.168824.t.6,423.p.100020,Jets,DEF,20.0
1,423.l.168824.t.13,423.p.7200,Aaron Rodgers,QB,0.0
1,423.l.168824.t.13,423.p.29399,Tyreek Hill,WR,39.0
1,423.l.168824.t.13,423.p.33437,Rondale Moore,WR,6.0
1,423.l.168824.t.13,423.p.40119,Tyjae Spears,RB,3.3
1,423.l.168824.t.13,423.p.33991,Breece Hall,RB,15.2
1,423.l.168824.t.13,423.p.40074,Luke Musgrave,TE,6.5
1,423.l.168824.t.13,423.p.30153,Curtis Samuel,WR,8.5
1,423.l.168824.t.13,423.p.34007,George Pickens,WR,6.1
1,423.l.168824.t.13,423.p.30182,Cooper Kupp,WR,0.0
1,423.l.168824.t.13,423.p.32711,Jonathan Taylor,RB,0.0
1,423.l.168824.t.13,423.p.26658,Zach Ertz,TE,5.1
1,423.l.168824.t.13,423.p.31981,Hunter Renfrow,WR,0.0
1,423.l.168824.t.13,423.p.32782,Joshua Kelley,RB,15.1
1,423.l.168824.t.13,423.p.8432,Nick Folk,K,18.0
1,423.l.168824.t.13,423.p.100012,Chiefs,DEF,4.0
1,423.l.168824.t.13,423.p.100024,Chargers,DEF,0.0
1,423.l.168824.t.3,423.p.32671,Joe Burrow,QB,3.18
1,423.l.168824.t.3,423.p.31908,Terry McLaurin,WR,4.1
1,423.l.168824.t.3,423.p.31010,Courtland Sutton,WR,11.2
1,423.l.168824.t.3,423.p.32722,Cam Akers,RB,8.9
1,423.l.168824.t.3,423.p.32725,J.K. Dobbins,RB,10.7
1,423.l.168824.t.3,423.p.34095,Isaiah Likely,TE,0.9
1,423.l.168824.t.3,423.p.34207,Isiah Pacheco,RB,7.4
1,423.l.168824.t.3,423.p.40029,Bryce Young,QB,9.54
1,423.l.168824.t.3,423.p.31056,Mark Andrews,TE,0.0
1,423.l.168824.t.3,423.p.29281,Michael Thomas,WR,8.6
1,423.l.168824.t.3,423.p.33408,Kadarius Toney,WR,0.5
1,423.l.168824.t.3,423.p.40030,C.J. Stroud,QB,10.18
1,423.l.168824.t.3,423.p.30997,Rashaad Penny,RB,0.0
1,423.l.168824.t.3,423.p.40095,Tank Bigsby,RB,5.3
1,423.l.168824.t.3,423.p.25881,Greg Zuerlein,K,11.0
1,423.l.168824.t.3,423.p.100007,Broncos,DEF,3.0
2,423.l.168824.t.15,423.p.9265,Matthew Stafford,QB,15.98
2,423.l.168824.t.15,423.p.27535,Mike Evans,WR,26.1
2,423.l.168824.t.15,423.p.32695,Brandon Aiyuk,WR,5.8
2,423.l.168824.t.15,423.p.33508,Rhamondre Stevenson,RB,13.5
2,423.l.168824.t.15,423.p.30218,James Conner,RB,16.6
2,423.l.168824.t.15,423.p.30259,George Kittle,TE,4.5
2,423.l.168824.t.15,423.p.32732,A.J. Dillon,RB,6.8
2,423.l.168824.t.15,423.p.34030,Desmond Ridder,QB,22.38
2,423.l.168824.t.15,423.p.32704,Michael Pittman Jr.,WR,9.6
2,423.l.168824.t.15,423.p.30154,Dalvin Cook,RB,-0.3
2,423.l.168824.t.15,423.p.31833,Kyler Murray,QB,0.0
2,423.l.168824.t.15,423.p.30175,JuJu Smith-Schuster,WR,5.3
2,423.l.168824.t.15,423.p.40064,Sam LaPorta,TE,8.8
2,423.l.168824.t.15,423.p.24822,Andy Dalton,QB,0.0
2,423.l.168824.t.15,423.p.31137,Daniel Carlson,K,5.0
2,423.l.168824.t.15,423.p.100021,Eagles,DEF,7.0
2,423.l.168824.t.14,423.p.33403,Mac Jones,QB,14.74
2,423.l.168824.t.14,423.p.32703,Tee Higgins,WR,24.9
2,423.l.168824.t.14,423.p.40168,Puka Nacua,WR,22.6
2,423.l.168824.t.14,423.p.34047,Rachaad White,RB,18.8
2,423.l.168824.t.14,423.p.32736,Antonio Gibson,RB,6.8
2,423.l.168824.t.14,423.p.30157,Gerald Everett,TE,6.2
2,423.l.168824.t.14,423.p.30120,Mike Williams,WR,12.6
2,423.l.168824.t.14,423.p.32676,Justin Herbert,QB,22.2
2,423.l.168824.t.14,423.p.28392,Amari Cooper,WR,12.5
2,423.l.168824.t.14,423.p.30295,Aaron Jones Sr.,RB,0.0
2,423.l.168824.t.14,423.p.34100,Sam Howell,QB,21.26
2,423.l.168824.t.14,423.p.30180,Alvin Kamara,RB,0.0
2,423.l.168824.t.14,423.p.29325,Jacoby Brissett,QB,0.0
2,423.l.168824.t.14,423.p.32702,Clyde Edwards-Helaire,RB,2.7
2,423.l.168824.t.14,423.p.30346,Harrison Butker,K,5.0
2,423.l.168824.t.14,423.p.100028,Commanders,DEF,10.0
2,423.l.168824.t.9,423.p.30977,Josh Allen,QB,23.66
2,423.l.168824.t.9,423.p.27581,Davante Adams,WR,17.4
2,423.l.168824.t.9,423.p.27277,Adam Thielen,WR,16.9
2,423.l.168824.t.9,423.p.30121,Christian McCaffrey,RB,21.0
2,423.l.168824.t.9,423.p.34019,James Cook III,RB,17.9
2,423.l.168824.t.9,423.p.29344,Tyler Higbee,TE,2.7
2,423.l.168824.t.9,423.p.34447,Jaylen Warren,RB,10.6
2,423.l.168824.t.9,423.p.30248,Joshua Dobbs,QB,25.22
2,423.l.168824.t.9,423.p.32231,Jakobi Meyers,WR,0.0
2,423.l.168824.t.9,423.p.32843,Darnell Mooney,WR,0.0
2,423.l.168824.t.9,423.p.34659,Rashid Shaheed,WR,8.3
2,423.l.168824.t.9,423.p.31928,Dawson Knox,TE,8.5
2,423.l.168824.t.9,423.p.34120,Kyren Williams,RB,25.0
2,423.l.168824.t.9,423.p.9526,Graham Gano,K,7.0
2,423.l.168824.t.9,423.p.100033,Ravens,DEF,3.0
2,423.l.168824.t.9,423.p.100009,Packers,DEF,3.0
2,423.l.168824.t.2,423.p.32723,Jalen Hurts,QB,26.22
2,423.l.168824.t.2,423.p.32687,CeeDee Lamb,WR,19.8
2,423.l.168824.t.2,423.p.30197,Chris Godwin Jr.,WR,8.3
2,423.l.168824.t.2,423.p.31960,Tony Pollard,RB,16.4
2,423.l.168824.t.2,423.p.33996,Kenneth Walker III,RB,17.9
2,423.l.168824.t.2,423.p.31840,T.J. Hockenson,TE,22.1
2,423.l.168824.t.2,423.p.40042,Jordan Addison,WR,14.7
2,423.l.168824.t.2,423.p.30971,Baker Mayfield,QB,18.38
2,423.l.168824.t.2,423.p.30614,Taysom Hill,TE,8.22
2,423.l.168824.t.2,423.p.33415,Rashod Bateman,WR,3.3
2,423.l.168824.t.2,423.p.34112,Jerome Ford,RB,22.6
2,423.l.168824.t.2,423.p.29269,Hunter Henry,TE,14.2
2,423.l.168824.t.2,423.p.40742,Sean Tucker,RB,0.7
2,423.l.168824.t.2,423.p.34008,Alec Pierce,WR,3.8
2,423.l.168824.t.2,423.p.26534,Justin Tucker,K,11.0
2,423.l.168824.t.2,423.p.100017,Patriots,DEF,5.0
2,423.l.168824.t.10,423.p.25785,Russell Wilson,QB,26.92
2,423.l.168824.t.10,423.p.33394,Jaylen Waddle,WR,10.4
2,423.l.168824.t.10,423.p.32685,Jerry Jeudy,WR,4.0
2,423.l.168824.t.10,423.p.33413,Travis Etienne Jr.,RB,5.2
2,423.l.168824.t.10,423.p.30161,Joe Mixon,RB,11.5
2,423.l.168824.t.10,423.p.30142,David Njoku,TE,4.8
2,423.l.168824.t.10,423.p.32798,Gabe Davis,WR,18.2
2,423.l.168824.t.10,423.p.32696,Jordan Love,QB,20.34
2,423.l.168824.t.10,423.p.34054,Brian Robinson Jr.,RB,27.9
2,423.l.168824.t.10,423.p.33989,Christian Watson,WR,0.0
2,423.l.168824.t.10,423.p.25718,Ryan Tannehill,QB,21.04
2,423.l.168824.t.10,423.p.29238,Ezekiel Elliott,RB,1.3
2,423.l.168824.t.10,423.p.28654,Raheem Mostert,RB,25.2
2,423.l.168824.t.10,423.p.30426,Younghoe Koo,K,13.0
2,423.l.168824.t.10,423.p.100019,Giants,DEF,-1.0
2,423.l.168824.t.10,423.p.100004,Bengals,DEF,6.0
2,423.l.168824.t.5,423.p.31002,Lamar Jackson,QB,22.88
2,423.l.168824.t.5,423.p.32692,Justin Jefferson,WR,19.4
2,423.l.168824.t.5,423.p.26699,Keenan Allen,WR,27.1
2,423.l.168824.t.5,423.p.30227,Samaje Perine,RB,3.9
2,423.l.168824.t.5,423.p.40162,Roschon Johnson,RB,5.2
2,423.l.168824.t.5,423.p.33443,Pat Freiermuth,TE,0.7
2,423.l.168824.t.5,423.p.30150,Zay Jones,WR,0.0
2,423.l.168824.t.5,423.p.25812,Kirk Cousins,QB,28.56
2,423.l.168824.t.5,423.p.40075,Zach Charbonnet,RB,4.0
2,423.l.168824.t.5,423.p.32003,Darius Slayton,WR,7.7
2,423.l.168824.t.5,423.p.34440,Justyn Ross,WR,0.0
2,423.l.168824.t.5,423.p.34078,Zamir White,RB,0.2
2,423.l.168824.t.5,423.p.32857,Donovan Peoples-Jones,WR,1.2
2,423.l.168824.t.5,423.p.40041,Jaxon Smith-Njigba,WR,5.9
2,423.l.168824.t.5,423.p.27120,Brandon McManus,K,10.0
2,423.l.168824.t.5,423.p.100027,Buccaneers,DEF,17.0
2,423.l.168824.t.8,423.p.30125,Deshaun Watson,QB,12.6
2,423.l.168824.t.8,423.p.30996,Calvin Ridley,WR,4.2
2,423.l.168824.t.8,423.p.26650,DeAndre Hopkins,WR,6.0
2,423.l.168824.t.8,423.p.29279,Derrick Henry,RB,17.0
2,423.l.168824.t.8,423.p.34063,Dameon Pierce,RB,4.5
2,423.l.168824.t.8,423.p.31012,Mike Gesicki,TE,5.8
2,423.l.168824.t.8,423.p.27540,Odell Beckham Jr.,WR,4.4
2,423.l.168824.t.8,423.p.32675,Tua Tagovailoa,QB,13.26
2,423.l.168824.t.8,423.p.31107,Dalton Schultz,TE,5.4
2,423.l.168824.t.8,423.p.34218,Brock Purdy,QB,14.74
2,423.l.168824.t.8,423.p.40118,De'Von Achane,RB,1.4
2,423.l.168824.t.8,423.p.31051,Michael Gallup,WR,0.8
2,423.l.168824.t.8,423.p.31180,Braxton Berrios,WR,3.8
2,423.l.168824.t.8,423.p.33390,Zach Wilson,QB,11.4
2,423.l.168824.t.8,423.p.26800,Dustin Hopkins,K,9.0
2,423.l.168824.t.8,423.p.100015,Dolphins,DEF,9.0
2,423.l.168824.t.1,423.p.29235,Jared Goff,QB,23.92
2,423.l.168824.t.1,423.p.28534,Stefon Diggs,WR,10.1
2,423.l.168824.t.1,423.p.33500,Amon-Ra St. Brown,WR,11.2
2,423.l.168824.t.1,423.p.31856,Josh Jacobs,RB,7.4
2,423.l.168824.t.1,423.p.34107,Tyler Allgeier,RB,4.8
2,423.l.168824.t.1,423.p.28592,Darren Waller,TE,10.6
2,423.l.168824.t.1,423.p.31857,Hollywood Brown,WR,14.4
2,423.l.168824.t.1,423.p.32705,D'Andre Swift,RB,25.6
2,423.l.168824.t.1,423.p.34009,Skyy Moore,WR,14.5
2,423.l.168824.t.1,423.p.28839,Taylor Heinicke,QB,0.0
2,423.l.168824.t.1,423.p.33477,Nico Collins,WR,24.1
2,423.l.168824.t.1,423.p.40051,Quentin Johnston,WR,1.2
2,423.l.168824.t.1,423.p.27560,Teddy Bridgewater,QB,0.0
2,423.l.168824.t.1,423.p.30230,Josh Reynolds,WR,21.1
2,423.l.168824.t.1,423.p.40296,Blake Grupe,K,8.0
2,423.l.168824.t.1,423.p.100023,Steelers,DEF,26.0
2,423.l.168824.t.4,423.p.30123,Patrick Mahomes,QB,22.2
2,423.l.168824.t.4,423.p.33393,Ja'Marr Chase,WR,5.6
2,423.l.168824.t.4,423.p.33971,Jahan Dotson,WR,3.7
2,423.l.168824.t.4,423.p.31885,Miles Sanders,RB,6.2
2,423.l.168824.t.4,423.p.31905,David Montgomery,RB,11.9
2,423.l.168824.t.4,423.p.40048,Dalton Kincaid,TE,6.8
2,423.l.168824.t.4,423.p.34088,Romeo Doubs,WR,4.0
2,423.l.168824.t.4,423.p.29369,Dak Prescott,QB,19.6
2,423.l.168824.t.4,423.p.29288,Tyler Boyd,WR,8.2
2,423.l.168824.t.4,423.p.40108,Kendre Miller,RB,0.0
2,423.l.168824.t.4,423.p.31882,Irv Smith Jr.,TE,2.0
2,423.l.168824.t.4,423.p.40196,Chase Brown,RB,0.2
2,423.l.168824.t.4,423.p.33452,Kyle Trask,QB,0.0
2,423.l.168824.t.4,423.p.27589,Allen Robinson,WR,2.2
2,423.l.168824.t.4,423.p.34344,Cameron Dicker,K,10.0
2,423.l.168824.t.4,423.p.100006,Cowboys,DEF,15.0
2,423.l.168824.t.12,423.p.31838,Daniel Jones,QB,31.74
2,423.l.168824.t.12,423.p.33966,Chris Olave,WR,11.6
2,423.l.168824.t.12,423.p.30994,DJ Moore,WR,13.4
2,423.l.168824.t.12,423.p.40059,Jahmyr Gibbs,RB,9.1
2,423.l.168824.t.12,423.p.31934,Alexander Mattison,RB,3.4
2,423.l.168824.t.12,423.p.33392,Kyle Pitts Sr.,TE,2.5
2,423.l.168824.t.12,423.p.32756,Zack Moss,RB,18.7
2,423.l.168824.t.12,423.p.40040,Anthony Richardson Sr.,QB,17.74
2,423.l.168824.t.12,423.p.31017,Christian Kirk,WR,16.46
2,423.l.168824.t.12,423.p.33605,Khalil Herbert,RB,6.3
2,423.l.168824.t.12,423.p.27548,Brandin Cooks,WR,0.0
2,423.l.168824.t.12,423.p.33582,Elijah Mitchell,RB,0.0
2,423.l.168824.t.12,423.p.31919,Damien Harris,RB,9.3
2,423.l.168824.t.12,423.p.33422,Elijah Moore,WR,5.6
2,423.l.168824.t.12,423.p.33537,Evan McPherson,K,6.0
2,423.l.168824.t.12,423.p.100002,Bills,DEF,10.0
2,423.l.168824.t.11,423.p.33389,Trevor Lawrence,QB,9.24
2,423.l.168824.t.11,423.p.33963,Drake London,WR,15.7
2,423.l.168824.t.11,423.p.40063,Jayden Reed,WR,17.7
2,423.l.168824.t.11,423.p.30972,Saquon Barkley,RB,24.2
2,423.l.168824.t.11,423.p.40240,Deuce Vaughn,RB,4.7
2,423.l.168824.t.11,423.p.30136,Evan Engram,TE,8.7
2,423.l.168824.t.11,423.p.40084,Rashee Rice,WR,3.0
2,423.l.168824.t.11,423.p.40090,Marvin Mims Jr.,WR,19.3
2,423.l.168824.t.11,423.p.30423,Austin Ekeler,RB,0.0
2,423.l.168824.t.11,423.p.34125,Ty Chandler,RB,1.9
2,423.l.168824.t.11,423.p.40128,Jalin Hyatt,WR,9.9
2,423.l.168824.t.11,423.p.30973,Sam Darnold,QB,0.0
2,423.l.168824.t.11,423.p.31141,Mike White,QB,0.0
2,423.l.168824.t.11,423.p.40188,Clayton Tune,QB,0.0
2,423.l.168824.t.11,423.p.28378,Jason Myers,K,7.0
2,423.l.168824.t.11,423.p.100018,Saints,DEF,7.0
2,423.l.168824.t.16,423.p.26662,Geno Smith,QB,23.12
2,423.l.168824.t.16,423.p.33965,Garrett Wilson,WR,15.3
2,423.l.168824.t.16,423.p.31868,Deebo Samuel,WR,19.1
2,423.l.168824.t.16,423.p.31005,Nick Chubb,RB,6.4
2,423.l.168824.t.16,423.p.33412,Najee Harris,RB,4.8
2,423.l.168824.t.16,423.p.32713,Cole Kmet,TE,5.8
2,423.l.168824.t.16,423.p.28457,Tyler Lockett,WR,21.9
2,423.l.168824.t.16,423.p.40039,Zay Flowers,WR,8.8
2,423.l.168824.t.16,423.p.30199,Kareem Hunt,RB,0.0
2,423.l.168824.t.16,423.p.34042,Malik Willis,QB,0.0
2,423.l.168824.t.16,423.p.40068,Will Levis,QB,0.0
2,423.l.168824.t.16,423.p.26664,Robert Woods,WR,10.4
2,423.l.168824.t.16,423.p.31104,Chase Edmonds,RB,1.2
2,423.l.168824.t.16,423.p.33445,Tutu Atwell,WR,11.7
2,423.l.168824.t.16,423.p.31199,Jason Sanders,K,6.0
2,423.l.168824.t.16,423.p.100025,49ers,DEF,5.0
2,423.l.168824.t.7,423.p.33399,Justin Fields,QB,16.74
2,423.l.168824.t.7,423.p.31883,A.J. Brown,WR,4.9
2,423.l.168824.t.7,423.p.31896,DK Metcalf,WR,10.5
2,423.l.168824.t.7,423.p.40055,Bijan Robinson,RB,19.2
2,423.l.168824.t.7,423.p.31424,Gus Edwards,RB,12.2
2,423.l.168824.t.7,423.p.31019,Dallas Goedert,TE,5.2
2,423.l.168824.t.7,423.p.30247,Jamaal Williams,RB,2.9
2,423.l.168824.t.7,423.p.27590,Jimmy Garoppolo,QB,9.5
2,423.l.168824.t.7,423.p.33538,Kenneth Gainwell,RB,0.0
2,423.l.168824.t.7,423.p.31268,Allen Lazard,WR,3.3
2,423.l.168824.t.7,423.p.33514,Chuba Hubbard,RB,7.5
2,423.l.168824.t.7,423.p.33967,Jameson Williams,WR,0.0
2,423.l.168824.t.7,423.p.31888,Mecole Hardman Jr.,WR,1.1
2,423.l.168824.t.7,423.p.31945,Justice Hill,RB,6.8
2,423.l.168824.t.7,423.p.30266,Jake Elliott,K,12.0
2,423.l.168824.t.7,423.p.100005,Browns,DEF,7.0
2,423.l.168824.t.6,423.p.33975,Kenny Pickett,QB,11.28
2,423.l.168824.t.6,423.p.33398,DeVonta Smith,WR,21.1
2,423.l.168824.t.6,423.p.33973,Treylon Burks,WR,9.1
2,423.l.168824.t.6,423.p.27624,Jerick McKinnon,RB,3.7
2,423.l.168824.t.6,423.p.33423,Javonte Williams,RB,6.8
2,423.l.168824.t.6,423.p.26686,Travis Kelce,TE,10.6
2,423.l.168824.t.6,423.p.32846,K.J. Osborn,WR,10.9
2,423.l.168824.t.6,423.p.27564,Derek Carr,QB,7.72
2,423.l.168824.t.6,423.p.31898,Diontae Johnson,WR,0.0
2,423.l.168824.t.6,423.p.34085,Jake Ferguson,TE,8.6
2,423.l.168824.t.6,423.p.32877,Isaiah Hodgins,WR,12.0
2,423.l.168824.t.6,423.p.31891,Parris Campbell,WR,4.1
2,423.l.168824.t.6,423.p.32010,Gardner Minshew,QB,11.14
2,423.l.168824.t.6,423.p.33100,Rico Dowdle,RB,4.8
2,423.l.168824.t.6,423.p.32858,Tyler Bass,K,8.0
2,423.l.168824.t.6,423.p.100020,Jets,DEF,0.0
2,423.l.168824.t.13,423.p.33455,Davis Mills,QB,0.0
2,423.l.168824.t.13,423.p.29399,Tyreek Hill,WR,12.5
2,423.l.168824.t.13,423.p.33437,Rondale Moore,WR,1.9
2,423.l.168824.t.13,423.p.33991,Breece Hall,RB,0.9
2,423.l.168824.t.13,423.p.32782,Joshua Kelley,RB,3.9
2,423.l.168824.t.13,423.p.40074,Luke Musgrave,TE,3.5
2,423.l.168824.t.13,423.p.30153,Curtis Samuel,WR,4.7
2,423.l.168824.t.13,423.p.34007,George Pickens,WR,20.7
2,423.l.168824.t.13,423.p.33391,Trey Lance,QB,0.0
2,423.l.168824.t.13,423.p.40119,Tyjae Spears,RB,6.5
2,423.l.168824.t.13,423.p.30182,Cooper Kupp,WR,0.0
2,423.l.168824.t.13,423.p.32711,Jonathan Taylor,RB,0.0
2,423.l.168824.t.13,423.p.26658,Zach Ertz,TE,8.6
2,423.l.168824.t.13,423.p.8432,Nick Folk,K,10.0
2,423.l.168824.t.13,423.p.100024,Chargers,DEF,5.0
2,423.l.168824.t.13,423.p.100012,Chiefs,DEF,10.0
2,423.l.168824.t.3,423.p.32671,Joe Burrow,QB,16.38
2,423.l.168824.t.3,423.p.31908,Terry McLaurin,WR,13.9
2,423.l.168824.t.3,423.p.31010,Courtland Sutton,WR,9.1
2,423.l.168824.t.3,423.p.34207,Isiah Pacheco,RB,7.5
2,423.l.168824.t.3,423.p.40095,Tank Bigsby,RB,0.0
2,423.l.168824.t.3,423.p.31056,Mark Andrews,TE,13.0
2,423.l.168824.t.3,423.p.29281,Michael Thomas,WR,9.0
2,423.l.168824.t.3,423.p.40030,C.J. Stroud,QB,21.46
2,423.l.168824.t.3,423.p.31906,Devin Singletary,RB,2.9
2,423.l.168824.t.3,423.p.32722,Cam Akers,RB,0.0
2,423.l.168824.t.3,423.p.40029,Bryce Young,QB,13.52
2,423.l.168824.t.3,423.p.33408,Kadarius Toney,WR,6.3
2,423.l.168824.t.3,423.p.30997,Rashaad Penny,RB,1.9
2,423.l.168824.t.3,423.p.30551,Kendrick Bourne,WR,4.9
2,423.l.168824.t.3,423.p.40129,Jake Moody,K,14.0
2,423.l.168824.t.3,423.p.100007,Broncos,DEF,0.0
3,423.l.168824.t.15,423.p.9265,Matthew Stafford,QB,13.46
3,423.l.168824.t.15,423.p.27535,Mike Evans,WR,14.5
3,423.l.168824.t.15,423.p.32695,Brandon Aiyuk,WR,0.0
3,423.l.168824.t.15,423.p.33508,Rhamondre Stevenson,RB,6.7
3,423.l.168824.t.15,423.p.30218,James Conner,RB,18.6
3,423.l.168824.t.15,423.p.30259,George Kittle,TE,12.5
3,423.l.168824.t.15,423.p.32704,Michael Pittman Jr.,WR,12.2
3,423.l.168824.t.15,423.p.34030,Desmond Ridder,QB,6.34
3,423.l.168824.t.15,423.p.32732,A.J. Dillon,RB,3.3
3,423.l.168824.t.15,423.p.30154,Dalvin Cook,RB,4.4
3,423.l.168824.t.15,423.p.31833,Kyler Murray,QB,0.0
3,423.l.168824.t.15,423.p.30175,JuJu Smith-Schuster,WR,1.0
3,423.l.168824.t.15,423.p.40064,Sam LaPorta,TE,18.4
3,423.l.168824.t.15,423.p.24822,Andy Dalton,QB,23.54
3,423.l.168824.t.15,423.p.31137,Daniel Carlson,K,4.0
3,423.l.168824.t.15,423.p.100021,Eagles,DEF,12.0
3,423.l.168824.t.14,423.p.33403,Mac Jones,QB,13.34
3,423.l.168824.t.14,423.p.32703,Tee Higgins,WR,3.1
3,423.l.168824.t.14,423.p.40168,Puka Nacua,WR,9.7
3,423.l.168824.t.14,423.p.34047,Rachaad White,RB,5.7
3,423.l.168824.t.14,423.p.32736,Antonio Gibson,RB,1.9
3,423.l.168824.t.14,423.p.30157,Gerald Everett,TE,6.0
3,423.l.168824.t.14,423.p.30120,Mike Williams,WR,21.6
3,423.l.168824.t.14,423.p.32676,Justin Herbert,QB,29.3
3,423.l.168824.t.14,423.p.30295,Aaron Jones Sr.,RB,0.0
3,423.l.168824.t.14,423.p.28392,Amari Cooper,WR,21.1
3,423.l.168824.t.14,423.p.34100,Sam Howell,QB,4.6
3,423.l.168824.t.14,423.p.30180,Alvin Kamara,RB,0.0
3,423.l.168824.t.14,423.p.40097,Tank Dell,WR,23.0
3,423.l.168824.t.14,423.p.31965,Jarrett Stidham,QB,0.0
3,423.l.168824.t.14,423.p.30346,Harrison Butker,K,12.0
3,423.l.168824.t.14,423.p.100010,Titans,DEF,5.0
3,423.l.168824.t.9,423.p.30977,Josh Allen,QB,22.32
3,423.l.168824.t.9,423.p.27581,Davante Adams,WR,35.7
3,423.l.168824.t.9,423.p.27277,Adam Thielen,WR,26.0
3,423.l.168824.t.9,423.p.30121,Christian McCaffrey,RB,20.4
3,423.l.168824.t.9,423.p.34019,James Cook III,RB,12.2
3,423.l.168824.t.9,423.p.29344,Tyler Higbee,TE,9.6
3,423.l.168824.t.9,423.p.34447,Jaylen Warren,RB,6.7
3,423.l.168824.t.9,423.p.30248,Joshua Dobbs,QB,17.06
3,423.l.168824.t.9,423.p.32231,Jakobi Meyers,WR,12.0
3,423.l.168824.t.9,423.p.32843,Darnell Mooney,WR,0.0
3,423.l.168824.t.9,423.p.34659,Rashid Shaheed,WR,6.0
3,423.l.168824.t.9,423.p.31928,Dawson Knox,TE,1.6
3,423.l.168824.t.9,423.p.34120,Kyren Williams,RB,7.5
3,423.l.168824.t.9,423.p.9526,Graham Gano,K,9.0
3,423.l.168824.t.9,423.p.100033,Ravens,DEF,7.0
3,423.l.168824.t.9,423.p.100009,Packers,DEF,5.0
3,423.l.168824.t.2,423.p.32723,Jalen Hurts,QB,21.88
3,423.l.168824.t.2,423.p.32687,CeeDee Lamb,WR,8.2
3,423.l.168824.t.2,423.p.30197,Chris Godwin Jr.,WR,6.7
3,423.l.168824.t.2,423.p.31960,Tony Pollard,RB,13.6
3,423.l.168824.t.2,423.p.33996,Kenneth Walker III,RB,29.1
3,423.l.168824.t.2,423.p.31840,T.J. Hockenson,TE,9.8
3,423.l.168824.t.2,423.p.40042,Jordan Addison,WR,8.2
3,423.l.168824.t.2,423.p.30971,Baker Mayfield,QB,11.04
3,423.l.168824.t.2,423.p.34112,Jerome Ford,RB,18.1
3,423.l.168824.t.2,423.p.30614,Taysom Hill,TE,2.6
3,423.l.168824.t.2,423.p.33415,Rashod Bateman,WR,1.1
3,423.l.168824.t.2,423.p.29269,Hunter Henry,TE,2.7
3,423.l.168824.t.2,423.p.40742,Sean Tucker,RB,0.1
3,423.l.168824.t.2,423.p.34008,Alec Pierce,WR,5.8
3,423.l.168824.t.2,423.p.26534,Justin Tucker,K,7.0
3,423.l.168824.t.2,423.p.100017,Patriots,DEF,9.0
3,423.l.168824.t.10,423.p.25785,Russell Wilson,QB,15.24
3,423.l.168824.t.10,423.p.32798,Gabe Davis,WR,9.8
3,423.l.168824.t.10,423.p.32685,Jerry Jeudy,WR,10.6
3,423.l.168824.t.10,423.p.33413,Travis Etienne Jr.,RB,15.8
3,423.l.168824.t.10,423.p.30161,Joe Mixon,RB,13.5
3,423.l.168824.t.10,423.p.30142,David Njoku,TE,4.0
3,423.l.168824.t.10,423.p.28654,Raheem Mostert,RB,41.7
3,423.l.168824.t.10,423.p.32696,Jordan Love,QB,25.26
3,423.l.168824.t.10,423.p.33394,Jaylen Waddle,WR,0.0
3,423.l.168824.t.10,423.p.34054,Brian Robinson Jr.,RB,7.0
3,423.l.168824.t.10,423.p.33989,Christian Watson,WR,0.0
3,423.l.168824.t.10,423.p.25718,Ryan Tannehill,QB,4.16
3,423.l.168824.t.10,423.p.29238,Ezekiel Elliott,RB,9.2
3,423.l.168824.t.10,423.p.30426,Younghoe Koo,K,7.0
3,423.l.168824.t.10,423.p.100004,Bengals,DEF,11.0
3,423.l.168824.t.10,423.p.100019,Giants,DEF,1.0
3,423.l.168824.t.5,423.p.31002,Lamar Jackson,QB,28.18
3,423.l.168824.t.5,423.p.32692,Justin Jefferson,WR,24.4
3,423.l.168824.t.5,423.p.26699,Keenan Allen,WR,36.46
3,423.l.168824.t.5,423.p.30227,Samaje Perine,RB,3.4
3,423.l.168824.t.5,423.p.40162,Roschon Johnson,RB,5.9
3,423.l.168824.t.5,423.p.33443,Pat Freiermuth,TE,11.6
3,423.l.168824.t.5,423.p.40041,Jaxon Smith-Njigba,WR,1.5
3,423.l.168824.t.5,423.p.25812,Kirk Cousins,QB,26.68
3,423.l.168824.t.5,423.p.30150,Zay Jones,WR,0.0
3,423.l.168824.t.5,423.p.40075,Zach Charbonnet,RB,5.0
3,423.l.168824.t.5,423.p.32003,Darius Slayton,WR,4.7
3,423.l.168824.t.5,423.p.34078,Zamir White,RB,0.0
3,423.l.168824.t.5,423.p.33584,Gary Brightwell,RB,4.6
3,423.l.168824.t.5,423.p.40126,Josh Downs,WR,9.7
3,423.l.168824.t.5,423.p.27120,Brandon McManus,K,5.0
3,423.l.168824.t.5,423.p.100026,Seahawks,DEF,3.0
3,423.l.168824.t.8,423.p.30125,Deshaun Watson,QB,21.16
3,423.l.168824.t.8,423.p.30996,Calvin Ridley,WR,5.5
3,423.l.168824.t.8,423.p.26650,DeAndre Hopkins,WR,6.3
3,423.l.168824.t.8,423.p.29279,Derrick Henry,RB,2.0
3,423.l.168824.t.8,423.p.34063,Dameon Pierce,RB,13.4
3,423.l.168824.t.8,423.p.31012,Mike Gesicki,TE,2.3
3,423.l.168824.t.8,423.p.31180,Braxton Berrios,WR,4.3
3,423.l.168824.t.8,423.p.32675,Tua Tagovailoa,QB,28.36
3,423.l.168824.t.8,423.p.28408,Nelson Agholor,WR,5.9
3,423.l.168824.t.8,423.p.27540,Odell Beckham Jr.,WR,0.0
3,423.l.168824.t.8,423.p.34218,Brock Purdy,QB,20.3
3,423.l.168824.t.8,423.p.40118,De'Von Achane,RB,49.3
3,423.l.168824.t.8,423.p.31051,Michael Gallup,WR,12.2
3,423.l.168824.t.8,423.p.33390,Zach Wilson,QB,6.38
3,423.l.168824.t.8,423.p.26800,Dustin Hopkins,K,12.0
3,423.l.168824.t.8,423.p.100015,Dolphins,DEF,8.0
3,423.l.168824.t.1,423.p.29235,Jared Goff,QB,19.02
3,423.l.168824.t.1,423.p.28534,Stefon Diggs,WR,15.1
3,423.l.168824.t.1,423.p.33500,Amon-Ra St. Brown,WR,15.1
3,423.l.168824.t.1,423.p.31856,Josh Jacobs,RB,9.5
3,423.l.168824.t.1,423.p.32705,D'Andre Swift,RB,14.3
3,423.l.168824.t.1,423.p.28592,Darren Waller,TE,3.5
3,423.l.168824.t.1,423.p.33477,Nico Collins,WR,4.4
3,423.l.168824.t.1,423.p.34107,Tyler Allgeier,RB,3.9
3,423.l.168824.t.1,423.p.31857,Hollywood Brown,WR,14.6
3,423.l.168824.t.1,423.p.34009,Skyy Moore,WR,6.2
3,423.l.168824.t.1,423.p.28839,Taylor Heinicke,QB,0.0
3,423.l.168824.t.1,423.p.40051,Quentin Johnston,WR,2.0
3,423.l.168824.t.1,423.p.27560,Teddy Bridgewater,QB,0.0
3,423.l.168824.t.1,423.p.30230,Josh Reynolds,WR,0.0
3,423.l.168824.t.1,423.p.40296,Blake Grupe,K,5.0
3,423.l.168824.t.1,423.p.100023,Steelers,DEF,11.0
3,423.l.168824.t.4,423.p.30123,Patrick Mahomes,QB,25.68
3,423.l.168824.t.4,423.p.33393,Ja'Marr Chase,WR,20.1
3,423.l.168824.t.4,423.p.33971,Jahan Dotson,WR,3.1
3,423.l.168824.t.4,423.p.31885,Miles Sanders,RB,14.7
3,423.l.168824.t.4,423.p.30552,Matt Breida,RB,9.3
3,423.l.168824.t.4,423.p.40048,Dalton Kincaid,TE,1.3
3,423.l.168824.t.4,423.p.40108,Kendre Miller,RB,3.9
3,423.l.168824.t.4,423.p.29369,Dak Prescott,QB,15.36
3,423.l.168824.t.4,423.p.34088,Romeo Doubs,WR,15.8
3,423.l.168824.t.4,423.p.31905,David Montgomery,RB,0.0
3,423.l.168824.t.4,423.p.29288,Tyler Boyd,WR,6.4
3,423.l.168824.t.4,423.p.33452,Kyle Trask,QB,0.0
3,423.l.168824.t.4,423.p.27589,Allen Robinson,WR,4.4
3,423.l.168824.t.4,423.p.33114,Tony Jones,RB,7.2
3,423.l.168824.t.4,423.p.34344,Cameron Dicker,K,4.0
3,423.l.168824.t.4,423.p.100006,Cowboys,DEF,1.0
3,423.l.168824.t.12,423.p.31838,Daniel Jones,QB,4.98
3,423.l.168824.t.12,423.p.33966,Chris Olave,WR,14.4
3,423.l.168824.t.12,423.p.30994,DJ Moore,WR,11.6
3,423.l.168824.t.12,423.p.40059,Jahmyr Gibbs,RB,8.7
3,423.l.168824.t.12,423.p.31934,Alexander Mattison,RB,15.0
3,423.l.168824.t.12,423.p.33392,Kyle Pitts Sr.,TE,6.2
3,423.l.168824.t.12,423.p.31017,Christian Kirk,WR,13.4
3,423.l.168824.t.12,423.p.32756,Zack Moss,RB,21.5
3,423.l.168824.t.12,423.p.40040,Anthony Richardson Sr.,QB,0.0
3,423.l.168824.t.12,423.p.33605,Khalil Herbert,RB,2.5
3,423.l.168824.t.12,423.p.27548,Brandin Cooks,WR,2.7
3,423.l.168824.t.12,423.p.33582,Elijah Mitchell,RB,5.9
3,423.l.168824.t.12,423.p.31919,Damien Harris,RB,1.5
3,423.l.168824.t.12,423.p.33422,Elijah Moore,WR,7.3
3,423.l.168824.t.12,423.p.33537,Evan McPherson,K,19.0
3,423.l.168824.t.12,423.p.100002,Bills,DEF,33.0
3,423.l.168824.t.11,423.p.33389,Trevor Lawrence,QB,15.36
3,423.l.168824.t.11,423.p.33963,Drake London,WR,4.1
3,423.l.168824.t.11,423.p.40063,Jayden Reed,WR,7.8
3,423.l.168824.t.11,423.p.40240,Deuce Vaughn,RB,0.0
3,423.l.168824.t.11,423.p.34083,Pierre Strong Jr.,RB,2.7
3,423.l.168824.t.11,423.p.30136,Evan Engram,TE,10.2
3,423.l.168824.t.11,423.p.40084,Rashee Rice,WR,8.4
3,423.l.168824.t.11,423.p.40090,Marvin Mims Jr.,WR,15.1
3,423.l.168824.t.11,423.p.30972,Saquon Barkley,RB,0.0
3,423.l.168824.t.11,423.p.30423,Austin Ekeler,RB,0.0
3,423.l.168824.t.11,423.p.40128,Jalin Hyatt,WR,0.0
3,423.l.168824.t.11,423.p.30973,Sam Darnold,QB,-0.1
3,423.l.168824.t.11,423.p.31141,Mike White,QB,6.58
3,423.l.168824.t.11,423.p.40188,Clayton Tune,QB,0.0
3,423.l.168824.t.11,423.p.28378,Jason Myers,K,18.0
3,423.l.168824.t.11,423.p.100018,Saints,DEF,10.0
3,423.l.168824.t.16,423.p.26662,Geno Smith,QB,16.44
3,423.l.168824.t.16,423.p.33965,Garrett Wilson,WR,7.3
3,423.l.168824.t.16,423.p.31868,Deebo Samuel,WR,22.1
3,423.l.168824.t.16,423.p.33412,Najee Harris,RB,6.5
3,423.l.168824.t.16,423.p.26804,Latavius Murray,RB,8.6
3,423.l.168824.t.16,423.p.32713,Cole Kmet,TE,3.2
3,423.l.168824.t.16,423.p.28457,Tyler Lockett,WR,6.9
3,423.l.168824.t.16,423.p.40039,Zay Flowers,WR,9.0
3,423.l.168824.t.16,423.p.30199,Kareem Hunt,RB,4.5
3,423.l.168824.t.16,423.p.34042,Malik Willis,QB,0.0
3,423.l.168824.t.16,423.p.40068,Will Levis,QB,0.0
3,423.l.168824.t.16,423.p.26664,Robert Woods,WR,4.9
3,423.l.168824.t.16,423.p.33445,Tutu Atwell,WR,15.2
3,423.l.168824.t.16,423.p.30115,Mitchell Trubisky,QB,0.0
3,423.l.168824.t.16,423.p.31199,Jason Sanders,K,10.0
3,423.l.168824.t.16,423.p.100025,49ers,DEF,8.0
3,423.l.168824.t.7,423.p.33399,Justin Fields,QB,11.66
3,423.l.168824.t.7,423.p.31883,A.J. Brown,WR,17.6
3,423.l.168824.t.7,423.p.31896,DK Metcalf,WR,14.2
3,423.l.168824.t.7,423.p.40055,Bijan Robinson,RB,8.0
3,423.l.168824.t.7,423.p.31424,Gus Edwards,RB,5.1
3,423.l.168824.t.7,423.p.31019,Dallas Goedert,TE,6.6
3,423.l.168824.t.7,423.p.33538,Kenneth Gainwell,RB,5.3
3,423.l.168824.t.7,423.p.27590,Jimmy Garoppolo,QB,20.66
3,423.l.168824.t.7,423.p.30247,Jamaal Williams,RB,0.0
3,423.l.168824.t.7,423.p.31268,Allen Lazard,WR,5.4
3,423.l.168824.t.7,423.p.33514,Chuba Hubbard,RB,1.4
3,423.l.168824.t.7,423.p.33967,Jameson Williams,WR,0.0
3,423.l.168824.t.7,423.p.31945,Justice Hill,RB,0.0
3,423.l.168824.t.7,423.p.30284,Nathan Peterman,QB,0.0
3,423.l.168824.t.7,423.p.30266,Jake Elliott,K,11.0
3,423.l.168824.t.7,423.p.100005,Browns,DEF,13.0
3,423.l.168824.t.6,423.p.32010,Gardner Minshew,QB,13.08
3,423.l.168824.t.6,423.p.33398,DeVonta Smith,WR,4.8
3,423.l.168824.t.6,423.p.33973,Treylon Burks,WR,1.0
3,423.l.168824.t.6,423.p.27624,Jerick McKinnon,RB,16.3
3,423.l.168824.t.6,423.p.33423,Javonte Williams,RB,7.5
3,423.l.168824.t.6,423.p.26686,Travis Kelce,TE,16.4
3,423.l.168824.t.6,423.p.32846,K.J. Osborn,WR,10.1
3,423.l.168824.t.6,423.p.27564,Derek Carr,QB,8.12
3,423.l.168824.t.6,423.p.33975,Kenny Pickett,QB,18.5
3,423.l.168824.t.6,423.p.31898,Diontae Johnson,WR,0.0
3,423.l.168824.t.6,423.p.34085,Jake Ferguson,TE,7.3
3,423.l.168824.t.6,423.p.32877,Isaiah Hodgins,WR,0.0
3,423.l.168824.t.6,423.p.31891,Parris Campbell,WR,5.4
3,423.l.168824.t.6,423.p.33100,Rico Dowdle,RB,12.1
3,423.l.168824.t.6,423.p.32858,Tyler Bass,K,15.0
3,423.l.168824.t.6,423.p.100020,Jets,DEF,4.0
3,423.l.168824.t.13,423.p.34093,Bailey Zappe,QB,0.0
3,423.l.168824.t.13,423.p.29399,Tyreek Hill,WR,26.2
3,423.l.168824.t.13,423.p.33437,Rondale Moore,WR,14.2
3,423.l.168824.t.13,423.p.33991,Breece Hall,RB,3.2
3,423.l.168824.t.13,423.p.32782,Joshua Kelley,RB,2.2
3,423.l.168824.t.13,423.p.26658,Zach Ertz,TE,1.6
3,423.l.168824.t.13,423.p.30153,Curtis Samuel,WR,6.4
3,423.l.168824.t.13,423.p.34007,George Pickens,WR,9.5
3,423.l.168824.t.13,423.p.33455,Davis Mills,QB,0.0
3,423.l.168824.t.13,423.p.40074,Luke Musgrave,TE,7.9
3,423.l.168824.t.13,423.p.40119,Tyjae Spears,RB,2.9
3,423.l.168824.t.13,423.p.30182,Cooper Kupp,WR,0.0
3,423.l.168824.t.13,423.p.32711,Jonathan Taylor,RB,0.0
3,423.l.168824.t.13,423.p.8432,Nick Folk,K,4.0
3,423.l.168824.t.13,423.p.100012,Chiefs,DEF,11.0
3,423.l.168824.t.13,423.p.100024,Chargers,DEF,8.0
3,423.l.168824.t.3,423.p.40030,C.J. Stroud,QB,20.6
3,423.l.168824.t.3,423.p.31908,Terry McLaurin,WR,7.1
3,423.l.168824.t.3,423.p.31010,Courtland Sutton,WR,15.1
3,423.l.168824.t.3,423.p.34207,Isiah Pacheco,RB,14.8
3,423.l.168824.t.3,423.p.31906,Devin Singletary,RB,5.5
3,423.l.168824.t.3,423.p.31056,Mark Andrews,TE,5.5
3,423.l.168824.t.3,423.p.29281,Michael Thomas,WR,8.0
3,423.l.168824.t.3,423.p.32671,Joe Burrow,QB,9.16
3,423.l.168824.t.3,423.p.40095,Tank Bigsby,RB,7.0
3,423.l.168824.t.3,423.p.32722,Cam Akers,RB,0.0
3,423.l.168824.t.3,423.p.40029,Bryce Young,QB,0.0
3,423.l.168824.t.3,423.p.33408,Kadarius Toney,WR,0.4
3,423.l.168824.t.3,423.p.30551,Kendrick Bourne,WR,6.6
3,423.l.168824.t.3,423.p.32138,Jake Browning,QB,0.0
3,423.l.168824.t.3,423.p.40129,Jake Moody,K,12.0
3,423.l.168824.t.3,423.p.100030,Jaguars,DEF,-4.0
4,423.l.168824.t.15,423.p.9265,Matthew Stafford,QB,17.16
4,423.l.168824.t.15,423.p.27535,Mike Evans,WR,5.5
4,423.l.168824.t.15,423.p.32695,Brandon Aiyuk,WR,17.8
4,423.l.168824.t.15,423.p.33508,Rhamondre Stevenson,RB,5.0
4,423.l.168824.t.15,423.p.30218,James Conner,RB,6.1
4,423.l.168824.t.15,423.p.30259,George Kittle,TE,1.4
4,423.l.168824.t.15,423.p.32704,Michael Pittman Jr.,WR,4.0
4,423.l.168824.t.15,423.p.34030,Desmond Ridder,QB,8.24
4,423.l.168824.t.15,423.p.32732,A.J. Dillon,RB,1.1
4,423.l.168824.t.15,423.p.30154,Dalvin Cook,RB,2.3
4,423.l.168824.t.15,423.p.31833,Kyler Murray,QB,0.0
4,423.l.168824.t.15,423.p.30175,JuJu Smith-Schuster,WR,1.9
4,423.l.168824.t.15,423.p.40064,Sam LaPorta,TE,7.6
4,423.l.168824.t.15,423.p.24822,Andy Dalton,QB,0.0
4,423.l.168824.t.15,423.p.31137,Daniel Carlson,K,5.0
4,423.l.168824.t.15,423.p.100021,Eagles,DEF,4.0
4,423.l.168824.t.14,423.p.34100,Sam Howell,QB,19.6
4,423.l.168824.t.14,423.p.32703,Tee Higgins,WR,2.9
4,423.l.168824.t.14,423.p.40168,Puka Nacua,WR,26.8
4,423.l.168824.t.14,423.p.30180,Alvin Kamara,RB,14.9
4,423.l.168824.t.14,423.p.30295,Aaron Jones Sr.,RB,1.9
4,423.l.168824.t.14,423.p.30157,Gerald Everett,TE,1.9
4,423.l.168824.t.14,423.p.28392,Amari Cooper,WR,2.1
4,423.l.168824.t.14,423.p.32676,Justin Herbert,QB,24.38
4,423.l.168824.t.14,423.p.33403,Mac Jones,QB,2.7
4,423.l.168824.t.14,423.p.32736,Antonio Gibson,RB,3.1
4,423.l.168824.t.14,423.p.34047,Rachaad White,RB,9.3
4,423.l.168824.t.14,423.p.40097,Tank Dell,WR,3.4
4,423.l.168824.t.14,423.p.31965,Jarrett Stidham,QB,0.0
4,423.l.168824.t.14,423.p.32857,Donovan Peoples-Jones,WR,1.2
4,423.l.168824.t.14,423.p.30346,Harrison Butker,K,11.0
4,423.l.168824.t.14,423.p.100005,Browns,DEF,4.0
4,423.l.168824.t.9,423.p.30977,Josh Allen,QB,36.5
4,423.l.168824.t.9,423.p.27581,Davante Adams,WR,11.5
4,423.l.168824.t.9,423.p.27277,Adam Thielen,WR,11.7
4,423.l.168824.t.9,423.p.30121,Christian McCaffrey,RB,45.2
4,423.l.168824.t.9,423.p.34019,James Cook III,RB,14.2
4,423.l.168824.t.9,423.p.29344,Tyler Higbee,TE,8.9
4,423.l.168824.t.9,423.p.34447,Jaylen Warren,RB,8.5
4,423.l.168824.t.9,423.p.30248,Joshua Dobbs,QB,23.4
4,423.l.168824.t.9,423.p.32231,Jakobi Meyers,WR,4.3
4,423.l.168824.t.9,423.p.32843,Darnell Mooney,WR,7.1
4,423.l.168824.t.9,423.p.34659,Rashid Shaheed,WR,4.8
4,423.l.168824.t.9,423.p.31928,Dawson Knox,TE,1.7
4,423.l.168824.t.9,423.p.34120,Kyren Williams,RB,26.2
4,423.l.168824.t.9,423.p.9526,Graham Gano,K,5.0
4,423.l.168824.t.9,423.p.100033,Ravens,DEF,18.0
4,423.l.168824.t.9,423.p.100009,Packers,DEF,3.0
4,423.l.168824.t.2,423.p.32723,Jalen Hurts,QB,24.16
4,423.l.168824.t.2,423.p.32687,CeeDee Lamb,WR,12.8
4,423.l.168824.t.2,423.p.30197,Chris Godwin Jr.,WR,15.4
4,423.l.168824.t.2,423.p.31960,Tony Pollard,RB,7.5
4,423.l.168824.t.2,423.p.33996,Kenneth Walker III,RB,13.9
4,423.l.168824.t.2,423.p.31840,T.J. Hockenson,TE,3.4
4,423.l.168824.t.2,423.p.34112,Jerome Ford,RB,7.0
4,423.l.168824.t.2,423.p.30971,Baker Mayfield,QB,23.94
4,423.l.168824.t.2,423.p.40042,Jordan Addison,WR,0.0
4,423.l.168824.t.2,423.p.30614,Taysom Hill,TE,2.72
4,423.l.168824.t.2,423.p.33415,Rashod Bateman,WR,0.0
4,423.l.168824.t.2,423.p.29269,Hunter Henry,TE,7.1
4,423.l.168824.t.2,423.p.34008,Alec Pierce,WR,4.3
4,423.l.168824.t.2,423.p.34094,Calvin Austin III,WR,4.4
4,423.l.168824.t.2,423.p.26534,Justin Tucker,K,4.0
4,423.l.168824.t.2,423.p.100017,Patriots,DEF,3.0
4,423.l.168824.t.10,423.p.25785,Russell Wilson,QB,22.22
4,423.l.168824.t.10,423.p.32798,Gabe Davis,WR,13.6
4,423.l.168824.t.10,423.p.33394,Jaylen Waddle,WR,6.6
4,423.l.168824.t.10,423.p.33413,Travis Etienne Jr.,RB,8.7
4,423.l.168824.t.10,423.p.30161,Joe Mixon,RB,8.1
4,423.l.168824.t.10,423.p.32456,Donald Parham Jr.,TE,0.0
4,423.l.168824.t.10,423.p.28654,Raheem Mostert,RB,4.0
4,423.l.168824.t.10,423.p.32696,Jordan Love,QB,19.64
4,423.l.168824.t.10,423.p.32685,Jerry Jeudy,WR,6.7
4,423.l.168824.t.10,423.p.34054,Brian Robinson Jr.,RB,12.1
4,423.l.168824.t.10,423.p.33989,Christian Watson,WR,9.5
4,423.l.168824.t.10,423.p.25718,Ryan Tannehill,QB,13.7
4,423.l.168824.t.10,423.p.29238,Ezekiel Elliott,RB,3.2
4,423.l.168824.t.10,423.p.30426,Younghoe Koo,K,1.0
4,423.l.168824.t.10,423.p.100019,Giants,DEF,3.0
4,423.l.168824.t.10,423.p.100004,Bengals,DEF,5.0
4,423.l.168824.t.5,423.p.31002,Lamar Jackson,QB,28.14
4,423.l.168824.t.5,423.p.32692,Justin Jefferson,WR,23.5
4,423.l.168824.t.5,423.p.26699,Keenan Allen,WR,10.7
4,423.l.168824.t.5,423.p.40162,Roschon Johnson,RB,2.0
4,423.l.168824.t.5,423.p.40075,Zach Charbonnet,RB,4.5
4,423.l.168824.t.5,423.p.33443,Pat Freiermuth,TE,2.2
4,423.l.168824.t.5,423.p.33465,Joshua Palmer,WR,9.2
4,423.l.168824.t.5,423.p.25812,Kirk Cousins,QB,11.56
4,423.l.168824.t.5,423.p.40126,Josh Downs,WR,4.4
4,423.l.168824.t.5,423.p.30227,Samaje Perine,RB,4.5
4,423.l.168824.t.5,423.p.32003,Darius Slayton,WR,3.3
4,423.l.168824.t.5,423.p.40041,Jaxon Smith-Njigba,WR,2.0
4,423.l.168824.t.5,423.p.30150,Zay Jones,WR,0.0
4,423.l.168824.t.5,423.p.34078,Zamir White,RB,1.5
4,423.l.168824.t.5,423.p.27120,Brandon McManus,K,14.0
4,423.l.168824.t.5,423.p.100026,Seahawks,DEF,31.0
4,423.l.168824.t.8,423.p.34218,Brock Purdy,QB,21.32
4,423.l.168824.t.8,423.p.30996,Calvin Ridley,WR,10.8
4,423.l.168824.t.8,423.p.26650,DeAndre Hopkins,WR,8.3
4,423.l.168824.t.8,423.p.29279,Derrick Henry,RB,23.88
4,423.l.168824.t.8,423.p.34063,Dameon Pierce,RB,11.3
4,423.l.168824.t.8,423.p.31012,Mike Gesicki,TE,1.7
4,423.l.168824.t.8,423.p.40118,De'Von Achane,RB,25.5
4,423.l.168824.t.8,423.p.32675,Tua Tagovailoa,QB,14.98
4,423.l.168824.t.8,423.p.30125,Deshaun Watson,QB,0.0
4,423.l.168824.t.8,423.p.31180,Braxton Berrios,WR,14.4
4,423.l.168824.t.8,423.p.28408,Nelson Agholor,WR,0.9
4,423.l.168824.t.8,423.p.27540,Odell Beckham Jr.,WR,0.0
4,423.l.168824.t.8,423.p.31051,Michael Gallup,WR,8.5
4,423.l.168824.t.8,423.p.33390,Zach Wilson,QB,19.2
4,423.l.168824.t.8,423.p.26800,Dustin Hopkins,K,5.0
4,423.l.168824.t.8,423.p.100015,Dolphins,DEF,-2.0
4,423.l.168824.t.1,423.p.29235,Jared Goff,QB,12.4
4,423.l.168824.t.1,423.p.28534,Stefon Diggs,WR,33.0
4,423.l.168824.t.1,423.p.33500,Amon-Ra St. Brown,WR,14.1
4,423.l.168824.t.1,423.p.31856,Josh Jacobs,RB,23.9
4,423.l.168824.t.1,423.p.32705,D'Andre Swift,RB,15.9
4,423.l.168824.t.1,423.p.28592,Darren Waller,TE,3.6
4,423.l.168824.t.1,423.p.33477,Nico Collins,WR,32.3
4,423.l.168824.t.1,423.p.34107,Tyler Allgeier,RB,1.7
4,423.l.168824.t.1,423.p.31857,Hollywood Brown,WR,13.1
4,423.l.168824.t.1,423.p.34009,Skyy Moore,WR,1.9
4,423.l.168824.t.1,423.p.28839,Taylor Heinicke,QB,0.0
4,423.l.168824.t.1,423.p.40051,Quentin Johnston,WR,2.3
4,423.l.168824.t.1,423.p.27560,Teddy Bridgewater,QB,0.0
4,423.l.168824.t.1,423.p.30230,Josh Reynolds,WR,8.4
4,423.l.168824.t.1,423.p.40296,Blake Grupe,K,10.0
4,423.l.168824.t.1,423.p.100023,Steelers,DEF,-1.0
4,423.l.168824.t.4,423.p.30123,Patrick Mahomes,QB,15.22
4,423.l.168824.t.4,423.p.33393,Ja'Marr Chase,WR,10.8
4,423.l.168824.t.4,423.p.33971,Jahan Dotson,WR,10.7
4,423.l.168824.t.4,423.p.31885,Miles Sanders,RB,4.7
4,423.l.168824.t.4,423.p.31905,David Montgomery,RB,33.1
4,423.l.168824.t.4,423.p.40048,Dalton Kincaid,TE,4.7
4,423.l.168824.t.4,423.p.34088,Romeo Doubs,WR,14.0
4,423.l.168824.t.4,423.p.29369,Dak Prescott,QB,14.34
4,423.l.168824.t.4,423.p.40108,Kendre Miller,RB,1.3
4,423.l.168824.t.4,423.p.30552,Matt Breida,RB,10.3
4,423.l.168824.t.4,423.p.29288,Tyler Boyd,WR,4.6
4,423.l.168824.t.4,423.p.33452,Kyle Trask,QB,0.0
4,423.l.168824.t.4,423.p.32702,Clyde Edwards-Helaire,RB,1.8
4,423.l.168824.t.4,423.p.40641,Keaton Mitchell,RB,0.0
4,423.l.168824.t.4,423.p.34344,Cameron Dicker,K,6.0
4,423.l.168824.t.4,423.p.100006,Cowboys,DEF,28.0
4,423.l.168824.t.12,423.p.31838,Daniel Jones,QB,10.72
4,423.l.168824.t.12,423.p.33966,Chris Olave,WR,0.9
4,423.l.168824.t.12,423.p.30994,DJ Moore,WR,23.1
4,423.l.168824.t.12,423.p.40059,Jahmyr Gibbs,RB,7.1
4,423.l.168824.t.12,423.p.31934,Alexander Mattison,RB,10.3
4,423.l.168824.t.12,423.p.33392,Kyle Pitts Sr.,TE,3.1
4,423.l.168824.t.12,423.p.32756,Zack Moss,RB,9.0
4,423.l.168824.t.12,423.p.40040,Anthony Richardson Sr.,QB,29.6
4,423.l.168824.t.12,423.p.31017,Christian Kirk,WR,12.4
4,423.l.168824.t.12,423.p.33605,Khalil Herbert,RB,20.2
4,423.l.168824.t.12,423.p.27548,Brandin Cooks,WR,4.7
4,423.l.168824.t.12,423.p.33582,Elijah Mitchell,RB,0.0
4,423.l.168824.t.12,423.p.31919,Damien Harris,RB,2.9
4,423.l.168824.t.12,423.p.33422,Elijah Moore,WR,1.0
4,423.l.168824.t.12,423.p.33537,Evan McPherson,K,3.0
4,423.l.168824.t.12,423.p.100002,Bills,DEF,9.0
4,423.l.168824.t.11,423.p.33389,Trevor Lawrence,QB,16.48
4,423.l.168824.t.11,423.p.33963,Drake London,WR,10.3
4,423.l.168824.t.11,423.p.40063,Jayden Reed,WR,9.0
4,423.l.168824.t.11,423.p.40240,Deuce Vaughn,RB,1.6
4,423.l.168824.t.11,423.p.34083,Pierre Strong Jr.,RB,4.9
4,423.l.168824.t.11,423.p.30136,Evan Engram,TE,9.4
4,423.l.168824.t.11,423.p.40084,Rashee Rice,WR,4.7
4,423.l.168824.t.11,423.p.40090,Marvin Mims Jr.,WR,5.7
4,423.l.168824.t.11,423.p.30423,Austin Ekeler,RB,0.0
4,423.l.168824.t.11,423.p.30972,Saquon Barkley,RB,0.0
4,423.l.168824.t.11,423.p.40128,Jalin Hyatt,WR,2.0
4,423.l.168824.t.11,423.p.30973,Sam Darnold,QB,-0.1
4,423.l.168824.t.11,423.p.31141,Mike White,QB,0.0
4,423.l.168824.t.11,423.p.40188,Clayton Tune,QB,0.0
4,423.l.168824.t.11,423.p.28378,Jason Myers,K,6.0
4,423.l.168824.t.11,423.p.100018,Saints,DEF,3.0
4,423.l.168824.t.16,423.p.26662,Geno Smith,QB,8.7
4,423.l.168824.t.16,423.p.33965,Garrett Wilson,WR,10.5
4,423.l.168824.t.16,423.p.31868,Deebo Samuel,WR,0.6
4,423.l.168824.t.16,423.p.33412,Najee Harris,RB,10.8
4,423.l.168824.t.16,423.p.26804,Latavius Murray,RB,6.6
4,423.l.168824.t.16,423.p.32713,Cole Kmet,TE,24.1
4,423.l.168824.t.16,423.p.28457,Tyler Lockett,WR,7.4
4,423.l.168824.t.16,423.p.40039,Zay Flowers,WR,6.5
4,423.l.168824.t.16,423.p.30199,Kareem Hunt,RB,1.2
4,423.l.168824.t.16,423.p.34042,Malik Willis,QB,0.0
4,423.l.168824.t.16,423.p.40068,Will Levis,QB,0.0
4,423.l.168824.t.16,423.p.26664,Robert Woods,WR,4.1
4,423.l.168824.t.16,423.p.33445,Tutu Atwell,WR,4.9
4,423.l.168824.t.16,423.p.30115,Mitchell Trubisky,QB,0.72
4,423.l.168824.t.16,423.p.31199,Jason Sanders,K,2.0
4,423.l.168824.t.16,423.p.100025,49ers,DEF,2.0
4,423.l.168824.t.7,423.p.33399,Justin Fields,QB,28.9
4,423.l.168824.t.7,423.p.31883,A.J. Brown,WR,34.0
4,423.l.168824.t.7,423.p.31896,DK Metcalf,WR,10.9
4,423.l.168824.t.7,423.p.40055,Bijan Robinson,RB,16.2
4,423.l.168824.t.7,423.p.31424,Gus Edwards,RB,5.9
4,423.l.168824.t.7,423.p.31019,Dallas Goedert,TE,3.5
4,423.l.168824.t.7,423.p.33538,Kenneth Gainwell,RB,5.1
4,423.l.168824.t.7,423.p.31031,DJ Chark,WR,3.8
4,423.l.168824.t.7,423.p.27590,Jimmy Garoppolo,QB,0.0
4,423.l.168824.t.7,423.p.30247,Jamaal Williams,RB,0.0
4,423.l.168824.t.7,423.p.33514,Chuba Hubbard,RB,6.3
4,423.l.168824.t.7,423.p.33967,Jameson Williams,WR,0.0
4,423.l.168824.t.7,423.p.31945,Justice Hill,RB,3.3
4,423.l.168824.t.7,423.p.30266,Jake Elliott,K,18.0
4,423.l.168824.t.7,423.p.100013,Raiders,DEF,4.0
4,423.l.168824.t.7,423.p.100027,Buccaneers,DEF,13.0
4,423.l.168824.t.6,423.p.33975,Kenny Pickett,QB,4.46
4,423.l.168824.t.6,423.p.33398,DeVonta Smith,WR,11.3
4,423.l.168824.t.6,423.p.32846,K.J. Osborn,WR,2.1
4,423.l.168824.t.6,423.p.27624,Jerick McKinnon,RB,0.7
4,423.l.168824.t.6,423.p.33423,Javonte Williams,RB,2.4
4,423.l.168824.t.6,423.p.26686,Travis Kelce,TE,9.0
4,423.l.168824.t.6,423.p.33100,Rico Dowdle,RB,2.2
4,423.l.168824.t.6,423.p.27564,Derek Carr,QB,3.18
4,423.l.168824.t.6,423.p.33973,Treylon Burks,WR,0.0
4,423.l.168824.t.6,423.p.31891,Parris Campbell,WR,3.0
4,423.l.168824.t.6,423.p.32010,Gardner Minshew,QB,0.0
4,423.l.168824.t.6,423.p.31898,Diontae Johnson,WR,0.0
4,423.l.168824.t.6,423.p.34085,Jake Ferguson,TE,11.2
4,423.l.168824.t.6,423.p.32877,Isaiah Hodgins,WR,3.9
4,423.l.168824.t.6,423.p.32858,Tyler Bass,K,14.0
4,423.l.168824.t.6,423.p.100020,Jets,DEF,7.0
4,423.l.168824.t.13,423.p.40138,Aidan O'Connell,QB,10.82
4,423.l.168824.t.13,423.p.29399,Tyreek Hill,WR,8.7
4,423.l.168824.t.13,423.p.33437,Rondale Moore,WR,0.0
4,423.l.168824.t.13,423.p.33991,Breece Hall,RB,8.4
4,423.l.168824.t.13,423.p.32782,Joshua Kelley,RB,6.5
4,423.l.168824.t.13,423.p.40074,Luke Musgrave,TE,0.6
4,423.l.168824.t.13,423.p.30153,Curtis Samuel,WR,14.7
4,423.l.168824.t.13,423.p.34007,George Pickens,WR,4.0
4,423.l.168824.t.13,423.p.28389,Jameis Winston,QB,-1.0
4,423.l.168824.t.13,423.p.26658,Zach Ertz,TE,8.3
4,423.l.168824.t.13,423.p.30182,Cooper Kupp,WR,0.0
4,423.l.168824.t.13,423.p.32711,Jonathan Taylor,RB,0.0
4,423.l.168824.t.13,423.p.28638,Trevor Siemian,QB,0.0
4,423.l.168824.t.13,423.p.8432,Nick Folk,K,11.0
4,423.l.168824.t.13,423.p.100012,Chiefs,DEF,5.0
4,423.l.168824.t.13,423.p.100024,Chargers,DEF,14.0
4,423.l.168824.t.3,423.p.32671,Joe Burrow,QB,4.7
4,423.l.168824.t.3,423.p.31908,Terry McLaurin,WR,18.6
4,423.l.168824.t.3,423.p.31010,Courtland Sutton,WR,10.2
4,423.l.168824.t.3,423.p.34207,Isiah Pacheco,RB,23.3
4,423.l.168824.t.3,423.p.40119,Tyjae Spears,RB,7.3
4,423.l.168824.t.3,423.p.31056,Mark Andrews,TE,22.5
4,423.l.168824.t.3,423.p.29281,Michael Thomas,WR,7.3
4,423.l.168824.t.3,423.p.40030,C.J. Stroud,QB,21.84
4,423.l.168824.t.3,423.p.32722,Cam Akers,RB,6.1
4,423.l.168824.t.3,423.p.31906,Devin Singletary,RB,8.34
4,423.l.168824.t.3,423.p.40095,Tank Bigsby,RB,1.0
4,423.l.168824.t.3,423.p.40029,Bryce Young,QB,7.16
4,423.l.168824.t.3,423.p.33408,Kadarius Toney,WR,3.2
4,423.l.168824.t.3,423.p.40195,Dorian Thompson-Robinson,QB,4.24
4,423.l.168824.t.3,423.p.40129,Jake Moody,K,5.0
4,423.l.168824.t.3,423.p.100007,Broncos,DEF,13.0
5,423.l.168824.t.15,423.p.9265,Matthew Stafford,QB,16.88
5,423.l.168824.t.15,423.p.32695,Brandon Aiyuk,WR,7.8
5,423.l.168824.t.15,423.p.32704,Michael Pittman Jr.,WR,7.7
5,423.l.168824.t.15,423.p.33508,Rhamondre Stevenson,RB,2.4
5,423.l.168824.t.15,423.p.30218,James Conner,RB,4.6
5,423.l.168824.t.15,423.p.30259,George Kittle,TE,26.2
5,423.l.168824.t.15,423.p.40064,Sam LaPorta,TE,18.2
5,423.l.168824.t.15,423.p.34030,Desmond Ridder,QB,26.16
5,423.l.168824.t.15,423.p.27535,Mike Evans,WR,0.0
5,423.l.168824.t.15,423.p.32732,A.J. Dillon,RB,13.6
5,423.l.168824.t.15,423.p.30154,Dalvin Cook,RB,2.3
5,423.l.168824.t.15,423.p.31833,Kyler Murray,QB,0.0
5,423.l.168824.t.15,423.p.30175,JuJu Smith-Schuster,WR,2.1
5,423.l.168824.t.15,423.p.24822,Andy Dalton,QB,0.1
5,423.l.168824.t.15,423.p.31137,Daniel Carlson,K,5.0
5,423.l.168824.t.15,423.p.100021,Eagles,DEF,5.0
5,423.l.168824.t.14,423.p.34100,Sam Howell,QB,26.42
5,423.l.168824.t.14,423.p.40168,Puka Nacua,WR,16.6
5,423.l.168824.t.14,423.p.40097,Tank Dell,WR,6.8
5,423.l.168824.t.14,423.p.30180,Alvin Kamara,RB,17.2
5,423.l.168824.t.14,423.p.30295,Aaron Jones Sr.,RB,0.0
5,423.l.168824.t.14,423.p.31093,Durham Smythe,TE,0.0
5,423.l.168824.t.14,423.p.29631,Kalif Raymond,WR,6.0
5,423.l.168824.t.14,423.p.33403,Mac Jones,QB,0.4
5,423.l.168824.t.14,423.p.32703,Tee Higgins,WR,0.0
5,423.l.168824.t.14,423.p.32676,Justin Herbert,QB,0.0
5,423.l.168824.t.14,423.p.28392,Amari Cooper,WR,0.0
5,423.l.168824.t.14,423.p.32736,Antonio Gibson,RB,8.4
5,423.l.168824.t.14,423.p.34047,Rachaad White,RB,0.0
5,423.l.168824.t.14,423.p.32857,Donovan Peoples-Jones,WR,0.0
5,423.l.168824.t.14,423.p.30346,Harrison Butker,K,10.0
5,423.l.168824.t.14,423.p.100010,Titans,DEF,1.0
5,423.l.168824.t.9,423.p.30977,Josh Allen,QB,28.76
5,423.l.168824.t.9,423.p.27581,Davante Adams,WR,6.5
5,423.l.168824.t.9,423.p.27277,Adam Thielen,WR,22.2
5,423.l.168824.t.9,423.p.30121,Christian McCaffrey,RB,12.8
5,423.l.168824.t.9,423.p.34019,James Cook III,RB,3.6
5,423.l.168824.t.9,423.p.29344,Tyler Higbee,TE,3.0
5,423.l.168824.t.9,423.p.34120,Kyren Williams,RB,6.7
5,423.l.168824.t.9,423.p.30248,Joshua Dobbs,QB,10.74
5,423.l.168824.t.9,423.p.34447,Jaylen Warren,RB,9.4
5,423.l.168824.t.9,423.p.32231,Jakobi Meyers,WR,17.0
5,423.l.168824.t.9,423.p.32843,Darnell Mooney,WR,0.0
5,423.l.168824.t.9,423.p.34659,Rashid Shaheed,WR,3.8
5,423.l.168824.t.9,423.p.31928,Dawson Knox,TE,3.2
5,423.l.168824.t.9,423.p.9526,Graham Gano,K,13.0
5,423.l.168824.t.9,423.p.100033,Ravens,DEF,6.0
5,423.l.168824.t.9,423.p.100009,Packers,DEF,9.0
5,423.l.168824.t.2,423.p.32723,Jalen Hurts,QB,28.32
5,423.l.168824.t.2,423.p.32687,CeeDee Lamb,WR,6.9
5,423.l.168824.t.2,423.p.40042,Jordan Addison,WR,15.4
5,423.l.168824.t.2,423.p.31960,Tony Pollard,RB,6.4
5,423.l.168824.t.2,423.p.40696,Jaleel McLaughlin,RB,16.4
5,423.l.168824.t.2,423.p.31840,T.J. Hockenson,TE,7.6
5,423.l.168824.t.2,423.p.34094,Calvin Austin III,WR,0.0
5,423.l.168824.t.2,423.p.29269,Hunter Henry,TE,0.0
5,423.l.168824.t.2,423.p.33996,Kenneth Walker III,RB,0.0
5,423.l.168824.t.2,423.p.34112,Jerome Ford,RB,0.0
5,423.l.168824.t.2,423.p.30971,Baker Mayfield,QB,0.0
5,423.l.168824.t.2,423.p.30197,Chris Godwin Jr.,WR,0.0
5,423.l.168824.t.2,423.p.30614,Taysom Hill,TE,2.5
5,423.l.168824.t.2,423.p.33415,Rashod Bateman,WR,1.3
5,423.l.168824.t.2,423.p.26534,Justin Tucker,K,4.0
5,423.l.168824.t.2,423.p.100017,Patriots,DEF,1.0
5,423.l.168824.t.10,423.p.25785,Russell Wilson,QB,18.74
5,423.l.168824.t.10,423.p.33394,Jaylen Waddle,WR,12.0
5,423.l.168824.t.10,423.p.33989,Christian Watson,WR,10.1
5,423.l.168824.t.10,423.p.30161,Joe Mixon,RB,11.4
5,423.l.168824.t.10,423.p.34054,Brian Robinson Jr.,RB,6.3
5,423.l.168824.t.10,423.p.31127,Tyler Conklin,TE,8.7
5,423.l.168824.t.10,423.p.28654,Raheem Mostert,RB,14.8
5,423.l.168824.t.10,423.p.32696,Jordan Love,QB,7.98
5,423.l.168824.t.10,423.p.32798,Gabe Davis,WR,19.0
5,423.l.168824.t.10,423.p.33413,Travis Etienne Jr.,RB,34.4
5,423.l.168824.t.10,423.p.32685,Jerry Jeudy,WR,8.0
5,423.l.168824.t.10,423.p.25718,Ryan Tannehill,QB,10.76
5,423.l.168824.t.10,423.p.40121,Michael Wilson,WR,2.3
5,423.l.168824.t.10,423.p.30426,Younghoe Koo,K,7.0
5,423.l.168824.t.10,423.p.100008,Lions,DEF,7.0
5,423.l.168824.t.10,423.p.100004,Bengals,DEF,16.0
5,423.l.168824.t.5,423.p.31002,Lamar Jackson,QB,10.94
5,423.l.168824.t.5,423.p.32692,Justin Jefferson,WR,4.3
5,423.l.168824.t.5,423.p.40126,Josh Downs,WR,12.7
5,423.l.168824.t.5,423.p.40162,Roschon Johnson,RB,1.9
5,423.l.168824.t.5,423.p.30227,Samaje Perine,RB,9.5
5,423.l.168824.t.5,423.p.30213,Jonnu Smith,TE,7.7
5,423.l.168824.t.5,423.p.30150,Zay Jones,WR,9.8
5,423.l.168824.t.5,423.p.25812,Kirk Cousins,QB,19.86
5,423.l.168824.t.5,423.p.33443,Pat Freiermuth,TE,0.0
5,423.l.168824.t.5,423.p.33465,Joshua Palmer,WR,0.0
5,423.l.168824.t.5,423.p.40075,Zach Charbonnet,RB,0.0
5,423.l.168824.t.5,423.p.26699,Keenan Allen,WR,0.0
5,423.l.168824.t.5,423.p.40041,Jaxon Smith-Njigba,WR,0.0
5,423.l.168824.t.5,423.p.34078,Zamir White,RB,0.0
5,423.l.168824.t.5,423.p.40819,Brandon Aubrey,K,6.0
5,423.l.168824.t.5,423.p.100034,Texans,DEF,4.0
5,423.l.168824.t.8,423.p.34218,Brock Purdy,QB,26.08
5,423.l.168824.t.8,423.p.30996,Calvin Ridley,WR,17.1
5,423.l.168824.t.8,423.p.26650,DeAndre Hopkins,WR,18.0
5,423.l.168824.t.8,423.p.29279,Derrick Henry,RB,7.7
5,423.l.168824.t.8,423.p.34063,Dameon Pierce,RB,8.7
5,423.l.168824.t.8,423.p.31012,Mike Gesicki,TE,2.7
5,423.l.168824.t.8,423.p.40118,De'Von Achane,RB,21.0
5,423.l.168824.t.8,423.p.32675,Tua Tagovailoa,QB,18.92
5,423.l.168824.t.8,423.p.30125,Deshaun Watson,QB,0.0
5,423.l.168824.t.8,423.p.31180,Braxton Berrios,WR,2.3
5,423.l.168824.t.8,423.p.27540,Odell Beckham Jr.,WR,2.3
5,423.l.168824.t.8,423.p.31051,Michael Gallup,WR,2.5
5,423.l.168824.t.8,423.p.33390,Zach Wilson,QB,9.56
5,423.l.168824.t.8,423.p.32719,Chase Claypool,WR,0.0
5,423.l.168824.t.8,423.p.40296,Blake Grupe,K,14.0
5,423.l.168824.t.8,423.p.100015,Dolphins,DEF,11.0
5,423.l.168824.t.1,423.p.29235,Jared Goff,QB,27.44
5,423.l.168824.t.1,423.p.28534,Stefon Diggs,WR,20.1
5,423.l.168824.t.1,423.p.33477,Nico Collins,WR,5.4
5,423.l.168824.t.1,423.p.31856,Josh Jacobs,RB,17.4
5,423.l.168824.t.1,423.p.32705,D'Andre Swift,RB,13.8
5,423.l.168824.t.1,423.p.28592,Darren Waller,TE,12.6
5,423.l.168824.t.1,423.p.30230,Josh Reynolds,WR,15.6
5,423.l.168824.t.1,423.p.31857,Hollywood Brown,WR,14.1
5,423.l.168824.t.1,423.p.33998,Wan'Dale Robinson,WR,4.4
5,423.l.168824.t.1,423.p.33500,Amon-Ra St. Brown,WR,0.0
5,423.l.168824.t.1,423.p.34107,Tyler Allgeier,RB,6.0
5,423.l.168824.t.1,423.p.34009,Skyy Moore,WR,2.1
5,423.l.168824.t.1,423.p.28839,Taylor Heinicke,QB,0.0
5,423.l.168824.t.1,423.p.27560,Teddy Bridgewater,QB,-0.2
5,423.l.168824.t.1,423.p.27369,Brett Maher,K,2.0
5,423.l.168824.t.1,423.p.100023,Steelers,DEF,18.0
5,423.l.168824.t.4,423.p.30123,Patrick Mahomes,QB,19.24
5,423.l.168824.t.4,423.p.33393,Ja'Marr Chase,WR,44.7
5,423.l.168824.t.4,423.p.33971,Jahan Dotson,WR,4.5
5,423.l.168824.t.4,423.p.31885,Miles Sanders,RB,1.2
5,423.l.168824.t.4,423.p.31905,David Montgomery,RB,19.9
5,423.l.168824.t.4,423.p.40048,Dalton Kincaid,TE,2.9
5,423.l.168824.t.4,423.p.34088,Romeo Doubs,WR,0.9
5,423.l.168824.t.4,423.p.29369,Dak Prescott,QB,7.32
5,423.l.168824.t.4,423.p.40108,Kendre Miller,RB,11.0
5,423.l.168824.t.4,423.p.30552,Matt Breida,RB,2.9
5,423.l.168824.t.4,423.p.29288,Tyler Boyd,WR,6.9
5,423.l.168824.t.4,423.p.33452,Kyle Trask,QB,0.0
5,423.l.168824.t.4,423.p.32702,Clyde Edwards-Helaire,RB,0.4
5,423.l.168824.t.4,423.p.40641,Keaton Mitchell,RB,0.0
5,423.l.168824.t.4,423.p.31538,Greg Joseph,K,9.0
5,423.l.168824.t.4,423.p.100007,Broncos,DEF,8.0
5,423.l.168824.t.12,423.p.31838,Daniel Jones,QB,7.16
5,423.l.168824.t.12,423.p.33966,Chris Olave,WR,8.2
5,423.l.168824.t.12,423.p.30994,DJ Moore,WR,45.0
5,423.l.168824.t.12,423.p.31934,Alexander Mattison,RB,11.6
5,423.l.168824.t.12,423.p.32756,Zack Moss,RB,32.5
5,423.l.168824.t.12,423.p.33392,Kyle Pitts Sr.,TE,12.2
5,423.l.168824.t.12,423.p.31017,Christian Kirk,WR,11.4
5,423.l.168824.t.12,423.p.40040,Anthony Richardson Sr.,QB,4.42
5,423.l.168824.t.12,423.p.40059,Jahmyr Gibbs,RB,0.0
5,423.l.168824.t.12,423.p.33605,Khalil Herbert,RB,7.6
5,423.l.168824.t.12,423.p.27548,Brandin Cooks,WR,1.8
5,423.l.168824.t.12,423.p.33582,Elijah Mitchell,RB,0.0
5,423.l.168824.t.12,423.p.31919,Damien Harris,RB,1.3
5,423.l.168824.t.12,423.p.33422,Elijah Moore,WR,0.0
5,423.l.168824.t.12,423.p.33537,Evan McPherson,K,12.0
5,423.l.168824.t.12,423.p.100002,Bills,DEF,9.0
5,423.l.168824.t.11,423.p.33389,Trevor Lawrence,QB,15.7
5,423.l.168824.t.11,423.p.33963,Drake London,WR,11.68
5,423.l.168824.t.11,423.p.40063,Jayden Reed,WR,1.2
5,423.l.168824.t.11,423.p.40240,Deuce Vaughn,RB,1.3
5,423.l.168824.t.11,423.p.29307,Kenyan Drake,RB,0.0
5,423.l.168824.t.11,423.p.30136,Evan Engram,TE,4.8
5,423.l.168824.t.11,423.p.40084,Rashee Rice,WR,11.3
5,423.l.168824.t.11,423.p.40090,Marvin Mims Jr.,WR,-1.1
5,423.l.168824.t.11,423.p.30972,Saquon Barkley,RB,0.0
5,423.l.168824.t.11,423.p.30423,Austin Ekeler,RB,0.0
5,423.l.168824.t.11,423.p.40128,Jalin Hyatt,WR,0.0
5,423.l.168824.t.11,423.p.30973,Sam Darnold,QB,-0.06
5,423.l.168824.t.11,423.p.31141,Mike White,QB,0.0
5,423.l.168824.t.11,423.p.40188,Clayton Tune,QB,0.0
5,423.l.168824.t.11,423.p.33781,Riley Patterson,K,6.0
5,423.l.168824.t.11,423.p.100018,Saints,DEF,24.0
5,423.l.168824.t.16,423.p.30115,Mitchell Trubisky,QB,0.0
5,423.l.168824.t.16,423.p.33965,Garrett Wilson,WR,6.9
5,423.l.168824.t.16,423.p.31868,Deebo Samuel,WR,10.0
5,423.l.168824.t.16,423.p.33412,Najee Harris,RB,4.5
5,423.l.168824.t.16,423.p.26804,Latavius Murray,RB,1.2
5,423.l.168824.t.16,423.p.32713,Cole Kmet,TE,12.7
5,423.l.168824.t.16,423.p.33445,Tutu Atwell,WR,7.9
5,423.l.168824.t.16,423.p.40039,Zay Flowers,WR,9.8
5,423.l.168824.t.16,423.p.28457,Tyler Lockett,WR,0.0
5,423.l.168824.t.16,423.p.26662,Geno Smith,QB,0.0
5,423.l.168824.t.16,423.p.30199,Kareem Hunt,RB,0.0
5,423.l.168824.t.16,423.p.34042,Malik Willis,QB,0.0
5,423.l.168824.t.16,423.p.40068,Will Levis,QB,0.0
5,423.l.168824.t.16,423.p.26664,Robert Woods,WR,4.5
5,423.l.168824.t.16,423.p.31199,Jason Sanders,K,8.0
5,423.l.168824.t.16,423.p.100025,49ers,DEF,16.0
5,423.l.168824.t.7,423.p.33399,Justin Fields,QB,32.98
5,423.l.168824.t.7,423.p.31883,A.J. Brown,WR,15.7
5,423.l.168824.t.7,423.p.33967,Jameson Williams,WR,1.2
5,423.l.168824.t.7,423.p.40055,Bijan Robinson,RB,10.8
5,423.l.168824.t.7,423.p.31424,Gus Edwards,RB,4.8
5,423.l.168824.t.7,423.p.31019,Dallas Goedert,TE,21.7
5,423.l.168824.t.7,423.p.29238,Ezekiel Elliott,RB,5.8
5,423.l.168824.t.7,423.p.27590,Jimmy Garoppolo,QB,11.72
5,423.l.168824.t.7,423.p.33538,Kenneth Gainwell,RB,2.9
5,423.l.168824.t.7,423.p.31896,DK Metcalf,WR,0.0
5,423.l.168824.t.7,423.p.30247,Jamaal Williams,RB,0.0
5,423.l.168824.t.7,423.p.33514,Chuba Hubbard,RB,4.0
5,423.l.168824.t.7,423.p.31945,Justice Hill,RB,10.5
5,423.l.168824.t.7,423.p.31268,Allen Lazard,WR,4.8
5,423.l.168824.t.7,423.p.30266,Jake Elliott,K,11.0
5,423.l.168824.t.7,423.p.100001,Falcons,DEF,1.0
5,423.l.168824.t.6,423.p.33975,Kenny Pickett,QB,12.36
5,423.l.168824.t.6,423.p.33398,DeVonta Smith,WR,1.1
5,423.l.168824.t.6,423.p.32846,K.J. Osborn,WR,7.4
5,423.l.168824.t.6,423.p.27624,Jerick McKinnon,RB,3.5
5,423.l.168824.t.6,423.p.33100,Rico Dowdle,RB,1.5
5,423.l.168824.t.6,423.p.26686,Travis Kelce,TE,17.7
5,423.l.168824.t.6,423.p.34085,Jake Ferguson,TE,4.3
5,423.l.168824.t.6,423.p.27564,Derek Carr,QB,15.72
5,423.l.168824.t.6,423.p.33423,Javonte Williams,RB,0.0
5,423.l.168824.t.6,423.p.33973,Treylon Burks,WR,0.0
5,423.l.168824.t.6,423.p.31891,Parris Campbell,WR,3.3
5,423.l.168824.t.6,423.p.32010,Gardner Minshew,QB,6.3
5,423.l.168824.t.6,423.p.31898,Diontae Johnson,WR,0.0
5,423.l.168824.t.6,423.p.32877,Isaiah Hodgins,WR,2.9
5,423.l.168824.t.6,423.p.32858,Tyler Bass,K,2.0
5,423.l.168824.t.6,423.p.100020,Jets,DEF,18.0
5,423.l.168824.t.13,423.p.40138,Aidan O'Connell,QB,0.0
5,423.l.168824.t.13,423.p.29399,Tyreek Hill,WR,28.1
5,423.l.168824.t.13,423.p.30153,Curtis Samuel,WR,15.5
5,423.l.168824.t.13,423.p.33991,Breece Hall,RB,26.9
5,423.l.168824.t.13,423.p.32711,Jonathan Taylor,RB,3.9
5,423.l.168824.t.13,423.p.26658,Zach Ertz,TE,8.0
5,423.l.168824.t.13,423.p.30182,Cooper Kupp,WR,15.8
5,423.l.168824.t.13,423.p.34007,George Pickens,WR,23.6
5,423.l.168824.t.13,423.p.28638,Trevor Siemian,QB,0.0
5,423.l.168824.t.13,423.p.40074,Luke Musgrave,TE,6.4
5,423.l.168824.t.13,423.p.32782,Joshua Kelley,RB,0.0
5,423.l.168824.t.13,423.p.28389,Jameis Winston,QB,-0.4
5,423.l.168824.t.13,423.p.40173,Sean Clifford,QB,0.0
5,423.l.168824.t.13,423.p.8432,Nick Folk,K,12.0
5,423.l.168824.t.13,423.p.100012,Chiefs,DEF,6.0
5,423.l.168824.t.13,423.p.100024,Chargers,DEF,0.0
5,423.l.168824.t.3,423.p.32671,Joe Burrow,QB,24.38
5,423.l.168824.t.3,423.p.31908,Terry McLaurin,WR,6.9
5,423.l.168824.t.3,423.p.31010,Courtland Sutton,WR,1.8
5,423.l.168824.t.3,423.p.34207,Isiah Pacheco,RB,12.9
5,423.l.168824.t.3,423.p.40119,Tyjae Spears,RB,14.9
5,423.l.168824.t.3,423.p.31056,Mark Andrews,TE,9.5
5,423.l.168824.t.3,423.p.29281,Michael Thomas,WR,8.5
5,423.l.168824.t.3,423.p.40030,C.J. Stroud,QB,14.16
5,423.l.168824.t.3,423.p.32722,Cam Akers,RB,2.8
5,423.l.168824.t.3,423.p.31906,Devin Singletary,RB,0.0
5,423.l.168824.t.3,423.p.40095,Tank Bigsby,RB,0.8
5,423.l.168824.t.3,423.p.40029,Bryce Young,QB,20.28
5,423.l.168824.t.3,423.p.33408,Kadarius Toney,WR,5.2
5,423.l.168824.t.3,423.p.34310,Ronnie Rivers,RB,0.1
5,423.l.168824.t.3,423.p.40129,Jake Moody,K,6.0
5,423.l.168824.t.3,423.p.100011,Colts,DEF,4.0
6,423.l.168824.t.15,423.p.9265,Matthew Stafford,QB,13.24
6,423.l.168824.t.15,423.p.32695,Brandon Aiyuk,WR,9.6
6,423.l.168824.t.15,423.p.27535,Mike Evans,WR,6.9
6,423.l.168824.t.15,423.p.33508,Rhamondre Stevenson,RB,15.5
6,423.l.168824.t.15,423.p.40430,Emari Demercado,RB,2.2
6,423.l.168824.t.15,423.p.30259,George Kittle,TE,0.6
6,423.l.168824.t.15,423.p.32704,Michael Pittman Jr.,WR,15.4
6,423.l.168824.t.15,423.p.34030,Desmond Ridder,QB,19.08
6,423.l.168824.t.15,423.p.40064,Sam LaPorta,TE,5.6
6,423.l.168824.t.15,423.p.30218,James Conner,RB,0.0
6,423.l.168824.t.15,423.p.32732,A.J. Dillon,RB,0.0
6,423.l.168824.t.15,423.p.30154,Dalvin Cook,RB,1.9
6,423.l.168824.t.15,423.p.31833,Kyler Murray,QB,0.0
6,423.l.168824.t.15,423.p.24822,Andy Dalton,QB,0.0
6,423.l.168824.t.15,423.p.31137,Daniel Carlson,K,13.0
6,423.l.168824.t.15,423.p.100021,Eagles,DEF,6.0
6,423.l.168824.t.14,423.p.34100,Sam Howell,QB,18.34
6,423.l.168824.t.14,423.p.40168,Puka Nacua,WR,4.6
6,423.l.168824.t.14,423.p.28392,Amari Cooper,WR,12.8
6,423.l.168824.t.14,423.p.30180,Alvin Kamara,RB,13.9
6,423.l.168824.t.14,423.p.34047,Rachaad White,RB,5.3
6,423.l.168824.t.14,423.p.31093,Durham Smythe,TE,0.0
6,423.l.168824.t.14,423.p.32703,Tee Higgins,WR,3.0
6,423.l.168824.t.14,423.p.32676,Justin Herbert,QB,19.58
6,423.l.168824.t.14,423.p.40097,Tank Dell,WR,0.0
6,423.l.168824.t.14,423.p.33403,Mac Jones,QB,6.9
6,423.l.168824.t.14,423.p.30295,Aaron Jones Sr.,RB,0.0
6,423.l.168824.t.14,423.p.32736,Antonio Gibson,RB,8.1
6,423.l.168824.t.14,423.p.32857,Donovan Peoples-Jones,WR,0.0
6,423.l.168824.t.14,423.p.31965,Jarrett Stidham,QB,0.0
6,423.l.168824.t.14,423.p.30346,Harrison Butker,K,17.0
6,423.l.168824.t.14,423.p.100010,Titans,DEF,5.0
6,423.l.168824.t.9,423.p.30977,Josh Allen,QB,14.86
6,423.l.168824.t.9,423.p.27581,Davante Adams,WR,3.9
6,423.l.168824.t.9,423.p.27277,Adam Thielen,WR,23.0
6,423.l.168824.t.9,423.p.30121,Christian McCaffrey,RB,12.7
6,423.l.168824.t.9,423.p.34019,James Cook III,RB,7.1
6,423.l.168824.t.9,423.p.29344,Tyler Higbee,TE,2.8
6,423.l.168824.t.9,423.p.34120,Kyren Williams,RB,21.8
6,423.l.168824.t.9,423.p.30248,Joshua Dobbs,QB,11.1
6,423.l.168824.t.9,423.p.34447,Jaylen Warren,RB,0.0
6,423.l.168824.t.9,423.p.32231,Jakobi Meyers,WR,14.6
6,423.l.168824.t.9,423.p.32843,Darnell Mooney,WR,5.8
6,423.l.168824.t.9,423.p.34659,Rashid Shaheed,WR,17.3
6,423.l.168824.t.9,423.p.31928,Dawson Knox,TE,3.2
6,423.l.168824.t.9,423.p.9526,Graham Gano,K,10.0
6,423.l.168824.t.9,423.p.100033,Ravens,DEF,11.0
6,423.l.168824.t.9,423.p.100006,Cowboys,DEF,4.0
6,423.l.168824.t.2,423.p.32723,Jalen Hurts,QB,22.9
6,423.l.168824.t.2,423.p.32687,CeeDee Lamb,WR,15.2
6,423.l.168824.t.2,423.p.40042,Jordan Addison,WR,10.3
6,423.l.168824.t.2,423.p.31960,Tony Pollard,RB,14.0
6,423.l.168824.t.2,423.p.33996,Kenneth Walker III,RB,16.4
6,423.l.168824.t.2,423.p.31840,T.J. Hockenson,TE,8.0
6,423.l.168824.t.2,423.p.30197,Chris Godwin Jr.,WR,10.7
6,423.l.168824.t.2,423.p.30971,Baker Mayfield,QB,7.84
6,423.l.168824.t.2,423.p.29269,Hunter Henry,TE,1.2
6,423.l.168824.t.2,423.p.34094,Calvin Austin III,WR,0.0
6,423.l.168824.t.2,423.p.40696,Jaleel McLaughlin,RB,5.2
6,423.l.168824.t.2,423.p.34112,Jerome Ford,RB,10.1
6,423.l.168824.t.2,423.p.30614,Taysom Hill,TE,8.76
6,423.l.168824.t.2,423.p.33415,Rashod Bateman,WR,2.5
6,423.l.168824.t.2,423.p.26534,Justin Tucker,K,19.0
6,423.l.168824.t.2,423.p.100016,Vikings,DEF,21.0
6,423.l.168824.t.10,423.p.25785,Russell Wilson,QB,8.9
6,423.l.168824.t.10,423.p.33394,Jaylen Waddle,WR,14.6
6,423.l.168824.t.10,423.p.32798,Gabe Davis,WR,1.6
6,423.l.168824.t.10,423.p.30161,Joe Mixon,RB,7.7
6,423.l.168824.t.10,423.p.33413,Travis Etienne Jr.,RB,21.8
6,423.l.168824.t.10,423.p.31127,Tyler Conklin,TE,3.9
6,423.l.168824.t.10,423.p.28654,Raheem Mostert,RB,32.7
6,423.l.168824.t.10,423.p.25718,Ryan Tannehill,QB,2.04
6,423.l.168824.t.10,423.p.34054,Brian Robinson Jr.,RB,12.6
6,423.l.168824.t.10,423.p.32696,Jordan Love,QB,0.0
6,423.l.168824.t.10,423.p.33989,Christian Watson,WR,0.0
6,423.l.168824.t.10,423.p.32685,Jerry Jeudy,WR,2.9
6,423.l.168824.t.10,423.p.40121,Michael Wilson,WR,7.7
6,423.l.168824.t.10,423.p.30426,Younghoe Koo,K,5.0
6,423.l.168824.t.10,423.p.100004,Bengals,DEF,12.0
6,423.l.168824.t.10,423.p.100008,Lions,DEF,11.0
6,423.l.168824.t.5,423.p.31002,Lamar Jackson,QB,18.12
6,423.l.168824.t.5,423.p.26699,Keenan Allen,WR,18.0
6,423.l.168824.t.5,423.p.33465,Joshua Palmer,WR,8.0
6,423.l.168824.t.5,423.p.30227,Samaje Perine,RB,0.6
6,423.l.168824.t.5,423.p.40075,Zach Charbonnet,RB,2.9
6,423.l.168824.t.5,423.p.30213,Jonnu Smith,TE,11.6
6,423.l.168824.t.5,423.p.40126,Josh Downs,WR,10.6
6,423.l.168824.t.5,423.p.25812,Kirk Cousins,QB,8.74
6,423.l.168824.t.5,423.p.40162,Roschon Johnson,RB,0.0
6,423.l.168824.t.5,423.p.32692,Justin Jefferson,WR,0.0
6,423.l.168824.t.5,423.p.30150,Zay Jones,WR,0.0
6,423.l.168824.t.5,423.p.33443,Pat Freiermuth,TE,0.0
6,423.l.168824.t.5,423.p.40041,Jaxon Smith-Njigba,WR,6.8
6,423.l.168824.t.5,423.p.34078,Zamir White,RB,1.9
6,423.l.168824.t.5,423.p.40819,Brandon Aubrey,K,8.0
6,423.l.168824.t.5,423.p.100034,Texans,DEF,10.0
6,423.l.168824.t.8,423.p.34218,Brock Purdy,QB,8.7
6,423.l.168824.t.8,423.p.30996,Calvin Ridley,WR,4.6
6,423.l.168824.t.8,423.p.26650,DeAndre Hopkins,WR,2.5
6,423.l.168824.t.8,423.p.29279,Derrick Henry,RB,18.3
6,423.l.168824.t.8,423.p.34063,Dameon Pierce,RB,3.4
6,423.l.168824.t.8,423.p.31012,Mike Gesicki,TE,4.3
6,423.l.168824.t.8,423.p.31051,Michael Gallup,WR,3.9
6,423.l.168824.t.8,423.p.32675,Tua Tagovailoa,QB,22.48
6,423.l.168824.t.8,423.p.40118,De'Von Achane,RB,0.0
6,423.l.168824.t.8,423.p.30125,Deshaun Watson,QB,0.0
6,423.l.168824.t.8,423.p.31180,Braxton Berrios,WR,3.0
6,423.l.168824.t.8,423.p.27540,Odell Beckham Jr.,WR,4.4
6,423.l.168824.t.8,423.p.33390,Zach Wilson,QB,10.94
6,423.l.168824.t.8,423.p.30997,Rashaad Penny,RB,0.0
6,423.l.168824.t.8,423.p.40296,Blake Grupe,K,9.0
6,423.l.168824.t.8,423.p.100015,Dolphins,DEF,5.0
6,423.l.168824.t.1,423.p.29235,Jared Goff,QB,22.42
6,423.l.168824.t.1,423.p.28534,Stefon Diggs,WR,15.0
6,423.l.168824.t.1,423.p.33500,Amon-Ra St. Brown,WR,24.4
6,423.l.168824.t.1,423.p.31856,Josh Jacobs,RB,10.3
6,423.l.168824.t.1,423.p.32705,D'Andre Swift,RB,13.8
6,423.l.168824.t.1,423.p.28592,Darren Waller,TE,6.8
6,423.l.168824.t.1,423.p.33477,Nico Collins,WR,10.0
6,423.l.168824.t.1,423.p.31857,Hollywood Brown,WR,5.4
6,423.l.168824.t.1,423.p.30230,Josh Reynolds,WR,6.5
6,423.l.168824.t.1,423.p.33998,Wan'Dale Robinson,WR,10.2
6,423.l.168824.t.1,423.p.34107,Tyler Allgeier,RB,5.1
6,423.l.168824.t.1,423.p.28839,Taylor Heinicke,QB,0.0
6,423.l.168824.t.1,423.p.27560,Teddy Bridgewater,QB,0.0
6,423.l.168824.t.1,423.p.27369,Brett Maher,K,15.0
6,423.l.168824.t.1,423.p.100028,Commanders,DEF,10.0
6,423.l.168824.t.1,423.p.100023,Steelers,DEF,0.0
6,423.l.168824.t.4,423.p.30123,Patrick Mahomes,QB,18.34
6,423.l.168824.t.4,423.p.33393,Ja'Marr Chase,WR,11.0
6,423.l.168824.t.4,423.p.28402,DeVante Parker,WR,1.2
6,423.l.168824.t.4,423.p.31905,David Montgomery,RB,3.8
6,423.l.168824.t.4,423.p.32782,Joshua Kelley,RB,0.9
6,423.l.168824.t.4,423.p.27648,Logan Thomas,TE,0.7
6,423.l.168824.t.4,423.p.29288,Tyler Boyd,WR,13.3
6,423.l.168824.t.4,423.p.29369,Dak Prescott,QB,24.88
6,423.l.168824.t.4,423.p.33971,Jahan Dotson,WR,0.0
6,423.l.168824.t.4,423.p.31885,Miles Sanders,RB,0.0
6,423.l.168824.t.4,423.p.34088,Romeo Doubs,WR,0.0
6,423.l.168824.t.4,423.p.32702,Clyde Edwards-Helaire,RB,2.1
6,423.l.168824.t.4,423.p.40641,Keaton Mitchell,RB,0.0
6,423.l.168824.t.4,423.p.31394,Jeff Wilson Jr.,RB,0.0
6,423.l.168824.t.4,423.p.31538,Greg Joseph,K,11.0
6,423.l.168824.t.4,423.p.100014,Rams,DEF,10.0
6,423.l.168824.t.12,423.p.24967,Tyrod Taylor,QB,10.4
6,423.l.168824.t.12,423.p.33966,Chris Olave,WR,13.1
6,423.l.168824.t.12,423.p.30994,DJ Moore,WR,7.6
6,423.l.168824.t.12,423.p.31934,Alexander Mattison,RB,9.2
6,423.l.168824.t.12,423.p.32756,Zack Moss,RB,14.9
6,423.l.168824.t.12,423.p.33392,Kyle Pitts Sr.,TE,12.3
6,423.l.168824.t.12,423.p.31017,Christian Kirk,WR,12.4
6,423.l.168824.t.12,423.p.33422,Elijah Moore,WR,4.7
6,423.l.168824.t.12,423.p.40059,Jahmyr Gibbs,RB,0.0
6,423.l.168824.t.12,423.p.31838,Daniel Jones,QB,0.0
6,423.l.168824.t.12,423.p.40040,Anthony Richardson Sr.,QB,0.0
6,423.l.168824.t.12,423.p.33605,Khalil Herbert,RB,0.0
6,423.l.168824.t.12,423.p.27548,Brandin Cooks,WR,13.0
6,423.l.168824.t.12,423.p.31919,Damien Harris,RB,0.1
6,423.l.168824.t.12,423.p.33537,Evan McPherson,K,7.0
6,423.l.168824.t.12,423.p.100002,Bills,DEF,7.0
6,423.l.168824.t.11,423.p.33389,Trevor Lawrence,QB,15.74
6,423.l.168824.t.11,423.p.33963,Drake London,WR,17.0
6,423.l.168824.t.11,423.p.30551,Kendrick Bourne,WR,14.3
6,423.l.168824.t.11,423.p.30972,Saquon Barkley,RB,11.8
6,423.l.168824.t.11,423.p.30423,Austin Ekeler,RB,8.2
6,423.l.168824.t.11,423.p.30136,Evan Engram,TE,7.6
6,423.l.168824.t.11,423.p.40084,Rashee Rice,WR,9.2
6,423.l.168824.t.11,423.p.40090,Marvin Mims Jr.,WR,0.0
6,423.l.168824.t.11,423.p.40063,Jayden Reed,WR,0.0
6,423.l.168824.t.11,423.p.40240,Deuce Vaughn,RB,0.0
6,423.l.168824.t.11,423.p.30973,Sam Darnold,QB,0.0
6,423.l.168824.t.11,423.p.31141,Mike White,QB,-1.4
6,423.l.168824.t.11,423.p.40188,Clayton Tune,QB,0.0
6,423.l.168824.t.11,423.p.33265,Salvon Ahmed,RB,10.9
6,423.l.168824.t.11,423.p.33781,Riley Patterson,K,8.0
6,423.l.168824.t.11,423.p.100018,Saints,DEF,5.0
6,423.l.168824.t.16,423.p.26662,Geno Smith,QB,13.04
6,423.l.168824.t.16,423.p.33965,Garrett Wilson,WR,13.0
6,423.l.168824.t.16,423.p.31868,Deebo Samuel,WR,1.1
6,423.l.168824.t.16,423.p.26804,Latavius Murray,RB,4.5
6,423.l.168824.t.16,423.p.30202,D'Onta Foreman,RB,7.2
6,423.l.168824.t.16,423.p.32713,Cole Kmet,TE,1.9
6,423.l.168824.t.16,423.p.28457,Tyler Lockett,WR,12.4
6,423.l.168824.t.16,423.p.40039,Zay Flowers,WR,14.1
6,423.l.168824.t.16,423.p.30199,Kareem Hunt,RB,14.6
6,423.l.168824.t.16,423.p.33445,Tutu Atwell,WR,3.5
6,423.l.168824.t.16,423.p.33412,Najee Harris,RB,0.0
6,423.l.168824.t.16,423.p.30115,Mitchell Trubisky,QB,0.0
6,423.l.168824.t.16,423.p.34042,Malik Willis,QB,4.66
6,423.l.168824.t.16,423.p.34157,Keaontay Ingram,RB,6.1
6,423.l.168824.t.16,423.p.31199,Jason Sanders,K,6.0
6,423.l.168824.t.16,423.p.100025,49ers,DEF,7.0
6,423.l.168824.t.7,423.p.33399,Justin Fields,QB,5.92
6,423.l.168824.t.7,423.p.31883,A.J. Brown,WR,16.6
6,423.l.168824.t.7,423.p.31896,DK Metcalf,WR,8.9
6,423.l.168824.t.7,423.p.40055,Bijan Robinson,RB,10.5
6,423.l.168824.t.7,423.p.31424,Gus Edwards,RB,5.8
6,423.l.168824.t.7,423.p.31019,Dallas Goedert,TE,6.7
6,423.l.168824.t.7,423.p.33514,Chuba Hubbard,RB,15.5
6,423.l.168824.t.7,423.p.27590,Jimmy Garoppolo,QB,9.88
6,423.l.168824.t.7,423.p.29238,Ezekiel Elliott,RB,11.4
6,423.l.168824.t.7,423.p.33967,Jameson Williams,WR,12.3
6,423.l.168824.t.7,423.p.33538,Kenneth Gainwell,RB,2.2
6,423.l.168824.t.7,423.p.30247,Jamaal Williams,RB,0.0
6,423.l.168824.t.7,423.p.31945,Justice Hill,RB,5.0
6,423.l.168824.t.7,423.p.40290,Malik Cunningham,QB,0.0
6,423.l.168824.t.7,423.p.30266,Jake Elliott,K,2.0
6,423.l.168824.t.7,423.p.100001,Falcons,DEF,5.0
6,423.l.168824.t.6,423.p.32010,Gardner Minshew,QB,12.56
6,423.l.168824.t.6,423.p.33398,DeVonta Smith,WR,6.9
6,423.l.168824.t.6,423.p.32846,K.J. Osborn,WR,6.8
6,423.l.168824.t.6,423.p.27624,Jerick McKinnon,RB,3.5
6,423.l.168824.t.6,423.p.33423,Javonte Williams,RB,7.2
6,423.l.168824.t.6,423.p.26686,Travis Kelce,TE,16.9
6,423.l.168824.t.6,423.p.34085,Jake Ferguson,TE,2.0
6,423.l.168824.t.6,423.p.27564,Derek Carr,QB,17.32
6,423.l.168824.t.6,423.p.33100,Rico Dowdle,RB,1.2
6,423.l.168824.t.6,423.p.33975,Kenny Pickett,QB,0.0
6,423.l.168824.t.6,423.p.33973,Treylon Burks,WR,0.0
6,423.l.168824.t.6,423.p.31891,Parris Campbell,WR,0.0
6,423.l.168824.t.6,423.p.31898,Diontae Johnson,WR,0.0
6,423.l.168824.t.6,423.p.32877,Isaiah Hodgins,WR,0.0
6,423.l.168824.t.6,423.p.32858,Tyler Bass,K,2.0
6,423.l.168824.t.6,423.p.100020,Jets,DEF,11.0
6,423.l.168824.t.13,423.p.30538,P.J. Walker,QB,5.78
6,423.l.168824.t.13,423.p.29399,Tyreek Hill,WR,25.3
6,423.l.168824.t.13,423.p.30153,Curtis Samuel,WR,12.2
6,423.l.168824.t.13,423.p.33991,Breece Hall,RB,17.8
6,423.l.168824.t.13,423.p.32711,Jonathan Taylor,RB,9.0
6,423.l.168824.t.13,423.p.26658,Zach Ertz,TE,3.2
6,423.l.168824.t.13,423.p.30182,Cooper Kupp,WR,24.3
6,423.l.168824.t.13,423.p.31031,DJ Chark,WR,4.1
6,423.l.168824.t.13,423.p.34093,Bailey Zappe,QB,0.0
6,423.l.168824.t.13,423.p.34007,George Pickens,WR,0.0
6,423.l.168824.t.13,423.p.40074,Luke Musgrave,TE,0.0
6,423.l.168824.t.13,423.p.28389,Jameis Winston,QB,0.0
6,423.l.168824.t.13,423.p.40173,Sean Clifford,QB,0.0
6,423.l.168824.t.13,423.p.31107,Dalton Schultz,TE,14.1
6,423.l.168824.t.13,423.p.8432,Nick Folk,K,10.0
6,423.l.168824.t.13,423.p.100012,Chiefs,DEF,14.0
6,423.l.168824.t.3,423.p.32671,Joe Burrow,QB,14.8
6,423.l.168824.t.3,423.p.31908,Terry McLaurin,WR,11.1
6,423.l.168824.t.3,423.p.31010,Courtland Sutton,WR,12.6
6,423.l.168824.t.3,423.p.34207,Isiah Pacheco,RB,12.8
6,423.l.168824.t.3,423.p.40119,Tyjae Spears,RB,6.8
6,423.l.168824.t.3,423.p.31056,Mark Andrews,TE,8.9
6,423.l.168824.t.3,423.p.29281,Michael Thomas,WR,7.0
6,423.l.168824.t.3,423.p.40030,C.J. Stroud,QB,15.16
6,423.l.168824.t.3,423.p.32722,Cam Akers,RB,2.0
6,423.l.168824.t.3,423.p.40095,Tank Bigsby,RB,1.3
6,423.l.168824.t.3,423.p.40029,Bryce Young,QB,12.68
6,423.l.168824.t.3,423.p.33408,Kadarius Toney,WR,7.9
6,423.l.168824.t.3,423.p.40051,Quentin Johnston,WR,0.0
6,423.l.168824.t.3,423.p.32746,Ke'Shawn Vaughn,RB,0.9
6,423.l.168824.t.3,423.p.40129,Jake Moody,K,5.0
6,423.l.168824.t.3,423.p.100013,Raiders,DEF,9.0
7,423.l.168824.t.15,423.p.9265,Matthew Stafford,QB,15.04
7,423.l.168824.t.15,423.p.32695,Brandon Aiyuk,WR,8.2
7,423.l.168824.t.15,423.p.27535,Mike Evans,WR,17.2
7,423.l.168824.t.15,423.p.33508,Rhamondre Stevenson,RB,11.5
7,423.l.168824.t.15,423.p.32732,A.J. Dillon,RB,10.5
7,423.l.168824.t.15,423.p.30259,George Kittle,TE,10.5
7,423.l.168824.t.15,423.p.32704,Michael Pittman Jr.,WR,15.3
7,423.l.168824.t.15,423.p.34030,Desmond Ridder,QB,13.8
7,423.l.168824.t.15,423.p.40430,Emari Demercado,RB,9.5
7,423.l.168824.t.15,423.p.40064,Sam LaPorta,TE,8.2
7,423.l.168824.t.15,423.p.30218,James Conner,RB,0.0
7,423.l.168824.t.15,423.p.30154,Dalvin Cook,RB,0.0
7,423.l.168824.t.15,423.p.31833,Kyler Murray,QB,0.0
7,423.l.168824.t.15,423.p.24822,Andy Dalton,QB,0.0
7,423.l.168824.t.15,423.p.31137,Daniel Carlson,K,7.0
7,423.l.168824.t.15,423.p.100021,Eagles,DEF,10.0
7,423.l.168824.t.14,423.p.34100,Sam Howell,QB,10.46
7,423.l.168824.t.14,423.p.40168,Puka Nacua,WR,19.4
7,423.l.168824.t.14,423.p.28392,Amari Cooper,WR,3.2
7,423.l.168824.t.14,423.p.30180,Alvin Kamara,RB,23.3
7,423.l.168824.t.14,423.p.34047,Rachaad White,RB,12.9
7,423.l.168824.t.14,423.p.30142,David Njoku,TE,7.9
7,423.l.168824.t.14,423.p.30295,Aaron Jones Sr.,RB,7.2
7,423.l.168824.t.14,423.p.32676,Justin Herbert,QB,12.86
7,423.l.168824.t.14,423.p.32703,Tee Higgins,WR,0.0
7,423.l.168824.t.14,423.p.40097,Tank Dell,WR,0.0
7,423.l.168824.t.14,423.p.33403,Mac Jones,QB,19.98
7,423.l.168824.t.14,423.p.32736,Antonio Gibson,RB,4.1
7,423.l.168824.t.14,423.p.32857,Donovan Peoples-Jones,WR,3.2
7,423.l.168824.t.14,423.p.31965,Jarrett Stidham,QB,0.0
7,423.l.168824.t.14,423.p.30346,Harrison Butker,K,7.0
7,423.l.168824.t.14,423.p.100005,Browns,DEF,16.0
7,423.l.168824.t.9,423.p.30977,Josh Allen,QB,25.3
7,423.l.168824.t.9,423.p.27581,Davante Adams,WR,9.2
7,423.l.168824.t.9,423.p.32231,Jakobi Meyers,WR,14.5
7,423.l.168824.t.9,423.p.30121,Christian McCaffrey,RB,21.1
7,423.l.168824.t.9,423.p.34019,James Cook III,RB,17.7
7,423.l.168824.t.9,423.p.29344,Tyler Higbee,TE,1.2
7,423.l.168824.t.9,423.p.34447,Jaylen Warren,RB,9.6
7,423.l.168824.t.9,423.p.30248,Joshua Dobbs,QB,16.14
7,423.l.168824.t.9,423.p.34120,Kyren Williams,RB,0.0
7,423.l.168824.t.9,423.p.27277,Adam Thielen,WR,0.0
7,423.l.168824.t.9,423.p.32843,Darnell Mooney,WR,5.4
7,423.l.168824.t.9,423.p.34659,Rashid Shaheed,WR,5.2
7,423.l.168824.t.9,423.p.33437,Rondale Moore,WR,3.6
7,423.l.168824.t.9,423.p.9526,Graham Gano,K,2.0
7,423.l.168824.t.9,423.p.100033,Ravens,DEF,15.0
7,423.l.168824.t.9,423.p.100006,Cowboys,DEF,0.0
7,423.l.168824.t.2,423.p.32723,Jalen Hurts,QB,24.26
7,423.l.168824.t.2,423.p.40042,Jordan Addison,WR,27.8
7,423.l.168824.t.2,423.p.30197,Chris Godwin Jr.,WR,9.6
7,423.l.168824.t.2,423.p.33996,Kenneth Walker III,RB,12.1
7,423.l.168824.t.2,423.p.34112,Jerome Ford,RB,16.4
7,423.l.168824.t.2,423.p.31840,T.J. Hockenson,TE,14.1
7,423.l.168824.t.2,423.p.40696,Jaleel McLaughlin,RB,5.1
7,423.l.168824.t.2,423.p.30971,Baker Mayfield,QB,17.2
7,423.l.168824.t.2,423.p.32687,CeeDee Lamb,WR,0.0
7,423.l.168824.t.2,423.p.31960,Tony Pollard,RB,0.0
7,423.l.168824.t.2,423.p.29269,Hunter Henry,TE,3.7
7,423.l.168824.t.2,423.p.34094,Calvin Austin III,WR,0.1
7,423.l.168824.t.2,423.p.30614,Taysom Hill,TE,14.8
7,423.l.168824.t.2,423.p.33415,Rashod Bateman,WR,4.6
7,423.l.168824.t.2,423.p.26534,Justin Tucker,K,8.0
7,423.l.168824.t.2,423.p.100030,Jaguars,DEF,9.0
7,423.l.168824.t.10,423.p.25785,Russell Wilson,QB,13.86
7,423.l.168824.t.10,423.p.33394,Jaylen Waddle,WR,9.3
7,423.l.168824.t.10,423.p.33989,Christian Watson,WR,4.2
7,423.l.168824.t.10,423.p.33413,Travis Etienne Jr.,RB,21.2
7,423.l.168824.t.10,423.p.34054,Brian Robinson Jr.,RB,8.3
7,423.l.168824.t.10,423.p.40065,Michael Mayer,TE,2.3
7,423.l.168824.t.10,423.p.28654,Raheem Mostert,RB,5.6
7,423.l.168824.t.10,423.p.32696,Jordan Love,QB,16.3
7,423.l.168824.t.10,423.p.32798,Gabe Davis,WR,1.1
7,423.l.168824.t.10,423.p.31127,Tyler Conklin,TE,0.0
7,423.l.168824.t.10,423.p.30161,Joe Mixon,RB,0.0
7,423.l.168824.t.10,423.p.25718,Ryan Tannehill,QB,0.0
7,423.l.168824.t.10,423.p.32685,Jerry Jeudy,WR,8.9
7,423.l.168824.t.10,423.p.30426,Younghoe Koo,K,13.0
7,423.l.168824.t.10,423.p.100027,Buccaneers,DEF,6.0
7,423.l.168824.t.10,423.p.100008,Lions,DEF,-2.0
7,423.l.168824.t.5,423.p.31002,Lamar Jackson,QB,33.88
7,423.l.168824.t.5,423.p.26699,Keenan Allen,WR,7.5
7,423.l.168824.t.5,423.p.33465,Joshua Palmer,WR,15.8
7,423.l.168824.t.5,423.p.33582,Elijah Mitchell,RB,-0.1
7,423.l.168824.t.5,423.p.31902,Darrell Henderson Jr.,RB,13.1
7,423.l.168824.t.5,423.p.30213,Jonnu Smith,TE,4.2
7,423.l.168824.t.5,423.p.40126,Josh Downs,WR,21.0
7,423.l.168824.t.5,423.p.25812,Kirk Cousins,QB,22.02
7,423.l.168824.t.5,423.p.30227,Samaje Perine,RB,5.6
7,423.l.168824.t.5,423.p.40075,Zach Charbonnet,RB,0.0
7,423.l.168824.t.5,423.p.40162,Roschon Johnson,RB,0.0
7,423.l.168824.t.5,423.p.32692,Justin Jefferson,WR,0.0
7,423.l.168824.t.5,423.p.30150,Zay Jones,WR,0.0
7,423.l.168824.t.5,423.p.40041,Jaxon Smith-Njigba,WR,14.3
7,423.l.168824.t.5,423.p.34344,Cameron Dicker,K,7.0
7,423.l.168824.t.5,423.p.100009,Packers,DEF,2.0
7,423.l.168824.t.8,423.p.34218,Brock Purdy,QB,14.78
7,423.l.168824.t.8,423.p.30996,Calvin Ridley,WR,1.0
7,423.l.168824.t.8,423.p.31180,Braxton Berrios,WR,1.2
7,423.l.168824.t.8,423.p.34063,Dameon Pierce,RB,0.0
7,423.l.168824.t.8,423.p.30997,Rashaad Penny,RB,0.0
7,423.l.168824.t.8,423.p.31012,Mike Gesicki,TE,7.5
7,423.l.168824.t.8,423.p.27540,Odell Beckham Jr.,WR,7.4
7,423.l.168824.t.8,423.p.32675,Tua Tagovailoa,QB,11.34
7,423.l.168824.t.8,423.p.31051,Michael Gallup,WR,0.0
7,423.l.168824.t.8,423.p.29279,Derrick Henry,RB,0.0
7,423.l.168824.t.8,423.p.26650,DeAndre Hopkins,WR,0.0
7,423.l.168824.t.8,423.p.40118,De'Von Achane,RB,0.0
7,423.l.168824.t.8,423.p.30125,Deshaun Watson,QB,-0.8
7,423.l.168824.t.8,423.p.33390,Zach Wilson,QB,0.0
7,423.l.168824.t.8,423.p.40296,Blake Grupe,K,11.0
7,423.l.168824.t.8,423.p.100015,Dolphins,DEF,12.0
7,423.l.168824.t.1,423.p.29235,Jared Goff,QB,10.36
7,423.l.168824.t.1,423.p.28534,Stefon Diggs,WR,14.8
7,423.l.168824.t.1,423.p.33500,Amon-Ra St. Brown,WR,16.7
7,423.l.168824.t.1,423.p.31856,Josh Jacobs,RB,4.6
7,423.l.168824.t.1,423.p.32705,D'Andre Swift,RB,9.0
7,423.l.168824.t.1,423.p.28592,Darren Waller,TE,19.3
7,423.l.168824.t.1,423.p.40243,Zach Evans,RB,0.0
7,423.l.168824.t.1,423.p.31857,Hollywood Brown,WR,6.4
7,423.l.168824.t.1,423.p.33998,Wan'Dale Robinson,WR,2.7
7,423.l.168824.t.1,423.p.33477,Nico Collins,WR,0.0
7,423.l.168824.t.1,423.p.30230,Josh Reynolds,WR,5.3
7,423.l.168824.t.1,423.p.34107,Tyler Allgeier,RB,12.7
7,423.l.168824.t.1,423.p.28839,Taylor Heinicke,QB,0.0
7,423.l.168824.t.1,423.p.27560,Teddy Bridgewater,QB,0.0
7,423.l.168824.t.1,423.p.27369,Brett Maher,K,4.0
7,423.l.168824.t.1,423.p.100023,Steelers,DEF,5.0
7,423.l.168824.t.4,423.p.30123,Patrick Mahomes,QB,34.86
7,423.l.168824.t.4,423.p.34088,Romeo Doubs,WR,10.0
7,423.l.168824.t.4,423.p.33971,Jahan Dotson,WR,6.8
7,423.l.168824.t.4,423.p.32782,Joshua Kelley,RB,13.5
7,423.l.168824.t.4,423.p.32702,Clyde Edwards-Helaire,RB,0.5
7,423.l.168824.t.4,423.p.27648,Logan Thomas,TE,7.1
7,423.l.168824.t.4,423.p.31394,Jeff Wilson Jr.,RB,0.9
7,423.l.168824.t.4,423.p.40074,Luke Musgrave,TE,5.0
7,423.l.168824.t.4,423.p.29369,Dak Prescott,QB,0.0
7,423.l.168824.t.4,423.p.31905,David Montgomery,RB,0.0
7,423.l.168824.t.4,423.p.29288,Tyler Boyd,WR,0.0
7,423.l.168824.t.4,423.p.33393,Ja'Marr Chase,WR,0.0
7,423.l.168824.t.4,423.p.31885,Miles Sanders,RB,0.0
7,423.l.168824.t.4,423.p.40641,Keaton Mitchell,RB,1.4
7,423.l.168824.t.4,423.p.31538,Greg Joseph,K,12.0
7,423.l.168824.t.4,423.p.100014,Rams,DEF,2.0
7,423.l.168824.t.12,423.p.24967,Tyrod Taylor,QB,21.66
7,423.l.168824.t.12,423.p.33966,Chris Olave,WR,9.2
7,423.l.168824.t.12,423.p.31017,Christian Kirk,WR,16.0
7,423.l.168824.t.12,423.p.31934,Alexander Mattison,RB,5.2
7,423.l.168824.t.12,423.p.40059,Jahmyr Gibbs,RB,23.1
7,423.l.168824.t.12,423.p.33392,Kyle Pitts Sr.,TE,6.2
7,423.l.168824.t.12,423.p.30994,DJ Moore,WR,9.4
7,423.l.168824.t.12,423.p.32756,Zack Moss,RB,6.7
7,423.l.168824.t.12,423.p.31838,Daniel Jones,QB,0.0
7,423.l.168824.t.12,423.p.33422,Elijah Moore,WR,7.9
7,423.l.168824.t.12,423.p.33605,Khalil Herbert,RB,0.0
7,423.l.168824.t.12,423.p.27548,Brandin Cooks,WR,0.0
7,423.l.168824.t.12,423.p.32003,Darius Slayton,WR,2.7
7,423.l.168824.t.12,423.p.28378,Jason Myers,K,9.0
7,423.l.168824.t.12,423.p.33537,Evan McPherson,K,0.0
7,423.l.168824.t.12,423.p.100002,Bills,DEF,2.0
7,423.l.168824.t.11,423.p.33389,Trevor Lawrence,QB,18.06
7,423.l.168824.t.11,423.p.33963,Drake London,WR,8.4
7,423.l.168824.t.11,423.p.30551,Kendrick Bourne,WR,13.3
7,423.l.168824.t.11,423.p.30972,Saquon Barkley,RB,17.3
7,423.l.168824.t.11,423.p.30423,Austin Ekeler,RB,5.1
7,423.l.168824.t.11,423.p.30136,Evan Engram,TE,7.0
7,423.l.168824.t.11,423.p.40084,Rashee Rice,WR,14.5
7,423.l.168824.t.11,423.p.40504,Tyson Bagent,QB,12.88
7,423.l.168824.t.11,423.p.40063,Jayden Reed,WR,9.6
7,423.l.168824.t.11,423.p.40090,Marvin Mims Jr.,WR,-1.1
7,423.l.168824.t.11,423.p.30973,Sam Darnold,QB,0.0
7,423.l.168824.t.11,423.p.31141,Mike White,QB,0.0
7,423.l.168824.t.11,423.p.40188,Clayton Tune,QB,0.16
7,423.l.168824.t.11,423.p.33265,Salvon Ahmed,RB,0.8
7,423.l.168824.t.11,423.p.33781,Riley Patterson,K,0.0
7,423.l.168824.t.11,423.p.100018,Saints,DEF,4.0
7,423.l.168824.t.16,423.p.26662,Geno Smith,QB,14.76
7,423.l.168824.t.16,423.p.28457,Tyler Lockett,WR,5.8
7,423.l.168824.t.16,423.p.40039,Zay Flowers,WR,9.5
7,423.l.168824.t.16,423.p.30202,D'Onta Foreman,RB,31.5
7,423.l.168824.t.16,423.p.26804,Latavius Murray,RB,3.8
7,423.l.168824.t.16,423.p.32713,Cole Kmet,TE,0.0
7,423.l.168824.t.16,423.p.30199,Kareem Hunt,RB,15.1
7,423.l.168824.t.16,423.p.32010,Gardner Minshew,QB,28.1
7,423.l.168824.t.16,423.p.31868,Deebo Samuel,WR,0.0
7,423.l.168824.t.16,423.p.33965,Garrett Wilson,WR,0.0
7,423.l.168824.t.16,423.p.33445,Tutu Atwell,WR,9.6
7,423.l.168824.t.16,423.p.30115,Mitchell Trubisky,QB,0.0
7,423.l.168824.t.16,423.p.34042,Malik Willis,QB,0.0
7,423.l.168824.t.16,423.p.34157,Keaontay Ingram,RB,0.0
7,423.l.168824.t.16,423.p.31199,Jason Sanders,K,6.0
7,423.l.168824.t.16,423.p.100025,49ers,DEF,2.0
7,423.l.168824.t.7,423.p.34093,Bailey Zappe,QB,0.0
7,423.l.168824.t.7,423.p.31883,A.J. Brown,WR,24.7
7,423.l.168824.t.7,423.p.33967,Jameson Williams,WR,0.0
7,423.l.168824.t.7,423.p.40055,Bijan Robinson,RB,0.3
7,423.l.168824.t.7,423.p.31424,Gus Edwards,RB,20.9
7,423.l.168824.t.7,423.p.31019,Dallas Goedert,TE,16.2
7,423.l.168824.t.7,423.p.33538,Kenneth Gainwell,RB,7.6
7,423.l.168824.t.7,423.p.29238,Ezekiel Elliott,RB,9.1
7,423.l.168824.t.7,423.p.31896,DK Metcalf,WR,0.0
7,423.l.168824.t.7,423.p.27590,Jimmy Garoppolo,QB,0.0
7,423.l.168824.t.7,423.p.33399,Justin Fields,QB,0.0
7,423.l.168824.t.7,423.p.33514,Chuba Hubbard,RB,0.0
7,423.l.168824.t.7,423.p.30247,Jamaal Williams,RB,1.4
7,423.l.168824.t.7,423.p.31945,Justice Hill,RB,5.3
7,423.l.168824.t.7,423.p.30266,Jake Elliott,K,7.0
7,423.l.168824.t.7,423.p.100001,Falcons,DEF,11.0
7,423.l.168824.t.6,423.p.33975,Kenny Pickett,QB,15.2
7,423.l.168824.t.6,423.p.33398,DeVonta Smith,WR,6.9
7,423.l.168824.t.6,423.p.32846,K.J. Osborn,WR,7.2
7,423.l.168824.t.6,423.p.33423,Javonte Williams,RB,11.1
7,423.l.168824.t.6,423.p.33412,Najee Harris,RB,14.3
7,423.l.168824.t.6,423.p.26686,Travis Kelce,TE,29.9
7,423.l.168824.t.6,423.p.31898,Diontae Johnson,WR,10.4
7,423.l.168824.t.6,423.p.27564,Derek Carr,QB,18.44
7,423.l.168824.t.6,423.p.27624,Jerick McKinnon,RB,3.6
7,423.l.168824.t.6,423.p.34085,Jake Ferguson,TE,0.0
7,423.l.168824.t.6,423.p.33100,Rico Dowdle,RB,0.0
7,423.l.168824.t.6,423.p.24793,Julio Jones,WR,0.8
7,423.l.168824.t.6,423.p.28408,Nelson Agholor,WR,7.7
7,423.l.168824.t.6,423.p.32858,Tyler Bass,K,5.0
7,423.l.168824.t.6,423.p.100026,Seahawks,DEF,8.0
7,423.l.168824.t.6,423.p.100020,Jets,DEF,0.0
7,423.l.168824.t.13,423.p.30538,P.J. Walker,QB,6.42
7,423.l.168824.t.13,423.p.29399,Tyreek Hill,WR,20.3
7,423.l.168824.t.13,423.p.30153,Curtis Samuel,WR,4.5
7,423.l.168824.t.13,423.p.32711,Jonathan Taylor,RB,19.5
7,423.l.168824.t.13,423.p.34320,Jordan Mason,RB,0.0
7,423.l.168824.t.13,423.p.26658,Zach Ertz,TE,3.4
7,423.l.168824.t.13,423.p.30182,Cooper Kupp,WR,5.9
7,423.l.168824.t.13,423.p.34007,George Pickens,WR,13.2
7,423.l.168824.t.13,423.p.33991,Breece Hall,RB,0.0
7,423.l.168824.t.13,423.p.31031,DJ Chark,WR,0.0
7,423.l.168824.t.13,423.p.28389,Jameis Winston,QB,0.0
7,423.l.168824.t.13,423.p.31107,Dalton Schultz,TE,0.0
7,423.l.168824.t.13,423.p.31932,Will Grier,QB,0.0
7,423.l.168824.t.13,423.p.30788,Cooper Rush,QB,0.0
7,423.l.168824.t.13,423.p.27120,Brandon McManus,K,8.0
7,423.l.168824.t.13,423.p.100012,Chiefs,DEF,10.0
7,423.l.168824.t.3,423.p.9547,Brian Hoyer,QB,3.16
7,423.l.168824.t.3,423.p.31908,Terry McLaurin,WR,12.0
7,423.l.168824.t.3,423.p.31010,Courtland Sutton,WR,16.6
7,423.l.168824.t.3,423.p.34207,Isiah Pacheco,RB,14.0
7,423.l.168824.t.3,423.p.31041,Royce Freeman,RB,6.6
7,423.l.168824.t.3,423.p.31056,Mark Andrews,TE,20.3
7,423.l.168824.t.3,423.p.29281,Michael Thomas,WR,11.7
7,423.l.168824.t.3,423.p.33408,Kadarius Toney,WR,1.8
7,423.l.168824.t.3,423.p.32596,Craig Reynolds,RB,3.0
7,423.l.168824.t.3,423.p.32722,Cam Akers,RB,7.1
7,423.l.168824.t.3,423.p.32671,Joe Burrow,QB,0.0
7,423.l.168824.t.3,423.p.40119,Tyjae Spears,RB,0.0
7,423.l.168824.t.3,423.p.40030,C.J. Stroud,QB,0.0
7,423.l.168824.t.3,423.p.40029,Bryce Young,QB,0.0
7,423.l.168824.t.3,423.p.40129,Jake Moody,K,7.0
7,423.l.168824.t.3,423.p.100013,Raiders,DEF,4.0
8,423.l.168824.t.15,423.p.9265,Matthew Stafford,QB,12.38
8,423.l.168824.t.15,423.p.32695,Brandon Aiyuk,WR,13.4
8,423.l.168824.t.15,423.p.27535,Mike Evans,WR,11.4
8,423.l.168824.t.15,423.p.33508,Rhamondre Stevenson,RB,6.0
8,423.l.168824.t.15,423.p.40430,Emari Demercado,RB,8.4
8,423.l.168824.t.15,423.p.30259,George Kittle,TE,19.4
8,423.l.168824.t.15,423.p.32704,Michael Pittman Jr.,WR,14.0
8,423.l.168824.t.15,423.p.34030,Desmond Ridder,QB,3.44
8,423.l.168824.t.15,423.p.32732,A.J. Dillon,RB,7.7
8,423.l.168824.t.15,423.p.40064,Sam LaPorta,TE,15.7
8,423.l.168824.t.15,423.p.30218,James Conner,RB,0.0
8,423.l.168824.t.15,423.p.30154,Dalvin Cook,RB,0.5
8,423.l.168824.t.15,423.p.31833,Kyler Murray,QB,0.0
8,423.l.168824.t.15,423.p.24822,Andy Dalton,QB,0.0
8,423.l.168824.t.15,423.p.26800,Dustin Hopkins,K,8.0
8,423.l.168824.t.15,423.p.100021,Eagles,DEF,2.0
8,423.l.168824.t.14,423.p.32676,Justin Herbert,QB,24.02
8,423.l.168824.t.14,423.p.40168,Puka Nacua,WR,5.8
8,423.l.168824.t.14,423.p.28392,Amari Cooper,WR,11.9
8,423.l.168824.t.14,423.p.30180,Alvin Kamara,RB,25.0
8,423.l.168824.t.14,423.p.30295,Aaron Jones Sr.,RB,6.6
8,423.l.168824.t.14,423.p.30142,David Njoku,TE,15.7
8,423.l.168824.t.14,423.p.32703,Tee Higgins,WR,9.4
8,423.l.168824.t.14,423.p.33403,Mac Jones,QB,13.24
8,423.l.168824.t.14,423.p.34100,Sam Howell,QB,31.98
8,423.l.168824.t.14,423.p.34047,Rachaad White,RB,14.4
8,423.l.168824.t.14,423.p.40097,Tank Dell,WR,4.6
8,423.l.168824.t.14,423.p.32736,Antonio Gibson,RB,6.7
8,423.l.168824.t.14,423.p.32857,Donovan Peoples-Jones,WR,0.0
8,423.l.168824.t.14,423.p.31965,Jarrett Stidham,QB,0.0
8,423.l.168824.t.14,423.p.30346,Harrison Butker,K,11.0
8,423.l.168824.t.14,423.p.100005,Browns,DEF,5.0
8,423.l.168824.t.9,423.p.30977,Josh Allen,QB,30.06
8,423.l.168824.t.9,423.p.27581,Davante Adams,WR,1.6
8,423.l.168824.t.9,423.p.27277,Adam Thielen,WR,11.2
8,423.l.168824.t.9,423.p.30121,Christian McCaffrey,RB,26.8
8,423.l.168824.t.9,423.p.34019,James Cook III,RB,7.8
8,423.l.168824.t.9,423.p.29344,Tyler Higbee,TE,7.0
8,423.l.168824.t.9,423.p.34447,Jaylen Warren,RB,5.8
8,423.l.168824.t.9,423.p.30248,Joshua Dobbs,QB,24.92
8,423.l.168824.t.9,423.p.32231,Jakobi Meyers,WR,2.4
8,423.l.168824.t.9,423.p.34120,Kyren Williams,RB,0.0
8,423.l.168824.t.9,423.p.32843,Darnell Mooney,WR,4.9
8,423.l.168824.t.9,423.p.34659,Rashid Shaheed,WR,22.8
8,423.l.168824.t.9,423.p.33437,Rondale Moore,WR,3.1
8,423.l.168824.t.9,423.p.9526,Graham Gano,K,4.0
8,423.l.168824.t.9,423.p.100033,Ravens,DEF,6.0
8,423.l.168824.t.9,423.p.100006,Cowboys,DEF,15.0
8,423.l.168824.t.2,423.p.32723,Jalen Hurts,QB,27.36
8,423.l.168824.t.2,423.p.40042,Jordan Addison,WR,17.9
8,423.l.168824.t.2,423.p.32687,CeeDee Lamb,WR,35.0
8,423.l.168824.t.2,423.p.33996,Kenneth Walker III,RB,7.5
8,423.l.168824.t.2,423.p.31960,Tony Pollard,RB,6.0
8,423.l.168824.t.2,423.p.31840,T.J. Hockenson,TE,17.8
8,423.l.168824.t.2,423.p.30197,Chris Godwin Jr.,WR,15.3
8,423.l.168824.t.2,423.p.30971,Baker Mayfield,QB,21.38
8,423.l.168824.t.2,423.p.30614,Taysom Hill,TE,21.96
8,423.l.168824.t.2,423.p.40696,Jaleel McLaughlin,RB,4.9
8,423.l.168824.t.2,423.p.34112,Jerome Ford,RB,4.4
8,423.l.168824.t.2,423.p.29269,Hunter Henry,TE,4.3
8,423.l.168824.t.2,423.p.34094,Calvin Austin III,WR,3.9
8,423.l.168824.t.2,423.p.33452,Kyle Trask,QB,0.0
8,423.l.168824.t.2,423.p.26534,Justin Tucker,K,8.0
8,423.l.168824.t.2,423.p.100030,Jaguars,DEF,11.0
8,423.l.168824.t.10,423.p.25785,Russell Wilson,QB,17.56
8,423.l.168824.t.10,423.p.33394,Jaylen Waddle,WR,21.6
8,423.l.168824.t.10,423.p.33989,Christian Watson,WR,4.8
8,423.l.168824.t.10,423.p.33413,Travis Etienne Jr.,RB,24.4
8,423.l.168824.t.10,423.p.30161,Joe Mixon,RB,18.5
8,423.l.168824.t.10,423.p.40065,Michael Mayer,TE,2.4
8,423.l.168824.t.10,423.p.28654,Raheem Mostert,RB,10.6
8,423.l.168824.t.10,423.p.32696,Jordan Love,QB,15.56
8,423.l.168824.t.10,423.p.32685,Jerry Jeudy,WR,12.0
8,423.l.168824.t.10,423.p.34054,Brian Robinson Jr.,RB,8.9
8,423.l.168824.t.10,423.p.32798,Gabe Davis,WR,19.2
8,423.l.168824.t.10,423.p.31127,Tyler Conklin,TE,0.0
8,423.l.168824.t.10,423.p.25718,Ryan Tannehill,QB,0.0
8,423.l.168824.t.10,423.p.30426,Younghoe Koo,K,12.0
8,423.l.168824.t.10,423.p.100008,Lions,DEF,12.0
8,423.l.168824.t.10,423.p.100027,Buccaneers,DEF,4.0
8,423.l.168824.t.5,423.p.31002,Lamar Jackson,QB,11.98
8,423.l.168824.t.5,423.p.26699,Keenan Allen,WR,10.9
8,423.l.168824.t.5,423.p.33465,Joshua Palmer,WR,3.9
8,423.l.168824.t.5,423.p.40162,Roschon Johnson,RB,4.6
8,423.l.168824.t.5,423.p.31902,Darrell Henderson Jr.,RB,10.0
8,423.l.168824.t.5,423.p.30213,Jonnu Smith,TE,1.8
8,423.l.168824.t.5,423.p.40126,Josh Downs,WR,10.7
8,423.l.168824.t.5,423.p.25812,Kirk Cousins,QB,19.86
8,423.l.168824.t.5,423.p.33582,Elijah Mitchell,RB,0.2
8,423.l.168824.t.5,423.p.30227,Samaje Perine,RB,3.1
8,423.l.168824.t.5,423.p.40075,Zach Charbonnet,RB,7.4
8,423.l.168824.t.5,423.p.32692,Justin Jefferson,WR,0.0
8,423.l.168824.t.5,423.p.30150,Zay Jones,WR,0.0
8,423.l.168824.t.5,423.p.40041,Jaxon Smith-Njigba,WR,11.1
8,423.l.168824.t.5,423.p.34344,Cameron Dicker,K,16.0
8,423.l.168824.t.5,423.p.100034,Texans,DEF,7.0
8,423.l.168824.t.8,423.p.34218,Brock Purdy,QB,20.3
8,423.l.168824.t.8,423.p.30996,Calvin Ridley,WR,11.3
8,423.l.168824.t.8,423.p.26650,DeAndre Hopkins,WR,32.8
8,423.l.168824.t.8,423.p.34063,Dameon Pierce,RB,4.6
8,423.l.168824.t.8,423.p.29279,Derrick Henry,RB,14.2
8,423.l.168824.t.8,423.p.31012,Mike Gesicki,TE,2.1
8,423.l.168824.t.8,423.p.27540,Odell Beckham Jr.,WR,0.0
8,423.l.168824.t.8,423.p.32675,Tua Tagovailoa,QB,22.76
8,423.l.168824.t.8,423.p.31051,Michael Gallup,WR,3.0
8,423.l.168824.t.8,423.p.31180,Braxton Berrios,WR,1.8
8,423.l.168824.t.8,423.p.40118,De'Von Achane,RB,0.0
8,423.l.168824.t.8,423.p.30125,Deshaun Watson,QB,0.0
8,423.l.168824.t.8,423.p.33390,Zach Wilson,QB,12.1
8,423.l.168824.t.8,423.p.33408,Kadarius Toney,WR,0.6
8,423.l.168824.t.8,423.p.40296,Blake Grupe,K,8.0
8,423.l.168824.t.8,423.p.100015,Dolphins,DEF,6.0
8,423.l.168824.t.1,423.p.29235,Jared Goff,QB,13.68
8,423.l.168824.t.1,423.p.28534,Stefon Diggs,WR,11.5
8,423.l.168824.t.1,423.p.33500,Amon-Ra St. Brown,WR,13.8
8,423.l.168824.t.1,423.p.31856,Josh Jacobs,RB,15.8
8,423.l.168824.t.1,423.p.32705,D'Andre Swift,RB,13.4
8,423.l.168824.t.1,423.p.28592,Darren Waller,TE,0.9
8,423.l.168824.t.1,423.p.33477,Nico Collins,WR,5.0
8,423.l.168824.t.1,423.p.31857,Hollywood Brown,WR,12.3
8,423.l.168824.t.1,423.p.33998,Wan'Dale Robinson,WR,1.7
8,423.l.168824.t.1,423.p.30230,Josh Reynolds,WR,-0.2
8,423.l.168824.t.1,423.p.34107,Tyler Allgeier,RB,3.1
8,423.l.168824.t.1,423.p.28839,Taylor Heinicke,QB,12.4
8,423.l.168824.t.1,423.p.27560,Teddy Bridgewater,QB,0.0
8,423.l.168824.t.1,423.p.31888,Mecole Hardman Jr.,WR,0.6
8,423.l.168824.t.1,423.p.40819,Brandon Aubrey,K,13.0
8,423.l.168824.t.1,423.p.100023,Steelers,DEF,10.0
8,423.l.168824.t.4,423.p.30123,Patrick Mahomes,QB,7.6
8,423.l.168824.t.4,423.p.34088,Romeo Doubs,WR,9.8
8,423.l.168824.t.4,423.p.33393,Ja'Marr Chase,WR,20.2
8,423.l.168824.t.4,423.p.31885,Miles Sanders,RB,0.0
8,423.l.168824.t.4,423.p.32596,Craig Reynolds,RB,7.1
8,423.l.168824.t.4,423.p.27648,Logan Thomas,TE,13.4
8,423.l.168824.t.4,423.p.29288,Tyler Boyd,WR,12.1
8,423.l.168824.t.4,423.p.29369,Dak Prescott,QB,29.06
8,423.l.168824.t.4,423.p.31905,David Montgomery,RB,0.0
8,423.l.168824.t.4,423.p.31394,Jeff Wilson Jr.,RB,4.7
8,423.l.168824.t.4,423.p.33971,Jahan Dotson,WR,20.8
8,423.l.168824.t.4,423.p.32702,Clyde Edwards-Helaire,RB,0.4
8,423.l.168824.t.4,423.p.40641,Keaton Mitchell,RB,0.0
8,423.l.168824.t.4,423.p.30538,P.J. Walker,QB,12.62
8,423.l.168824.t.4,423.p.31538,Greg Joseph,K,6.0
8,423.l.168824.t.4,423.p.100019,Giants,DEF,12.0
8,423.l.168824.t.12,423.p.24967,Tyrod Taylor,QB,3.62
8,423.l.168824.t.12,423.p.33966,Chris Olave,WR,7.1
8,423.l.168824.t.12,423.p.31017,Christian Kirk,WR,6.6
8,423.l.168824.t.12,423.p.31934,Alexander Mattison,RB,3.8
8,423.l.168824.t.12,423.p.40059,Jahmyr Gibbs,RB,27.4
8,423.l.168824.t.12,423.p.33392,Kyle Pitts Sr.,TE,5.0
8,423.l.168824.t.12,423.p.30994,DJ Moore,WR,7.5
8,423.l.168824.t.12,423.p.33422,Elijah Moore,WR,4.0
8,423.l.168824.t.12,423.p.32756,Zack Moss,RB,13.9
8,423.l.168824.t.12,423.p.31838,Daniel Jones,QB,0.0
8,423.l.168824.t.12,423.p.33605,Khalil Herbert,RB,0.0
8,423.l.168824.t.12,423.p.27548,Brandin Cooks,WR,12.7
8,423.l.168824.t.12,423.p.32003,Darius Slayton,WR,0.4
8,423.l.168824.t.12,423.p.31641,Brandon Powell,WR,1.7
8,423.l.168824.t.12,423.p.33537,Evan McPherson,K,9.0
8,423.l.168824.t.12,423.p.100002,Bills,DEF,6.0
8,423.l.168824.t.11,423.p.33389,Trevor Lawrence,QB,15.68
8,423.l.168824.t.11,423.p.33963,Drake London,WR,8.0
8,423.l.168824.t.11,423.p.30551,Kendrick Bourne,WR,11.1
8,423.l.168824.t.11,423.p.30972,Saquon Barkley,RB,14.3
8,423.l.168824.t.11,423.p.30423,Austin Ekeler,RB,19.8
8,423.l.168824.t.11,423.p.30136,Evan Engram,TE,11.8
8,423.l.168824.t.11,423.p.40084,Rashee Rice,WR,7.6
8,423.l.168824.t.11,423.p.40504,Tyson Bagent,QB,13.18
8,423.l.168824.t.11,423.p.40063,Jayden Reed,WR,10.3
8,423.l.168824.t.11,423.p.40090,Marvin Mims Jr.,WR,0.5
8,423.l.168824.t.11,423.p.30973,Sam Darnold,QB,0.0
8,423.l.168824.t.11,423.p.31141,Mike White,QB,0.0
8,423.l.168824.t.11,423.p.40188,Clayton Tune,QB,0.0
8,423.l.168824.t.11,423.p.33265,Salvon Ahmed,RB,3.7
8,423.l.168824.t.11,423.p.33781,Riley Patterson,K,17.0
8,423.l.168824.t.11,423.p.100018,Saints,DEF,4.0
8,423.l.168824.t.16,423.p.26662,Geno Smith,QB,15.86
8,423.l.168824.t.16,423.p.40039,Zay Flowers,WR,4.4
8,423.l.168824.t.16,423.p.33965,Garrett Wilson,WR,14.1
8,423.l.168824.t.16,423.p.30202,D'Onta Foreman,RB,4.1
8,423.l.168824.t.16,423.p.30199,Kareem Hunt,RB,13.2
8,423.l.168824.t.16,423.p.40048,Dalton Kincaid,TE,15.0
8,423.l.168824.t.16,423.p.28457,Tyler Lockett,WR,18.1
8,423.l.168824.t.16,423.p.32010,Gardner Minshew,QB,15.82
8,423.l.168824.t.16,423.p.32713,Cole Kmet,TE,12.9
8,423.l.168824.t.16,423.p.26804,Latavius Murray,RB,1.6
8,423.l.168824.t.16,423.p.31868,Deebo Samuel,WR,0.0
8,423.l.168824.t.16,423.p.33445,Tutu Atwell,WR,5.9
8,423.l.168824.t.16,423.p.34042,Malik Willis,QB,-1.6
8,423.l.168824.t.16,423.p.40068,Will Levis,QB,26.62
8,423.l.168824.t.16,423.p.31199,Jason Sanders,K,7.0
8,423.l.168824.t.16,423.p.100025,49ers,DEF,4.0
8,423.l.168824.t.7,423.p.27590,Jimmy Garoppolo,QB,5.24
8,423.l.168824.t.7,423.p.31883,A.J. Brown,WR,29.0
8,423.l.168824.t.7,423.p.31896,DK Metcalf,WR,9.2
8,423.l.168824.t.7,423.p.40055,Bijan Robinson,RB,12.2
8,423.l.168824.t.7,423.p.33514,Chuba Hubbard,RB,6.4
8,423.l.168824.t.7,423.p.31019,Dallas Goedert,TE,5.6
8,423.l.168824.t.7,423.p.30247,Jamaal Williams,RB,4.3
8,423.l.168824.t.7,423.p.31424,Gus Edwards,RB,28.4
8,423.l.168824.t.7,423.p.29238,Ezekiel Elliott,RB,3.6
8,423.l.168824.t.7,423.p.33538,Kenneth Gainwell,RB,3.1
8,423.l.168824.t.7,423.p.33967,Jameson Williams,WR,2.6
8,423.l.168824.t.7,423.p.33399,Justin Fields,QB,0.0
8,423.l.168824.t.7,423.p.31945,Justice Hill,RB,7.5
8,423.l.168824.t.7,423.p.29435,Brandon Allen,QB,0.0
8,423.l.168824.t.7,423.p.30266,Jake Elliott,K,10.0
8,423.l.168824.t.7,423.p.100001,Falcons,DEF,3.0
8,423.l.168824.t.6,423.p.33975,Kenny Pickett,QB,3.92
8,423.l.168824.t.6,423.p.33398,DeVonta Smith,WR,19.4
8,423.l.168824.t.6,423.p.32846,K.J. Osborn,WR,13.9
8,423.l.168824.t.6,423.p.33423,Javonte Williams,RB,17.3
8,423.l.168824.t.6,423.p.33412,Najee Harris,RB,8.0
8,423.l.168824.t.6,423.p.26686,Travis Kelce,TE,8.8
8,423.l.168824.t.6,423.p.31898,Diontae Johnson,WR,12.5
8,423.l.168824.t.6,423.p.27564,Derek Carr,QB,18.3
8,423.l.168824.t.6,423.p.27624,Jerick McKinnon,RB,1.3
8,423.l.168824.t.6,423.p.34085,Jake Ferguson,TE,12.7
8,423.l.168824.t.6,423.p.33100,Rico Dowdle,RB,3.5
8,423.l.168824.t.6,423.p.24793,Julio Jones,WR,7.3
8,423.l.168824.t.6,423.p.28408,Nelson Agholor,WR,0.0
8,423.l.168824.t.6,423.p.28390,Marcus Mariota,QB,0.0
8,423.l.168824.t.6,423.p.32858,Tyler Bass,K,6.0
8,423.l.168824.t.6,423.p.100020,Jets,DEF,8.0
8,423.l.168824.t.13,423.p.28389,Jameis Winston,QB,0.0
8,423.l.168824.t.13,423.p.29399,Tyreek Hill,WR,21.2
8,423.l.168824.t.13,423.p.30153,Curtis Samuel,WR,4.2
8,423.l.168824.t.13,423.p.32711,Jonathan Taylor,RB,10.2
8,423.l.168824.t.13,423.p.33991,Breece Hall,RB,18.3
8,423.l.168824.t.13,423.p.31107,Dalton Schultz,TE,1.5
8,423.l.168824.t.13,423.p.30182,Cooper Kupp,WR,4.1
8,423.l.168824.t.13,423.p.34007,George Pickens,WR,8.7
8,423.l.168824.t.13,423.p.26658,Zach Ertz,TE,0.0
8,423.l.168824.t.13,423.p.34320,Jordan Mason,RB,0.0
8,423.l.168824.t.13,423.p.31031,DJ Chark,WR,3.3
8,423.l.168824.t.13,423.p.31932,Will Grier,QB,0.0
8,423.l.168824.t.13,423.p.30788,Cooper Rush,QB,-0.18
8,423.l.168824.t.13,423.p.32782,Joshua Kelley,RB,2.1
8,423.l.168824.t.13,423.p.27120,Brandon McManus,K,16.0
8,423.l.168824.t.13,423.p.100012,Chiefs,DEF,10.0
8,423.l.168824.t.3,423.p.32671,Joe Burrow,QB,27.62
8,423.l.168824.t.3,423.p.31908,Terry McLaurin,WR,14.8
8,423.l.168824.t.3,423.p.31010,Courtland Sutton,WR,9.9
8,423.l.168824.t.3,423.p.34207,Isiah Pacheco,RB,5.2
8,423.l.168824.t.3,423.p.40119,Tyjae Spears,RB,5.1
8,423.l.168824.t.3,423.p.31056,Mark Andrews,TE,12.0
8,423.l.168824.t.3,423.p.32722,Cam Akers,RB,9.0
8,423.l.168824.t.3,423.p.40030,C.J. Stroud,QB,12.9
8,423.l.168824.t.3,423.p.29281,Michael Thomas,WR,8.8
8,423.l.168824.t.3,423.p.31041,Royce Freeman,RB,10.4
8,423.l.168824.t.3,423.p.40029,Bryce Young,QB,14.5
8,423.l.168824.t.3,423.p.34083,Pierre Strong Jr.,RB,8.7
8,423.l.168824.t.3,423.p.31906,Devin Singletary,RB,5.3
8,423.l.168824.t.3,423.p.40452,Jake Bobo,WR,9.6
8,423.l.168824.t.3,423.p.40129,Jake Moody,K,5.0
8,423.l.168824.t.3,423.p.100024,Chargers,DEF,9.0
9,423.l.168824.t.15,423.p.9265,Matthew Stafford,QB,0.0
9,423.l.168824.t.15,423.p.27535,Mike Evans,WR,10.7
9,423.l.168824.t.15,423.p.40073,Jonathan Mingo,WR,1.0
9,423.l.168824.t.15,423.p.33508,Rhamondre Stevenson,RB,20.9
9,423.l.168824.t.15,423.p.40430,Emari Demercado,RB,0.0
9,423.l.168824.t.15,423.p.30259,George Kittle,TE,0.0
9,423.l.168824.t.15,423.p.32704,Michael Pittman Jr.,WR,10.4
9,423.l.168824.t.15,423.p.32732,A.J. Dillon,RB,4.8
9,423.l.168824.t.15,423.p.34030,Desmond Ridder,QB,0.0
9,423.l.168824.t.15,423.p.32695,Brandon Aiyuk,WR,0.0
9,423.l.168824.t.15,423.p.31833,Kyler Murray,QB,0.0
9,423.l.168824.t.15,423.p.40064,Sam LaPorta,TE,0.0
9,423.l.168824.t.15,423.p.30218,James Conner,RB,0.0
9,423.l.168824.t.15,423.p.24822,Andy Dalton,QB,0.0
9,423.l.168824.t.15,423.p.26800,Dustin Hopkins,K,10.0
9,423.l.168824.t.15,423.p.100021,Eagles,DEF,7.0
9,423.l.168824.t.14,423.p.32676,Justin Herbert,QB,7.14
9,423.l.168824.t.14,423.p.40168,Puka Nacua,WR,4.7
9,423.l.168824.t.14,423.p.28392,Amari Cooper,WR,22.4
9,423.l.168824.t.14,423.p.30180,Alvin Kamara,RB,9.0
9,423.l.168824.t.14,423.p.30295,Aaron Jones Sr.,RB,15.9
9,423.l.168824.t.14,423.p.30142,David Njoku,TE,10.6
9,423.l.168824.t.14,423.p.32703,Tee Higgins,WR,15.0
9,423.l.168824.t.14,423.p.33403,Mac Jones,QB,12.1
9,423.l.168824.t.14,423.p.34100,Sam Howell,QB,18.7
9,423.l.168824.t.14,423.p.34047,Rachaad White,RB,25.9
9,423.l.168824.t.14,423.p.40097,Tank Dell,WR,26.6
9,423.l.168824.t.14,423.p.32736,Antonio Gibson,RB,10.1
9,423.l.168824.t.14,423.p.32857,Donovan Peoples-Jones,WR,0.0
9,423.l.168824.t.14,423.p.31965,Jarrett Stidham,QB,0.0
9,423.l.168824.t.14,423.p.30346,Harrison Butker,K,3.0
9,423.l.168824.t.14,423.p.100005,Browns,DEF,23.0
9,423.l.168824.t.9,423.p.30977,Josh Allen,QB,25.72
9,423.l.168824.t.9,423.p.27581,Davante Adams,WR,5.4
9,423.l.168824.t.9,423.p.27277,Adam Thielen,WR,5.4
9,423.l.168824.t.9,423.p.34019,James Cook III,RB,5.9
9,423.l.168824.t.9,423.p.30552,Matt Breida,RB,1.6
9,423.l.168824.t.9,423.p.29344,Tyler Higbee,TE,0.0
9,423.l.168824.t.9,423.p.34447,Jaylen Warren,RB,12.8
9,423.l.168824.t.9,423.p.30248,Joshua Dobbs,QB,24.92
9,423.l.168824.t.9,423.p.30121,Christian McCaffrey,RB,0.0
9,423.l.168824.t.9,423.p.32231,Jakobi Meyers,WR,12.5
9,423.l.168824.t.9,423.p.34120,Kyren Williams,RB,0.0
9,423.l.168824.t.9,423.p.32843,Darnell Mooney,WR,10.7
9,423.l.168824.t.9,423.p.34659,Rashid Shaheed,WR,3.7
9,423.l.168824.t.9,423.p.9526,Graham Gano,K,0.0
9,423.l.168824.t.9,423.p.100033,Ravens,DEF,16.0
9,423.l.168824.t.9,423.p.100006,Cowboys,DEF,2.0
9,423.l.168824.t.2,423.p.32723,Jalen Hurts,QB,25.88
9,423.l.168824.t.2,423.p.40042,Jordan Addison,WR,7.7
9,423.l.168824.t.2,423.p.32687,CeeDee Lamb,WR,22.6
9,423.l.168824.t.2,423.p.33996,Kenneth Walker III,RB,2.2
9,423.l.168824.t.2,423.p.31960,Tony Pollard,RB,7.8
9,423.l.168824.t.2,423.p.31840,T.J. Hockenson,TE,10.4
9,423.l.168824.t.2,423.p.30197,Chris Godwin Jr.,WR,2.6
9,423.l.168824.t.2,423.p.30971,Baker Mayfield,QB,19.0
9,423.l.168824.t.2,423.p.30614,Taysom Hill,TE,18.62
9,423.l.168824.t.2,423.p.40696,Jaleel McLaughlin,RB,0.0
9,423.l.168824.t.2,423.p.34112,Jerome Ford,RB,10.2
9,423.l.168824.t.2,423.p.29269,Hunter Henry,TE,11.9
9,423.l.168824.t.2,423.p.33452,Kyle Trask,QB,0.0
9,423.l.168824.t.2,423.p.26534,Justin Tucker,K,14.0
9,423.l.168824.t.2,423.p.100016,Vikings,DEF,5.0
9,423.l.168824.t.2,423.p.100030,Jaguars,DEF,0.0
9,423.l.168824.t.10,423.p.32696,Jordan Love,QB,13.82
9,423.l.168824.t.10,423.p.33394,Jaylen Waddle,WR,6.9
9,423.l.168824.t.10,423.p.33989,Christian Watson,WR,4.2
9,423.l.168824.t.10,423.p.30161,Joe Mixon,RB,15.3
9,423.l.168824.t.10,423.p.34054,Brian Robinson Jr.,RB,11.2
9,423.l.168824.t.10,423.p.32456,Donald Parham Jr.,TE,0.0
9,423.l.168824.t.10,423.p.28654,Raheem Mostert,RB,14.5
9,423.l.168824.t.10,423.p.32798,Gabe Davis,WR,0.0
9,423.l.168824.t.10,423.p.25785,Russell Wilson,QB,0.0
9,423.l.168824.t.10,423.p.33413,Travis Etienne Jr.,RB,0.0
9,423.l.168824.t.10,423.p.32685,Jerry Jeudy,WR,0.0
9,423.l.168824.t.10,423.p.31127,Tyler Conklin,TE,9.6
9,423.l.168824.t.10,423.p.25718,Ryan Tannehill,QB,0.0
9,423.l.168824.t.10,423.p.30426,Younghoe Koo,K,19.0
9,423.l.168824.t.10,423.p.100027,Buccaneers,DEF,1.0
9,423.l.168824.t.10,423.p.100008,Lions,DEF,0.0
9,423.l.168824.t.5,423.p.40030,C.J. Stroud,QB,41.8
9,423.l.168824.t.5,423.p.26699,Keenan Allen,WR,11.7
9,423.l.168824.t.5,423.p.40126,Josh Downs,WR,1.5
9,423.l.168824.t.5,423.p.40162,Roschon Johnson,RB,2.0
9,423.l.168824.t.5,423.p.31902,Darrell Henderson Jr.,RB,4.5
9,423.l.168824.t.5,423.p.34010,Trey McBride,TE,3.7
9,423.l.168824.t.5,423.p.40075,Zach Charbonnet,RB,1.8
9,423.l.168824.t.5,423.p.40029,Bryce Young,QB,12.02
9,423.l.168824.t.5,423.p.32722,Cam Akers,RB,5.3
9,423.l.168824.t.5,423.p.33465,Joshua Palmer,WR,0.0
9,423.l.168824.t.5,423.p.30227,Samaje Perine,RB,0.0
9,423.l.168824.t.5,423.p.32692,Justin Jefferson,WR,0.0
9,423.l.168824.t.5,423.p.30150,Zay Jones,WR,0.0
9,423.l.168824.t.5,423.p.32201,Jalen Guyton,WR,0.0
9,423.l.168824.t.5,423.p.34344,Cameron Dicker,K,11.0
9,423.l.168824.t.5,423.p.100034,Texans,DEF,0.0
9,423.l.168824.t.8,423.p.30125,Deshaun Watson,QB,18.96
9,423.l.168824.t.8,423.p.26650,DeAndre Hopkins,WR,8.5
9,423.l.168824.t.8,423.p.31051,Michael Gallup,WR,2.9
9,423.l.168824.t.8,423.p.29279,Derrick Henry,RB,17.7
9,423.l.168824.t.8,423.p.31104,Chase Edmonds,RB,-0.1
9,423.l.168824.t.8,423.p.31012,Mike Gesicki,TE,0.0
9,423.l.168824.t.8,423.p.27540,Odell Beckham Jr.,WR,12.1
9,423.l.168824.t.8,423.p.32675,Tua Tagovailoa,QB,12.42
9,423.l.168824.t.8,423.p.33390,Zach Wilson,QB,7.22
9,423.l.168824.t.8,423.p.34063,Dameon Pierce,RB,0.0
9,423.l.168824.t.8,423.p.30996,Calvin Ridley,WR,0.0
9,423.l.168824.t.8,423.p.34218,Brock Purdy,QB,0.0
9,423.l.168824.t.8,423.p.31180,Braxton Berrios,WR,0.0
9,423.l.168824.t.8,423.p.40118,De'Von Achane,RB,0.0
9,423.l.168824.t.8,423.p.40296,Blake Grupe,K,8.0
9,423.l.168824.t.8,423.p.100015,Dolphins,DEF,5.0
9,423.l.168824.t.1,423.p.28839,Taylor Heinicke,QB,15.72
9,423.l.168824.t.1,423.p.28534,Stefon Diggs,WR,19.6
9,423.l.168824.t.1,423.p.31857,Hollywood Brown,WR,4.4
9,423.l.168824.t.1,423.p.31856,Josh Jacobs,RB,21.8
9,423.l.168824.t.1,423.p.32705,D'Andre Swift,RB,8.4
9,423.l.168824.t.1,423.p.30157,Gerald Everett,TE,2.8
9,423.l.168824.t.1,423.p.33477,Nico Collins,WR,12.9
9,423.l.168824.t.1,423.p.34107,Tyler Allgeier,RB,10.0
9,423.l.168824.t.1,423.p.28592,Darren Waller,TE,0.0
9,423.l.168824.t.1,423.p.33500,Amon-Ra St. Brown,WR,0.0
9,423.l.168824.t.1,423.p.29235,Jared Goff,QB,0.0
9,423.l.168824.t.1,423.p.33998,Wan'Dale Robinson,WR,11.5
9,423.l.168824.t.1,423.p.30230,Josh Reynolds,WR,0.0
9,423.l.168824.t.1,423.p.27560,Teddy Bridgewater,QB,0.0
9,423.l.168824.t.1,423.p.40819,Brandon Aubrey,K,7.0
9,423.l.168824.t.1,423.p.100023,Steelers,DEF,7.0
9,423.l.168824.t.4,423.p.30123,Patrick Mahomes,QB,15.8
9,423.l.168824.t.4,423.p.34088,Romeo Doubs,WR,5.1
9,423.l.168824.t.4,423.p.33393,Ja'Marr Chase,WR,6.1
9,423.l.168824.t.4,423.p.31885,Miles Sanders,RB,7.6
9,423.l.168824.t.4,423.p.33114,Tony Jones,RB,1.7
9,423.l.168824.t.4,423.p.27648,Logan Thomas,TE,5.1
9,423.l.168824.t.4,423.p.29288,Tyler Boyd,WR,7.1
9,423.l.168824.t.4,423.p.29369,Dak Prescott,QB,28.36
9,423.l.168824.t.4,423.p.40641,Keaton Mitchell,RB,19.9
9,423.l.168824.t.4,423.p.32596,Craig Reynolds,RB,0.0
9,423.l.168824.t.4,423.p.31905,David Montgomery,RB,0.0
9,423.l.168824.t.4,423.p.31394,Jeff Wilson Jr.,RB,5.3
9,423.l.168824.t.4,423.p.33971,Jahan Dotson,WR,14.9
9,423.l.168824.t.4,423.p.32702,Clyde Edwards-Helaire,RB,0.0
9,423.l.168824.t.4,423.p.31538,Greg Joseph,K,11.0
9,423.l.168824.t.4,423.p.100019,Giants,DEF,-1.0
9,423.l.168824.t.12,423.p.31838,Daniel Jones,QB,1.9
9,423.l.168824.t.12,423.p.33966,Chris Olave,WR,13.6
9,423.l.168824.t.12,423.p.30994,DJ Moore,WR,3.9
9,423.l.168824.t.12,423.p.31934,Alexander Mattison,RB,16.3
9,423.l.168824.t.12,423.p.32756,Zack Moss,RB,2.6
9,423.l.168824.t.12,423.p.33392,Kyle Pitts Sr.,TE,7.6
9,423.l.168824.t.12,423.p.27548,Brandin Cooks,WR,1.2
9,423.l.168824.t.12,423.p.40138,Aidan O'Connell,QB,8.36
9,423.l.168824.t.12,423.p.33422,Elijah Moore,WR,2.4
9,423.l.168824.t.12,423.p.40222,DeMario Douglas,WR,8.0
9,423.l.168824.t.12,423.p.31017,Christian Kirk,WR,0.0
9,423.l.168824.t.12,423.p.40059,Jahmyr Gibbs,RB,0.0
9,423.l.168824.t.12,423.p.33605,Khalil Herbert,RB,0.0
9,423.l.168824.t.12,423.p.32003,Darius Slayton,WR,7.9
9,423.l.168824.t.12,423.p.33537,Evan McPherson,K,6.0
9,423.l.168824.t.12,423.p.100002,Bills,DEF,1.0
9,423.l.168824.t.11,423.p.40188,Clayton Tune,QB,1.12
9,423.l.168824.t.11,423.p.40063,Jayden Reed,WR,5.5
9,423.l.168824.t.11,423.p.40084,Rashee Rice,WR,8.7
9,423.l.168824.t.11,423.p.30972,Saquon Barkley,RB,12.8
9,423.l.168824.t.11,423.p.30423,Austin Ekeler,RB,20.0
9,423.l.168824.t.11,423.p.40074,Luke Musgrave,TE,12.6
9,423.l.168824.t.11,423.p.33963,Drake London,WR,0.0
9,423.l.168824.t.11,423.p.40504,Tyson Bagent,QB,18.8
9,423.l.168824.t.11,423.p.30136,Evan Engram,TE,0.0
9,423.l.168824.t.11,423.p.33389,Trevor Lawrence,QB,0.0
9,423.l.168824.t.11,423.p.40090,Marvin Mims Jr.,WR,0.0
9,423.l.168824.t.11,423.p.30973,Sam Darnold,QB,0.0
9,423.l.168824.t.11,423.p.31141,Mike White,QB,0.0
9,423.l.168824.t.11,423.p.32221,Brett Rypien,QB,4.1
9,423.l.168824.t.11,423.p.31977,Matt Gay,K,11.0
9,423.l.168824.t.11,423.p.100018,Saints,DEF,13.0
9,423.l.168824.t.16,423.p.26662,Geno Smith,QB,3.68
9,423.l.168824.t.16,423.p.40039,Zay Flowers,WR,1.6
9,423.l.168824.t.16,423.p.33965,Garrett Wilson,WR,9.5
9,423.l.168824.t.16,423.p.30199,Kareem Hunt,RB,9.8
9,423.l.168824.t.16,423.p.34157,Keaontay Ingram,RB,0.8
9,423.l.168824.t.16,423.p.40048,Dalton Kincaid,TE,11.1
9,423.l.168824.t.16,423.p.28457,Tyler Lockett,WR,4.7
9,423.l.168824.t.16,423.p.32010,Gardner Minshew,QB,9.58
9,423.l.168824.t.16,423.p.30202,D'Onta Foreman,RB,8.3
9,423.l.168824.t.16,423.p.32713,Cole Kmet,TE,20.5
9,423.l.168824.t.16,423.p.31868,Deebo Samuel,WR,0.0
9,423.l.168824.t.16,423.p.40068,Will Levis,QB,9.68
9,423.l.168824.t.16,423.p.30117,Leonard Fournette,RB,0.0
9,423.l.168824.t.16,423.p.31199,Jason Sanders,K,2.0
9,423.l.168824.t.16,423.p.100014,Rams,DEF,9.0
9,423.l.168824.t.16,423.p.100025,49ers,DEF,0.0
9,423.l.168824.t.7,423.p.40185,Jaren Hall,QB,4.22
9,423.l.168824.t.7,423.p.31883,A.J. Brown,WR,16.1
9,423.l.168824.t.7,423.p.31896,DK Metcalf,WR,5.5
9,423.l.168824.t.7,423.p.40055,Bijan Robinson,RB,4.9
9,423.l.168824.t.7,423.p.31424,Gus Edwards,RB,17.2
9,423.l.168824.t.7,423.p.31019,Dallas Goedert,TE,6.5
9,423.l.168824.t.7,423.p.29238,Ezekiel Elliott,RB,4.7
9,423.l.168824.t.7,423.p.33538,Kenneth Gainwell,RB,8.8
9,423.l.168824.t.7,423.p.33514,Chuba Hubbard,RB,8.7
9,423.l.168824.t.7,423.p.27590,Jimmy Garoppolo,QB,0.0
9,423.l.168824.t.7,423.p.30247,Jamaal Williams,RB,2.2
9,423.l.168824.t.7,423.p.33399,Justin Fields,QB,0.0
9,423.l.168824.t.7,423.p.31945,Justice Hill,RB,4.0
9,423.l.168824.t.7,423.p.30563,Nick Mullens,QB,0.0
9,423.l.168824.t.7,423.p.30266,Jake Elliott,K,4.0
9,423.l.168824.t.7,423.p.100001,Falcons,DEF,9.0
9,423.l.168824.t.6,423.p.33975,Kenny Pickett,QB,10.3
9,423.l.168824.t.6,423.p.33398,DeVonta Smith,WR,12.6
9,423.l.168824.t.6,423.p.32846,K.J. Osborn,WR,2.7
9,423.l.168824.t.6,423.p.33412,Najee Harris,RB,14.6
9,423.l.168824.t.6,423.p.27624,Jerick McKinnon,RB,9.4
9,423.l.168824.t.6,423.p.26686,Travis Kelce,TE,2.9
9,423.l.168824.t.6,423.p.31898,Diontae Johnson,WR,18.5
9,423.l.168824.t.6,423.p.27564,Derek Carr,QB,16.74
9,423.l.168824.t.6,423.p.33423,Javonte Williams,RB,0.0
9,423.l.168824.t.6,423.p.34085,Jake Ferguson,TE,18.6
9,423.l.168824.t.6,423.p.33100,Rico Dowdle,RB,0.8
9,423.l.168824.t.6,423.p.24793,Julio Jones,WR,0.0
9,423.l.168824.t.6,423.p.28408,Nelson Agholor,WR,0.7
9,423.l.168824.t.6,423.p.28390,Marcus Mariota,QB,0.0
9,423.l.168824.t.6,423.p.32858,Tyler Bass,K,4.0
9,423.l.168824.t.6,423.p.100020,Jets,DEF,5.0
9,423.l.168824.t.13,423.p.28389,Jameis Winston,QB,0.0
9,423.l.168824.t.13,423.p.29399,Tyreek Hill,WR,8.5
9,423.l.168824.t.13,423.p.31031,DJ Chark,WR,7.9
9,423.l.168824.t.13,423.p.32711,Jonathan Taylor,RB,15.4
9,423.l.168824.t.13,423.p.33991,Breece Hall,RB,8.0
9,423.l.168824.t.13,423.p.31107,Dalton Schultz,TE,22.0
9,423.l.168824.t.13,423.p.30182,Cooper Kupp,WR,5.8
9,423.l.168824.t.13,423.p.34007,George Pickens,WR,0.9
9,423.l.168824.t.13,423.p.30153,Curtis Samuel,WR,0.0
9,423.l.168824.t.13,423.p.26658,Zach Ertz,TE,0.0
9,423.l.168824.t.13,423.p.34320,Jordan Mason,RB,0.0
9,423.l.168824.t.13,423.p.30788,Cooper Rush,QB,0.0
9,423.l.168824.t.13,423.p.32782,Joshua Kelley,RB,2.7
9,423.l.168824.t.13,423.p.30115,Mitchell Trubisky,QB,0.0
9,423.l.168824.t.13,423.p.25881,Greg Zuerlein,K,8.0
9,423.l.168824.t.13,423.p.100012,Chiefs,DEF,12.0
9,423.l.168824.t.3,423.p.32671,Joe Burrow,QB,22.32
9,423.l.168824.t.3,423.p.31908,Terry McLaurin,WR,9.8
9,423.l.168824.t.3,423.p.29281,Michael Thomas,WR,0.0
9,423.l.168824.t.3,423.p.34207,Isiah Pacheco,RB,6.6
9,423.l.168824.t.3,423.p.40119,Tyjae Spears,RB,4.2
9,423.l.168824.t.3,423.p.31056,Mark Andrews,TE,12.5
9,423.l.168824.t.3,423.p.40041,Jaxon Smith-Njigba,WR,9.3
9,423.l.168824.t.3,423.p.31002,Lamar Jackson,QB,11.48
9,423.l.168824.t.3,423.p.31906,Devin Singletary,RB,3.6
9,423.l.168824.t.3,423.p.31010,Courtland Sutton,WR,0.0
9,423.l.168824.t.3,423.p.31041,Royce Freeman,RB,3.2
9,423.l.168824.t.3,423.p.34083,Pierre Strong Jr.,RB,0.7
9,423.l.168824.t.3,423.p.40452,Jake Bobo,WR,0.0
9,423.l.168824.t.3,423.p.40051,Quentin Johnston,WR,2.6
9,423.l.168824.t.3,423.p.28378,Jason Myers,K,3.0
9,423.l.168824.t.3,423.p.100024,Chargers,DEF,28.0
10,423.l.168824.t.15,423.p.31833,Kyler Murray,QB,18.26
10,423.l.168824.t.15,423.p.27535,Mike Evans,WR,23.3
10,423.l.168824.t.15,423.p.32695,Brandon Aiyuk,WR,13.0
10,423.l.168824.t.15,423.p.33508,Rhamondre Stevenson,RB,11.7
10,423.l.168824.t.15,423.p.30218,James Conner,RB,7.3
10,423.l.168824.t.15,423.p.30259,George Kittle,TE,19.1
10,423.l.168824.t.15,423.p.32704,Michael Pittman Jr.,WR,12.4
10,423.l.168824.t.15,423.p.40064,Sam LaPorta,TE,6.0
10,423.l.168824.t.15,423.p.40430,Emari Demercado,RB,0.0
10,423.l.168824.t.15,423.p.32732,A.J. Dillon,RB,8.6
10,423.l.168824.t.15,423.p.9265,Matthew Stafford,QB,0.0
10,423.l.168824.t.15,423.p.34030,Desmond Ridder,QB,8.66
10,423.l.168824.t.15,423.p.24822,Andy Dalton,QB,0.0
10,423.l.168824.t.15,423.p.26800,Dustin Hopkins,K,14.0
10,423.l.168824.t.15,423.p.100003,Bears,DEF,7.0
10,423.l.168824.t.15,423.p.100021,Eagles,DEF,0.0
10,423.l.168824.t.14,423.p.32676,Justin Herbert,QB,29.42
10,423.l.168824.t.14,423.p.28392,Amari Cooper,WR,12.8
10,423.l.168824.t.14,423.p.40097,Tank Dell,WR,15.9
10,423.l.168824.t.14,423.p.30180,Alvin Kamara,RB,15.0
10,423.l.168824.t.14,423.p.30295,Aaron Jones Sr.,RB,7.4
10,423.l.168824.t.14,423.p.30142,David Njoku,TE,8.8
10,423.l.168824.t.14,423.p.34047,Rachaad White,RB,16.8
10,423.l.168824.t.14,423.p.34100,Sam Howell,QB,24.18
10,423.l.168824.t.14,423.p.32703,Tee Higgins,WR,0.0
10,423.l.168824.t.14,423.p.33403,Mac Jones,QB,8.3
10,423.l.168824.t.14,423.p.40168,Puka Nacua,WR,0.0
10,423.l.168824.t.14,423.p.32736,Antonio Gibson,RB,14.0
10,423.l.168824.t.14,423.p.31965,Jarrett Stidham,QB,0.0
10,423.l.168824.t.14,423.p.8565,Matt Prater,K,18.0
10,423.l.168824.t.14,423.p.30346,Harrison Butker,K,0.0
10,423.l.168824.t.14,423.p.100005,Browns,DEF,15.0
10,423.l.168824.t.9,423.p.30977,Josh Allen,QB,16.38
10,423.l.168824.t.9,423.p.27581,Davante Adams,WR,11.6
10,423.l.168824.t.9,423.p.27277,Adam Thielen,WR,7.2
10,423.l.168824.t.9,423.p.34019,James Cook III,RB,11.0
10,423.l.168824.t.9,423.p.30121,Christian McCaffrey,RB,17.2
10,423.l.168824.t.9,423.p.33515,Kylen Granson,TE,1.0
10,423.l.168824.t.9,423.p.32231,Jakobi Meyers,WR,3.1
10,423.l.168824.t.9,423.p.30248,Joshua Dobbs,QB,25.12
10,423.l.168824.t.9,423.p.29344,Tyler Higbee,TE,0.0
10,423.l.168824.t.9,423.p.34447,Jaylen Warren,RB,18.0
10,423.l.168824.t.9,423.p.34120,Kyren Williams,RB,0.0
10,423.l.168824.t.9,423.p.34659,Rashid Shaheed,WR,4.9
10,423.l.168824.t.9,423.p.32384,Joey Slye,K,10.0
10,423.l.168824.t.9,423.p.9526,Graham Gano,K,0.0
10,423.l.168824.t.9,423.p.100033,Ravens,DEF,14.0
10,423.l.168824.t.9,423.p.100006,Cowboys,DEF,8.0
10,423.l.168824.t.2,423.p.30971,Baker Mayfield,QB,19.32
10,423.l.168824.t.2,423.p.40042,Jordan Addison,WR,8.9
10,423.l.168824.t.2,423.p.32687,CeeDee Lamb,WR,34.0
10,423.l.168824.t.2,423.p.33996,Kenneth Walker III,RB,19.2
10,423.l.168824.t.2,423.p.31960,Tony Pollard,RB,5.5
10,423.l.168824.t.2,423.p.30614,Taysom Hill,TE,3.3
10,423.l.168824.t.2,423.p.30197,Chris Godwin Jr.,WR,7.4
10,423.l.168824.t.2,423.p.34112,Jerome Ford,RB,11.4
10,423.l.168824.t.2,423.p.31840,T.J. Hockenson,TE,24.9
10,423.l.168824.t.2,423.p.32723,Jalen Hurts,QB,0.0
10,423.l.168824.t.2,423.p.40696,Jaleel McLaughlin,RB,2.2
10,423.l.168824.t.2,423.p.29269,Hunter Henry,TE,3.6
10,423.l.168824.t.2,423.p.33452,Kyle Trask,QB,-0.1
10,423.l.168824.t.2,423.p.26534,Justin Tucker,K,7.0
10,423.l.168824.t.2,423.p.100016,Vikings,DEF,8.0
10,423.l.168824.t.2,423.p.100030,Jaguars,DEF,1.0
10,423.l.168824.t.10,423.p.32696,Jordan Love,QB,18.66
10,423.l.168824.t.10,423.p.32685,Jerry Jeudy,WR,5.0
10,423.l.168824.t.10,423.p.33989,Christian Watson,WR,3.3
10,423.l.168824.t.10,423.p.30161,Joe Mixon,RB,11.5
10,423.l.168824.t.10,423.p.34054,Brian Robinson Jr.,RB,24.7
10,423.l.168824.t.10,423.p.31127,Tyler Conklin,TE,10.5
10,423.l.168824.t.10,423.p.33413,Travis Etienne Jr.,RB,5.4
10,423.l.168824.t.10,423.p.25785,Russell Wilson,QB,18.72
10,423.l.168824.t.10,423.p.32798,Gabe Davis,WR,8.6
10,423.l.168824.t.10,423.p.28654,Raheem Mostert,RB,0.0
10,423.l.168824.t.10,423.p.33394,Jaylen Waddle,WR,0.0
10,423.l.168824.t.10,423.p.25718,Ryan Tannehill,QB,0.0
10,423.l.168824.t.10,423.p.33437,Rondale Moore,WR,6.8
10,423.l.168824.t.10,423.p.30426,Younghoe Koo,K,5.0
10,423.l.168824.t.10,423.p.100027,Buccaneers,DEF,14.0
10,423.l.168824.t.10,423.p.100008,Lions,DEF,-2.0
10,423.l.168824.t.5,423.p.40030,C.J. Stroud,QB,20.04
10,423.l.168824.t.5,423.p.26699,Keenan Allen,WR,35.0
10,423.l.168824.t.5,423.p.40126,Josh Downs,WR,5.0
10,423.l.168824.t.5,423.p.40162,Roschon Johnson,RB,5.2
10,423.l.168824.t.5,423.p.40075,Zach Charbonnet,RB,8.2
10,423.l.168824.t.5,423.p.34010,Trey McBride,TE,17.1
10,423.l.168824.t.5,423.p.34104,Khalil Shakir,WR,2.9
10,423.l.168824.t.5,423.p.40029,Bryce Young,QB,9.2
10,423.l.168824.t.5,423.p.30150,Zay Jones,WR,0.0
10,423.l.168824.t.5,423.p.31902,Darrell Henderson Jr.,RB,0.0
10,423.l.168824.t.5,423.p.33465,Joshua Palmer,WR,0.0
10,423.l.168824.t.5,423.p.30227,Samaje Perine,RB,5.8
10,423.l.168824.t.5,423.p.32692,Justin Jefferson,WR,0.0
10,423.l.168824.t.5,423.p.32201,Jalen Guyton,WR,12.1
10,423.l.168824.t.5,423.p.34344,Cameron Dicker,K,9.0
10,423.l.168824.t.5,423.p.100034,Texans,DEF,8.0
10,423.l.168824.t.8,423.p.30125,Deshaun Watson,QB,17.22
10,423.l.168824.t.8,423.p.26650,DeAndre Hopkins,WR,4.2
10,423.l.168824.t.8,423.p.30996,Calvin Ridley,WR,3.0
10,423.l.168824.t.8,423.p.29279,Derrick Henry,RB,2.5
10,423.l.168824.t.8,423.p.31104,Chase Edmonds,RB,1.2
10,423.l.168824.t.8,423.p.34062,Cade Otton,TE,2.0
10,423.l.168824.t.8,423.p.27540,Odell Beckham Jr.,WR,10.5
10,423.l.168824.t.8,423.p.34218,Brock Purdy,QB,23.84
10,423.l.168824.t.8,423.p.34063,Dameon Pierce,RB,0.0
10,423.l.168824.t.8,423.p.31051,Michael Gallup,WR,14.0
10,423.l.168824.t.8,423.p.32675,Tua Tagovailoa,QB,0.0
10,423.l.168824.t.8,423.p.33390,Zach Wilson,QB,14.92
10,423.l.168824.t.8,423.p.31180,Braxton Berrios,WR,0.0
10,423.l.168824.t.8,423.p.40118,De'Von Achane,RB,0.0
10,423.l.168824.t.8,423.p.40296,Blake Grupe,K,4.0
10,423.l.168824.t.8,423.p.100010,Titans,DEF,6.0
10,423.l.168824.t.1,423.p.29235,Jared Goff,QB,21.12
10,423.l.168824.t.1,423.p.28534,Stefon Diggs,WR,4.9
10,423.l.168824.t.1,423.p.33500,Amon-Ra St. Brown,WR,26.5
10,423.l.168824.t.1,423.p.31856,Josh Jacobs,RB,11.7
10,423.l.168824.t.1,423.p.34107,Tyler Allgeier,RB,4.3
10,423.l.168824.t.1,423.p.30157,Gerald Everett,TE,0.0
10,423.l.168824.t.1,423.p.31857,Hollywood Brown,WR,3.3
10,423.l.168824.t.1,423.p.28839,Taylor Heinicke,QB,9.6
10,423.l.168824.t.1,423.p.32705,D'Andre Swift,RB,0.0
10,423.l.168824.t.1,423.p.33477,Nico Collins,WR,0.0
10,423.l.168824.t.1,423.p.28592,Darren Waller,TE,0.0
10,423.l.168824.t.1,423.p.33998,Wan'Dale Robinson,WR,1.6
10,423.l.168824.t.1,423.p.30230,Josh Reynolds,WR,2.5
10,423.l.168824.t.1,423.p.27560,Teddy Bridgewater,QB,0.0
10,423.l.168824.t.1,423.p.40819,Brandon Aubrey,K,7.0
10,423.l.168824.t.1,423.p.100023,Steelers,DEF,8.0
10,423.l.168824.t.4,423.p.29369,Dak Prescott,QB,38.86
10,423.l.168824.t.4,423.p.34088,Romeo Doubs,WR,10.6
10,423.l.168824.t.4,423.p.33393,Ja'Marr Chase,WR,20.9
10,423.l.168824.t.4,423.p.31885,Miles Sanders,RB,2.0
10,423.l.168824.t.4,423.p.31905,David Montgomery,RB,17.6
10,423.l.168824.t.4,423.p.27648,Logan Thomas,TE,6.5
10,423.l.168824.t.4,423.p.29288,Tyler Boyd,WR,15.7
10,423.l.168824.t.4,423.p.33971,Jahan Dotson,WR,0.0
10,423.l.168824.t.4,423.p.30123,Patrick Mahomes,QB,0.0
10,423.l.168824.t.4,423.p.33114,Tony Jones,RB,1.3
10,423.l.168824.t.4,423.p.40641,Keaton Mitchell,RB,13.1
10,423.l.168824.t.4,423.p.32596,Craig Reynolds,RB,0.0
10,423.l.168824.t.4,423.p.31394,Jeff Wilson Jr.,RB,0.0
10,423.l.168824.t.4,423.p.32702,Clyde Edwards-Helaire,RB,0.0
10,423.l.168824.t.4,423.p.31538,Greg Joseph,K,10.0
10,423.l.168824.t.4,423.p.100026,Seahawks,DEF,5.0
10,423.l.168824.t.12,423.p.40138,Aidan O'Connell,QB,9.42
10,423.l.168824.t.12,423.p.33966,Chris Olave,WR,18.4
10,423.l.168824.t.12,423.p.30994,DJ Moore,WR,8.4
10,423.l.168824.t.12,423.p.31934,Alexander Mattison,RB,3.8
10,423.l.168824.t.12,423.p.40059,Jahmyr Gibbs,RB,24.7
10,423.l.168824.t.12,423.p.33392,Kyle Pitts Sr.,TE,4.5
10,423.l.168824.t.12,423.p.31017,Christian Kirk,WR,11.4
10,423.l.168824.t.12,423.p.40533,Tommy DeVito,QB,14.54
10,423.l.168824.t.12,423.p.40222,DeMario Douglas,WR,11.4
10,423.l.168824.t.12,423.p.27548,Brandin Cooks,WR,27.8
10,423.l.168824.t.12,423.p.32756,Zack Moss,RB,0.2
10,423.l.168824.t.12,423.p.33422,Elijah Moore,WR,12.9
10,423.l.168824.t.12,423.p.33605,Khalil Herbert,RB,0.0
10,423.l.168824.t.12,423.p.32003,Darius Slayton,WR,3.6
10,423.l.168824.t.12,423.p.33537,Evan McPherson,K,11.0
10,423.l.168824.t.12,423.p.100002,Bills,DEF,6.0
10,423.l.168824.t.11,423.p.33389,Trevor Lawrence,QB,4.1
10,423.l.168824.t.11,423.p.40063,Jayden Reed,WR,16.9
10,423.l.168824.t.11,423.p.40090,Marvin Mims Jr.,WR,-0.3
10,423.l.168824.t.11,423.p.30972,Saquon Barkley,RB,6.6
10,423.l.168824.t.11,423.p.30423,Austin Ekeler,RB,19.5
10,423.l.168824.t.11,423.p.30136,Evan Engram,TE,3.2
10,423.l.168824.t.11,423.p.33963,Drake London,WR,5.1
10,423.l.168824.t.11,423.p.40504,Tyson Bagent,QB,7.68
10,423.l.168824.t.11,423.p.30352,Noah Brown,WR,20.7
10,423.l.168824.t.11,423.p.40084,Rashee Rice,WR,0.0
10,423.l.168824.t.11,423.p.30973,Sam Darnold,QB,-0.06
10,423.l.168824.t.11,423.p.31141,Mike White,QB,0.0
10,423.l.168824.t.11,423.p.32993,Tyler Huntley,QB,0.0
10,423.l.168824.t.11,423.p.34709,KaVontae Turpin,WR,0.0
10,423.l.168824.t.11,423.p.31977,Matt Gay,K,6.0
10,423.l.168824.t.11,423.p.100018,Saints,DEF,1.0
10,423.l.168824.t.16,423.p.26662,Geno Smith,QB,24.06
10,423.l.168824.t.16,423.p.33965,Garrett Wilson,WR,13.8
10,423.l.168824.t.16,423.p.31868,Deebo Samuel,WR,13.9
10,423.l.168824.t.16,423.p.30199,Kareem Hunt,RB,9.2
10,423.l.168824.t.16,423.p.30202,D'Onta Foreman,RB,16.2
10,423.l.168824.t.16,423.p.40048,Dalton Kincaid,TE,13.6
10,423.l.168824.t.16,423.p.28457,Tyler Lockett,WR,19.2
10,423.l.168824.t.16,423.p.40068,Will Levis,QB,6.96
10,423.l.168824.t.16,423.p.34157,Keaontay Ingram,RB,0.2
10,423.l.168824.t.16,423.p.40039,Zay Flowers,WR,9.8
10,423.l.168824.t.16,423.p.32010,Gardner Minshew,QB,6.66
10,423.l.168824.t.16,423.p.32713,Cole Kmet,TE,7.1
10,423.l.168824.t.16,423.p.30117,Leonard Fournette,RB,0.0
10,423.l.168824.t.16,423.p.26804,Latavius Murray,RB,13.9
10,423.l.168824.t.16,423.p.33781,Riley Patterson,K,12.0
10,423.l.168824.t.16,423.p.100025,49ers,DEF,21.0
10,423.l.168824.t.7,423.p.26721,Matt Barkley,QB,0.0
10,423.l.168824.t.7,423.p.31896,DK Metcalf,WR,13.3
10,423.l.168824.t.7,423.p.30175,JuJu Smith-Schuster,WR,1.4
10,423.l.168824.t.7,423.p.40055,Bijan Robinson,RB,17.1
10,423.l.168824.t.7,423.p.31424,Gus Edwards,RB,9.3
10,423.l.168824.t.7,423.p.30213,Jonnu Smith,TE,0.6
10,423.l.168824.t.7,423.p.29238,Ezekiel Elliott,RB,9.8
10,423.l.168824.t.7,423.p.33514,Chuba Hubbard,RB,4.9
10,423.l.168824.t.7,423.p.33399,Justin Fields,QB,0.0
10,423.l.168824.t.7,423.p.31945,Justice Hill,RB,0.7
10,423.l.168824.t.7,423.p.31019,Dallas Goedert,TE,0.0
10,423.l.168824.t.7,423.p.31883,A.J. Brown,WR,0.0
10,423.l.168824.t.7,423.p.33538,Kenneth Gainwell,RB,0.0
10,423.l.168824.t.7,423.p.31137,Daniel Carlson,K,14.0
10,423.l.168824.t.7,423.p.30266,Jake Elliott,K,0.0
10,423.l.168824.t.7,423.p.100001,Falcons,DEF,4.0
10,423.l.168824.t.6,423.p.33975,Kenny Pickett,QB,6.64
10,423.l.168824.t.6,423.p.31898,Diontae Johnson,WR,2.2
10,423.l.168824.t.6,423.p.28408,Nelson Agholor,WR,0.0
10,423.l.168824.t.6,423.p.33412,Najee Harris,RB,17.1
10,423.l.168824.t.6,423.p.33423,Javonte Williams,RB,19.0
10,423.l.168824.t.6,423.p.34085,Jake Ferguson,TE,10.6
10,423.l.168824.t.6,423.p.33100,Rico Dowdle,RB,13.9
10,423.l.168824.t.6,423.p.27564,Derek Carr,QB,5.4
10,423.l.168824.t.6,423.p.32846,K.J. Osborn,WR,0.0
10,423.l.168824.t.6,423.p.33398,DeVonta Smith,WR,0.0
10,423.l.168824.t.6,423.p.26686,Travis Kelce,TE,0.0
10,423.l.168824.t.6,423.p.27624,Jerick McKinnon,RB,0.0
10,423.l.168824.t.6,423.p.24793,Julio Jones,WR,0.0
10,423.l.168824.t.6,423.p.28390,Marcus Mariota,QB,0.0
10,423.l.168824.t.6,423.p.32858,Tyler Bass,K,2.0
10,423.l.168824.t.6,423.p.100020,Jets,DEF,8.0
10,423.l.168824.t.13,423.p.28389,Jameis Winston,QB,10.88
10,423.l.168824.t.13,423.p.30153,Curtis Samuel,WR,1.6
10,423.l.168824.t.13,423.p.34007,George Pickens,WR,6.0
10,423.l.168824.t.13,423.p.32711,Jonathan Taylor,RB,14.0
10,423.l.168824.t.13,423.p.33991,Breece Hall,RB,9.0
10,423.l.168824.t.13,423.p.31107,Dalton Schultz,TE,9.1
10,423.l.168824.t.13,423.p.32782,Joshua Kelley,RB,1.6
10,423.l.168824.t.13,423.p.31268,Allen Lazard,WR,2.2
10,423.l.168824.t.13,423.p.29399,Tyreek Hill,WR,0.0
10,423.l.168824.t.13,423.p.30182,Cooper Kupp,WR,0.0
10,423.l.168824.t.13,423.p.26658,Zach Ertz,TE,0.0
10,423.l.168824.t.13,423.p.34320,Jordan Mason,RB,0.0
10,423.l.168824.t.13,423.p.30788,Cooper Rush,QB,2.22
10,423.l.168824.t.13,423.p.29236,Carson Wentz,QB,0.0
10,423.l.168824.t.13,423.p.25881,Greg Zuerlein,K,16.0
10,423.l.168824.t.13,423.p.100009,Packers,DEF,1.0
10,423.l.168824.t.3,423.p.32671,Joe Burrow,QB,21.88
10,423.l.168824.t.3,423.p.31908,Terry McLaurin,WR,5.3
10,423.l.168824.t.3,423.p.31010,Courtland Sutton,WR,13.3
10,423.l.168824.t.3,423.p.40119,Tyjae Spears,RB,8.0
10,423.l.168824.t.3,423.p.31906,Devin Singletary,RB,22.6
10,423.l.168824.t.3,423.p.31056,Mark Andrews,TE,5.4
10,423.l.168824.t.3,423.p.40041,Jaxon Smith-Njigba,WR,7.3
10,423.l.168824.t.3,423.p.31002,Lamar Jackson,QB,15.02
10,423.l.168824.t.3,423.p.29281,Michael Thomas,WR,1.4
10,423.l.168824.t.3,423.p.34207,Isiah Pacheco,RB,0.0
10,423.l.168824.t.3,423.p.31041,Royce Freeman,RB,0.0
10,423.l.168824.t.3,423.p.40452,Jake Bobo,WR,2.3
10,423.l.168824.t.3,423.p.40051,Quentin Johnston,WR,11.4
10,423.l.168824.t.3,423.p.28378,Jason Myers,K,21.0
10,423.l.168824.t.3,423.p.100013,Raiders,DEF,8.0
10,423.l.168824.t.3,423.p.100024,Chargers,DEF,-4.0
11,423.l.168824.t.15,423.p.31833,Kyler Murray,QB,22.66
11,423.l.168824.t.15,423.p.27535,Mike Evans,WR,12.8
11,423.l.168824.t.15,423.p.32695,Brandon Aiyuk,WR,24.1
11,423.l.168824.t.15,423.p.30218,James Conner,RB,7.3
11,423.l.168824.t.15,423.p.32732,A.J. Dillon,RB,8.1
11,423.l.168824.t.15,423.p.30259,George Kittle,TE,18.9
11,423.l.168824.t.15,423.p.40064,Sam LaPorta,TE,5.3
11,423.l.168824.t.15,423.p.9265,Matthew Stafford,QB,10.7
11,423.l.168824.t.15,423.p.32704,Michael Pittman Jr.,WR,0.0
11,423.l.168824.t.15,423.p.33508,Rhamondre Stevenson,RB,0.0
11,423.l.168824.t.15,423.p.40430,Emari Demercado,RB,0.0
11,423.l.168824.t.15,423.p.34030,Desmond Ridder,QB,0.0
11,423.l.168824.t.15,423.p.24822,Andy Dalton,QB,0.0
11,423.l.168824.t.15,423.p.26800,Dustin Hopkins,K,7.0
11,423.l.168824.t.15,423.p.100007,Broncos,DEF,9.0
11,423.l.168824.t.15,423.p.100021,Eagles,DEF,6.0
11,423.l.168824.t.14,423.p.32676,Justin Herbert,QB,25.7
11,423.l.168824.t.14,423.p.28392,Amari Cooper,WR,5.4
11,423.l.168824.t.14,423.p.40097,Tank Dell,WR,24.9
11,423.l.168824.t.14,423.p.30295,Aaron Jones Sr.,RB,2.2
11,423.l.168824.t.14,423.p.34047,Rachaad White,RB,14.8
11,423.l.168824.t.14,423.p.30142,David Njoku,TE,9.1
11,423.l.168824.t.14,423.p.40168,Puka Nacua,WR,16.2
11,423.l.168824.t.14,423.p.34100,Sam Howell,QB,20.74
11,423.l.168824.t.14,423.p.30180,Alvin Kamara,RB,0.0
11,423.l.168824.t.14,423.p.32703,Tee Higgins,WR,0.0
11,423.l.168824.t.14,423.p.33403,Mac Jones,QB,0.0
11,423.l.168824.t.14,423.p.32736,Antonio Gibson,RB,0.0
11,423.l.168824.t.14,423.p.31965,Jarrett Stidham,QB,0.0
11,423.l.168824.t.14,423.p.33408,Kadarius Toney,WR,3.6
11,423.l.168824.t.14,423.p.30346,Harrison Butker,K,6.0
11,423.l.168824.t.14,423.p.100005,Browns,DEF,7.0
11,423.l.168824.t.9,423.p.30977,Josh Allen,QB,23.5
11,423.l.168824.t.9,423.p.27581,Davante Adams,WR,17.7
11,423.l.168824.t.9,423.p.27277,Adam Thielen,WR,11.4
11,423.l.168824.t.9,423.p.34019,James Cook III,RB,17.7
11,423.l.168824.t.9,423.p.30121,Christian McCaffrey,RB,18.8
11,423.l.168824.t.9,423.p.29344,Tyler Higbee,TE,2.2
11,423.l.168824.t.9,423.p.32231,Jakobi Meyers,WR,6.9
11,423.l.168824.t.9,423.p.30248,Joshua Dobbs,QB,17.94
11,423.l.168824.t.9,423.p.33515,Kylen Granson,TE,0.0
11,423.l.168824.t.9,423.p.34447,Jaylen Warren,RB,22.0
11,423.l.168824.t.9,423.p.34120,Kyren Williams,RB,0.0
11,423.l.168824.t.9,423.p.34659,Rashid Shaheed,WR,0.0
11,423.l.168824.t.9,423.p.32384,Joey Slye,K,8.0
11,423.l.168824.t.9,423.p.9526,Graham Gano,K,0.0
11,423.l.168824.t.9,423.p.100033,Ravens,DEF,6.0
11,423.l.168824.t.9,423.p.100006,Cowboys,DEF,21.0
11,423.l.168824.t.2,423.p.32723,Jalen Hurts,QB,19.9
11,423.l.168824.t.2,423.p.40042,Jordan Addison,WR,5.9
11,423.l.168824.t.2,423.p.32687,CeeDee Lamb,WR,13.5
11,423.l.168824.t.2,423.p.33996,Kenneth Walker III,RB,2.1
11,423.l.168824.t.2,423.p.31960,Tony Pollard,RB,16.0
11,423.l.168824.t.2,423.p.31840,T.J. Hockenson,TE,7.5
11,423.l.168824.t.2,423.p.34112,Jerome Ford,RB,10.9
11,423.l.168824.t.2,423.p.30971,Baker Mayfield,QB,11.34
11,423.l.168824.t.2,423.p.30197,Chris Godwin Jr.,WR,6.9
11,423.l.168824.t.2,423.p.30614,Taysom Hill,TE,0.0
11,423.l.168824.t.2,423.p.40696,Jaleel McLaughlin,RB,4.0
11,423.l.168824.t.2,423.p.29269,Hunter Henry,TE,0.0
11,423.l.168824.t.2,423.p.33452,Kyle Trask,QB,0.0
11,423.l.168824.t.2,423.p.26534,Justin Tucker,K,11.0
11,423.l.168824.t.2,423.p.100030,Jaguars,DEF,7.0
11,423.l.168824.t.2,423.p.100016,Vikings,DEF,2.0
11,423.l.168824.t.10,423.p.32696,Jordan Love,QB,20.88
11,423.l.168824.t.10,423.p.33394,Jaylen Waddle,WR,7.5
11,423.l.168824.t.10,423.p.33437,Rondale Moore,WR,11.9
11,423.l.168824.t.10,423.p.30161,Joe Mixon,RB,18.5
11,423.l.168824.t.10,423.p.34054,Brian Robinson Jr.,RB,16.7
11,423.l.168824.t.10,423.p.31127,Tyler Conklin,TE,2.8
11,423.l.168824.t.10,423.p.33413,Travis Etienne Jr.,RB,7.4
11,423.l.168824.t.10,423.p.25785,Russell Wilson,QB,14.46
11,423.l.168824.t.10,423.p.33989,Christian Watson,WR,9.2
11,423.l.168824.t.10,423.p.32685,Jerry Jeudy,WR,8.3
11,423.l.168824.t.10,423.p.32798,Gabe Davis,WR,0.0
11,423.l.168824.t.10,423.p.28654,Raheem Mostert,RB,9.8
11,423.l.168824.t.10,423.p.40129,Jake Moody,K,9.0
11,423.l.168824.t.10,423.p.30426,Younghoe Koo,K,0.0
11,423.l.168824.t.10,423.p.100008,Lions,DEF,6.0
11,423.l.168824.t.10,423.p.100012,Chiefs,DEF,7.0
11,423.l.168824.t.5,423.p.40030,C.J. Stroud,QB,18.34
11,423.l.168824.t.5,423.p.26699,Keenan Allen,WR,22.6
11,423.l.168824.t.5,423.p.30150,Zay Jones,WR,4.0
11,423.l.168824.t.5,423.p.40075,Zach Charbonnet,RB,9.9
11,423.l.168824.t.5,423.p.31902,Darrell Henderson Jr.,RB,10.9
11,423.l.168824.t.5,423.p.34010,Trey McBride,TE,6.8
11,423.l.168824.t.5,423.p.34104,Khalil Shakir,WR,19.0
11,423.l.168824.t.5,423.p.40029,Bryce Young,QB,6.22
11,423.l.168824.t.5,423.p.32201,Jalen Guyton,WR,0.0
11,423.l.168824.t.5,423.p.40162,Roschon Johnson,RB,3.0
11,423.l.168824.t.5,423.p.40126,Josh Downs,WR,0.0
11,423.l.168824.t.5,423.p.33465,Joshua Palmer,WR,0.0
11,423.l.168824.t.5,423.p.30227,Samaje Perine,RB,10.2
11,423.l.168824.t.5,423.p.32692,Justin Jefferson,WR,0.0
11,423.l.168824.t.5,423.p.34344,Cameron Dicker,K,8.0
11,423.l.168824.t.5,423.p.100034,Texans,DEF,8.0
11,423.l.168824.t.8,423.p.34218,Brock Purdy,QB,26.72
11,423.l.168824.t.8,423.p.26650,DeAndre Hopkins,WR,13.9
11,423.l.168824.t.8,423.p.30996,Calvin Ridley,WR,27.6
11,423.l.168824.t.8,423.p.29279,Derrick Henry,RB,4.9
11,423.l.168824.t.8,423.p.40118,De'Von Achane,RB,1.0
11,423.l.168824.t.8,423.p.34062,Cade Otton,TE,6.9
11,423.l.168824.t.8,423.p.27540,Odell Beckham Jr.,WR,13.6
11,423.l.168824.t.8,423.p.32675,Tua Tagovailoa,QB,18.6
11,423.l.168824.t.8,423.p.31104,Chase Edmonds,RB,2.4
11,423.l.168824.t.8,423.p.34063,Dameon Pierce,RB,0.0
11,423.l.168824.t.8,423.p.31051,Michael Gallup,WR,4.6
11,423.l.168824.t.8,423.p.33390,Zach Wilson,QB,7.74
11,423.l.168824.t.8,423.p.31180,Braxton Berrios,WR,0.0
11,423.l.168824.t.8,423.p.31031,DJ Chark,WR,0.0
11,423.l.168824.t.8,423.p.8432,Nick Folk,K,2.0
11,423.l.168824.t.8,423.p.100010,Titans,DEF,0.0
11,423.l.168824.t.1,423.p.29235,Jared Goff,QB,16.74
11,423.l.168824.t.1,423.p.28534,Stefon Diggs,WR,4.7
11,423.l.168824.t.1,423.p.33500,Amon-Ra St. Brown,WR,17.7
11,423.l.168824.t.1,423.p.31856,Josh Jacobs,RB,5.6
11,423.l.168824.t.1,423.p.32705,D'Andre Swift,RB,18.2
11,423.l.168824.t.1,423.p.30157,Gerald Everett,TE,0.0
11,423.l.168824.t.1,423.p.31857,Hollywood Brown,WR,2.2
11,423.l.168824.t.1,423.p.33477,Nico Collins,WR,10.0
11,423.l.168824.t.1,423.p.28839,Taylor Heinicke,QB,0.0
11,423.l.168824.t.1,423.p.34107,Tyler Allgeier,RB,0.0
11,423.l.168824.t.1,423.p.28592,Darren Waller,TE,0.0
11,423.l.168824.t.1,423.p.30230,Josh Reynolds,WR,1.6
11,423.l.168824.t.1,423.p.27560,Teddy Bridgewater,QB,0.0
11,423.l.168824.t.1,423.p.33445,Tutu Atwell,WR,2.2
11,423.l.168824.t.1,423.p.40819,Brandon Aubrey,K,9.0
11,423.l.168824.t.1,423.p.100023,Steelers,DEF,7.0
11,423.l.168824.t.4,423.p.29369,Dak Prescott,QB,16.16
11,423.l.168824.t.4,423.p.33393,Ja'Marr Chase,WR,8.2
11,423.l.168824.t.4,423.p.33971,Jahan Dotson,WR,9.8
11,423.l.168824.t.4,423.p.31905,David Montgomery,RB,16.8
11,423.l.168824.t.4,423.p.40641,Keaton Mitchell,RB,4.6
11,423.l.168824.t.4,423.p.27648,Logan Thomas,TE,6.3
11,423.l.168824.t.4,423.p.29288,Tyler Boyd,WR,3.7
11,423.l.168824.t.4,423.p.30123,Patrick Mahomes,QB,17.88
11,423.l.168824.t.4,423.p.34088,Romeo Doubs,WR,13.8
11,423.l.168824.t.4,423.p.31885,Miles Sanders,RB,5.7
11,423.l.168824.t.4,423.p.32596,Craig Reynolds,RB,-2.0
11,423.l.168824.t.4,423.p.31394,Jeff Wilson Jr.,RB,0.0
11,423.l.168824.t.4,423.p.32702,Clyde Edwards-Helaire,RB,2.0
11,423.l.168824.t.4,423.p.34125,Ty Chandler,RB,13.0
11,423.l.168824.t.4,423.p.31538,Greg Joseph,K,8.0
11,423.l.168824.t.4,423.p.100015,Dolphins,DEF,12.0
11,423.l.168824.t.12,423.p.40138,Aidan O'Connell,QB,12.14
11,423.l.168824.t.12,423.p.30994,DJ Moore,WR,19.1
11,423.l.168824.t.12,423.p.31017,Christian Kirk,WR,6.3
11,423.l.168824.t.12,423.p.31934,Alexander Mattison,RB,6.5
11,423.l.168824.t.12,423.p.40059,Jahmyr Gibbs,RB,18.5
11,423.l.168824.t.12,423.p.33443,Pat Freiermuth,TE,1.2
11,423.l.168824.t.12,423.p.27548,Brandin Cooks,WR,5.7
11,423.l.168824.t.12,423.p.40533,Tommy DeVito,QB,22.54
11,423.l.168824.t.12,423.p.33392,Kyle Pitts Sr.,TE,0.0
11,423.l.168824.t.12,423.p.33422,Elijah Moore,WR,9.0
11,423.l.168824.t.12,423.p.33966,Chris Olave,WR,0.0
11,423.l.168824.t.12,423.p.40222,DeMario Douglas,WR,0.0
11,423.l.168824.t.12,423.p.32756,Zack Moss,RB,0.0
11,423.l.168824.t.12,423.p.33605,Khalil Herbert,RB,5.1
11,423.l.168824.t.12,423.p.33537,Evan McPherson,K,10.0
11,423.l.168824.t.12,423.p.100002,Bills,DEF,22.0
11,423.l.168824.t.11,423.p.33389,Trevor Lawrence,QB,32.18
11,423.l.168824.t.11,423.p.40063,Jayden Reed,WR,17.2
11,423.l.168824.t.11,423.p.40090,Marvin Mims Jr.,WR,2.2
11,423.l.168824.t.11,423.p.30972,Saquon Barkley,RB,28.0
11,423.l.168824.t.11,423.p.30423,Austin Ekeler,RB,6.0
11,423.l.168824.t.11,423.p.30136,Evan Engram,TE,4.9
11,423.l.168824.t.11,423.p.40084,Rashee Rice,WR,6.2
11,423.l.168824.t.11,423.p.34709,KaVontae Turpin,WR,3.3
11,423.l.168824.t.11,423.p.30352,Noah Brown,WR,0.0
11,423.l.168824.t.11,423.p.40504,Tyson Bagent,QB,0.0
11,423.l.168824.t.11,423.p.33963,Drake London,WR,0.0
11,423.l.168824.t.11,423.p.30973,Sam Darnold,QB,0.0
11,423.l.168824.t.11,423.p.31141,Mike White,QB,0.0
11,423.l.168824.t.11,423.p.32993,Tyler Huntley,QB,0.0
11,423.l.168824.t.11,423.p.33381,Matt Ammendola,K,3.0
11,423.l.168824.t.11,423.p.100018,Saints,DEF,0.0
11,423.l.168824.t.16,423.p.26662,Geno Smith,QB,13.22
11,423.l.168824.t.16,423.p.33965,Garrett Wilson,WR,-0.1
11,423.l.168824.t.16,423.p.31868,Deebo Samuel,WR,7.7
11,423.l.168824.t.16,423.p.30199,Kareem Hunt,RB,5.2
11,423.l.168824.t.16,423.p.30202,D'Onta Foreman,RB,7.4
11,423.l.168824.t.16,423.p.40048,Dalton Kincaid,TE,7.6
11,423.l.168824.t.16,423.p.28457,Tyler Lockett,WR,7.6
11,423.l.168824.t.16,423.p.40068,Will Levis,QB,12.52
11,423.l.168824.t.16,423.p.40039,Zay Flowers,WR,6.5
11,423.l.168824.t.16,423.p.32010,Gardner Minshew,QB,0.0
11,423.l.168824.t.16,423.p.32713,Cole Kmet,TE,3.5
11,423.l.168824.t.16,423.p.30117,Leonard Fournette,RB,0.0
11,423.l.168824.t.16,423.p.26804,Latavius Murray,RB,3.5
11,423.l.168824.t.16,423.p.25718,Ryan Tannehill,QB,0.0
11,423.l.168824.t.16,423.p.33781,Riley Patterson,K,3.0
11,423.l.168824.t.16,423.p.100025,49ers,DEF,9.0
11,423.l.168824.t.7,423.p.33399,Justin Fields,QB,21.16
11,423.l.168824.t.7,423.p.31896,DK Metcalf,WR,17.9
11,423.l.168824.t.7,423.p.31883,A.J. Brown,WR,1.3
11,423.l.168824.t.7,423.p.31424,Gus Edwards,RB,20.0
11,423.l.168824.t.7,423.p.33514,Chuba Hubbard,RB,7.5
11,423.l.168824.t.7,423.p.40074,Luke Musgrave,TE,4.8
11,423.l.168824.t.7,423.p.33538,Kenneth Gainwell,RB,1.0
11,423.l.168824.t.7,423.p.31641,Brandon Powell,WR,4.7
11,423.l.168824.t.7,423.p.30538,P.J. Walker,QB,0.0
11,423.l.168824.t.7,423.p.40055,Bijan Robinson,RB,0.0
11,423.l.168824.t.7,423.p.29238,Ezekiel Elliott,RB,0.0
11,423.l.168824.t.7,423.p.26721,Matt Barkley,QB,0.0
11,423.l.168824.t.7,423.p.31945,Justice Hill,RB,1.2
11,423.l.168824.t.7,423.p.31019,Dallas Goedert,TE,0.0
11,423.l.168824.t.7,423.p.30266,Jake Elliott,K,3.0
11,423.l.168824.t.7,423.p.100028,Commanders,DEF,9.0
11,423.l.168824.t.6,423.p.33975,Kenny Pickett,QB,5.14
11,423.l.168824.t.6,423.p.31898,Diontae Johnson,WR,2.6
11,423.l.168824.t.6,423.p.33398,DeVonta Smith,WR,12.9
11,423.l.168824.t.6,423.p.33412,Najee Harris,RB,4.1
11,423.l.168824.t.6,423.p.33423,Javonte Williams,RB,6.3
11,423.l.168824.t.6,423.p.34085,Jake Ferguson,TE,4.7
11,423.l.168824.t.6,423.p.32846,K.J. Osborn,WR,1.2
11,423.l.168824.t.6,423.p.26686,Travis Kelce,TE,11.9
11,423.l.168824.t.6,423.p.27624,Jerick McKinnon,RB,2.5
11,423.l.168824.t.6,423.p.33100,Rico Dowdle,RB,3.0
11,423.l.168824.t.6,423.p.27564,Derek Carr,QB,0.0
11,423.l.168824.t.6,423.p.28408,Nelson Agholor,WR,10.2
11,423.l.168824.t.6,423.p.24793,Julio Jones,WR,1.5
11,423.l.168824.t.6,423.p.28390,Marcus Mariota,QB,0.0
11,423.l.168824.t.6,423.p.32858,Tyler Bass,K,17.0
11,423.l.168824.t.6,423.p.100020,Jets,DEF,2.0
11,423.l.168824.t.13,423.p.29236,Carson Wentz,QB,0.0
11,423.l.168824.t.13,423.p.34007,George Pickens,WR,5.7
11,423.l.168824.t.13,423.p.29399,Tyreek Hill,WR,25.6
11,423.l.168824.t.13,423.p.33991,Breece Hall,RB,15.8
11,423.l.168824.t.13,423.p.32782,Joshua Kelley,RB,1.3
11,423.l.168824.t.13,423.p.31107,Dalton Schultz,TE,10.2
11,423.l.168824.t.13,423.p.30153,Curtis Samuel,WR,1.0
11,423.l.168824.t.13,423.p.30182,Cooper Kupp,WR,1.6
11,423.l.168824.t.13,423.p.28389,Jameis Winston,QB,0.0
11,423.l.168824.t.13,423.p.32711,Jonathan Taylor,RB,0.0
11,423.l.168824.t.13,423.p.31268,Allen Lazard,WR,0.0
11,423.l.168824.t.13,423.p.34320,Jordan Mason,RB,0.0
11,423.l.168824.t.13,423.p.30788,Cooper Rush,QB,0.3
11,423.l.168824.t.13,423.p.34093,Bailey Zappe,QB,0.0
11,423.l.168824.t.13,423.p.25881,Greg Zuerlein,K,0.0
11,423.l.168824.t.13,423.p.100009,Packers,DEF,5.0
11,423.l.168824.t.3,423.p.32671,Joe Burrow,QB,8.74
11,423.l.168824.t.3,423.p.31908,Terry McLaurin,WR,6.8
11,423.l.168824.t.3,423.p.31010,Courtland Sutton,WR,14.6
11,423.l.168824.t.3,423.p.31906,Devin Singletary,RB,18.8
11,423.l.168824.t.3,423.p.34207,Isiah Pacheco,RB,9.6
11,423.l.168824.t.3,423.p.31056,Mark Andrews,TE,3.3
11,423.l.168824.t.3,423.p.40041,Jaxon Smith-Njigba,WR,5.5
11,423.l.168824.t.3,423.p.31002,Lamar Jackson,QB,23.96
11,423.l.168824.t.3,423.p.40119,Tyjae Spears,RB,3.6
11,423.l.168824.t.3,423.p.29281,Michael Thomas,WR,0.0
11,423.l.168824.t.3,423.p.31041,Royce Freeman,RB,7.3
11,423.l.168824.t.3,423.p.40051,Quentin Johnston,WR,3.1
11,423.l.168824.t.3,423.p.40195,Dorian Thompson-Robinson,QB,7.6
11,423.l.168824.t.3,423.p.28378,Jason Myers,K,15.0
11,423.l.168824.t.3,423.p.100024,Chargers,DEF,3.0
11,423.l.168824.t.3,423.p.100004,Bengals,DEF,2.0
12,423.l.168824.t.15,423.p.31833,Kyler Murray,QB,20.44
12,423.l.168824.t.15,423.p.27535,Mike Evans,WR,22.0
12,423.l.168824.t.15,423.p.32695,Brandon Aiyuk,WR,12.0
12,423.l.168824.t.15,423.p.30218,James Conner,RB,5.2
12,423.l.168824.t.15,423.p.33508,Rhamondre Stevenson,RB,19.2
12,423.l.168824.t.15,423.p.30259,George Kittle,TE,3.4
12,423.l.168824.t.15,423.p.32704,Michael Pittman Jr.,WR,15.7
12,423.l.168824.t.15,423.p.9265,Matthew Stafford,QB,24.36
12,423.l.168824.t.15,423.p.40064,Sam LaPorta,TE,15.2
12,423.l.168824.t.15,423.p.32732,A.J. Dillon,RB,9.6
12,423.l.168824.t.15,423.p.40430,Emari Demercado,RB,1.5
12,423.l.168824.t.15,423.p.34030,Desmond Ridder,QB,11.72
12,423.l.168824.t.15,423.p.24822,Andy Dalton,QB,0.0
12,423.l.168824.t.15,423.p.26800,Dustin Hopkins,K,6.0
12,423.l.168824.t.15,423.p.100007,Broncos,DEF,16.0
12,423.l.168824.t.15,423.p.100021,Eagles,DEF,4.0
12,423.l.168824.t.14,423.p.32676,Justin Herbert,QB,14.38
12,423.l.168824.t.14,423.p.40097,Tank Dell,WR,14.7
12,423.l.168824.t.14,423.p.40168,Puka Nacua,WR,4.7
12,423.l.168824.t.14,423.p.34047,Rachaad White,RB,12.0
12,423.l.168824.t.14,423.p.30180,Alvin Kamara,RB,13.9
12,423.l.168824.t.14,423.p.30142,David Njoku,TE,8.9
12,423.l.168824.t.14,423.p.28392,Amari Cooper,WR,2.6
12,423.l.168824.t.14,423.p.34100,Sam Howell,QB,18.3
12,423.l.168824.t.14,423.p.30295,Aaron Jones Sr.,RB,0.0
12,423.l.168824.t.14,423.p.32703,Tee Higgins,WR,0.0
12,423.l.168824.t.14,423.p.33403,Mac Jones,QB,1.56
12,423.l.168824.t.14,423.p.32736,Antonio Gibson,RB,5.2
12,423.l.168824.t.14,423.p.31965,Jarrett Stidham,QB,0.0
12,423.l.168824.t.14,423.p.33408,Kadarius Toney,WR,0.0
12,423.l.168824.t.14,423.p.30346,Harrison Butker,K,7.0
12,423.l.168824.t.14,423.p.100005,Browns,DEF,3.0
12,423.l.168824.t.9,423.p.30977,Josh Allen,QB,40.66
12,423.l.168824.t.9,423.p.27581,Davante Adams,WR,9.8
12,423.l.168824.t.9,423.p.27277,Adam Thielen,WR,0.7
12,423.l.168824.t.9,423.p.34019,James Cook III,RB,13.0
12,423.l.168824.t.9,423.p.30121,Christian McCaffrey,RB,28.4
12,423.l.168824.t.9,423.p.29344,Tyler Higbee,TE,17.4
12,423.l.168824.t.9,423.p.32231,Jakobi Meyers,WR,17.1
12,423.l.168824.t.9,423.p.30248,Joshua Dobbs,QB,8.5
12,423.l.168824.t.9,423.p.33515,Kylen Granson,TE,0.0
12,423.l.168824.t.9,423.p.34447,Jaylen Warren,RB,5.7
12,423.l.168824.t.9,423.p.34120,Kyren Williams,RB,35.4
12,423.l.168824.t.9,423.p.34659,Rashid Shaheed,WR,1.9
12,423.l.168824.t.9,423.p.32384,Joey Slye,K,5.0
12,423.l.168824.t.9,423.p.9526,Graham Gano,K,0.0
12,423.l.168824.t.9,423.p.100033,Ravens,DEF,15.0
12,423.l.168824.t.9,423.p.100006,Cowboys,DEF,16.0
12,423.l.168824.t.2,423.p.32723,Jalen Hurts,QB,35.5
12,423.l.168824.t.2,423.p.40042,Jordan Addison,WR,6.9
12,423.l.168824.t.2,423.p.32687,CeeDee Lamb,WR,15.3
12,423.l.168824.t.2,423.p.31960,Tony Pollard,RB,19.3
12,423.l.168824.t.2,423.p.34112,Jerome Ford,RB,9.9
12,423.l.168824.t.2,423.p.31840,T.J. Hockenson,TE,13.5
12,423.l.168824.t.2,423.p.30197,Chris Godwin Jr.,WR,6.0
12,423.l.168824.t.2,423.p.30971,Baker Mayfield,QB,14.36
12,423.l.168824.t.2,423.p.33996,Kenneth Walker III,RB,0.0
12,423.l.168824.t.2,423.p.30614,Taysom Hill,TE,7.1
12,423.l.168824.t.2,423.p.40696,Jaleel McLaughlin,RB,0.4
12,423.l.168824.t.2,423.p.33452,Kyle Trask,QB,0.0
12,423.l.168824.t.2,423.p.32138,Jake Browning,QB,12.98
12,423.l.168824.t.2,423.p.26534,Justin Tucker,K,10.0
12,423.l.168824.t.2,423.p.100016,Vikings,DEF,11.0
12,423.l.168824.t.2,423.p.100030,Jaguars,DEF,4.0
12,423.l.168824.t.10,423.p.32696,Jordan Love,QB,26.62
12,423.l.168824.t.10,423.p.33394,Jaylen Waddle,WR,15.4
12,423.l.168824.t.10,423.p.33989,Christian Watson,WR,17.9
12,423.l.168824.t.10,423.p.30161,Joe Mixon,RB,7.0
12,423.l.168824.t.10,423.p.28654,Raheem Mostert,RB,21.4
12,423.l.168824.t.10,423.p.34095,Isaiah Likely,TE,6.0
12,423.l.168824.t.10,423.p.33413,Travis Etienne Jr.,RB,10.6
12,423.l.168824.t.10,423.p.25785,Russell Wilson,QB,16.76
12,423.l.168824.t.10,423.p.32798,Gabe Davis,WR,19.5
12,423.l.168824.t.10,423.p.33437,Rondale Moore,WR,4.5
12,423.l.168824.t.10,423.p.34054,Brian Robinson Jr.,RB,7.4
12,423.l.168824.t.10,423.p.32685,Jerry Jeudy,WR,2.1
12,423.l.168824.t.10,423.p.40065,Michael Mayer,TE,3.7
12,423.l.168824.t.10,423.p.30426,Younghoe Koo,K,6.0
12,423.l.168824.t.10,423.p.100012,Chiefs,DEF,2.0
12,423.l.168824.t.10,423.p.100008,Lions,DEF,0.0
12,423.l.168824.t.5,423.p.40030,C.J. Stroud,QB,30.86
12,423.l.168824.t.5,423.p.26699,Keenan Allen,WR,15.6
12,423.l.168824.t.5,423.p.40126,Josh Downs,WR,6.8
12,423.l.168824.t.5,423.p.40075,Zach Charbonnet,RB,7.8
12,423.l.168824.t.5,423.p.30227,Samaje Perine,RB,13.1
12,423.l.168824.t.5,423.p.34010,Trey McBride,TE,9.5
12,423.l.168824.t.5,423.p.34104,Khalil Shakir,WR,6.2
12,423.l.168824.t.5,423.p.40029,Bryce Young,QB,8.06
12,423.l.168824.t.5,423.p.31902,Darrell Henderson Jr.,RB,0.0
12,423.l.168824.t.5,423.p.30150,Zay Jones,WR,1.5
12,423.l.168824.t.5,423.p.32201,Jalen Guyton,WR,0.9
12,423.l.168824.t.5,423.p.40162,Roschon Johnson,RB,10.0
12,423.l.168824.t.5,423.p.33465,Joshua Palmer,WR,0.0
12,423.l.168824.t.5,423.p.32692,Justin Jefferson,WR,0.0
12,423.l.168824.t.5,423.p.34344,Cameron Dicker,K,4.0
12,423.l.168824.t.5,423.p.100034,Texans,DEF,2.0
12,423.l.168824.t.8,423.p.34218,Brock Purdy,QB,11.46
12,423.l.168824.t.8,423.p.26650,DeAndre Hopkins,WR,6.4
12,423.l.168824.t.8,423.p.30996,Calvin Ridley,WR,19.4
12,423.l.168824.t.8,423.p.29279,Derrick Henry,RB,20.1
12,423.l.168824.t.8,423.p.34063,Dameon Pierce,RB,2.3
12,423.l.168824.t.8,423.p.34062,Cade Otton,TE,6.5
12,423.l.168824.t.8,423.p.27540,Odell Beckham Jr.,WR,4.9
12,423.l.168824.t.8,423.p.32675,Tua Tagovailoa,QB,9.82
12,423.l.168824.t.8,423.p.40118,De'Von Achane,RB,0.0
12,423.l.168824.t.8,423.p.31104,Chase Edmonds,RB,1.1
12,423.l.168824.t.8,423.p.31051,Michael Gallup,WR,1.8
12,423.l.168824.t.8,423.p.31180,Braxton Berrios,WR,0.0
12,423.l.168824.t.8,423.p.31031,DJ Chark,WR,4.9
12,423.l.168824.t.8,423.p.28638,Trevor Siemian,QB,0.0
12,423.l.168824.t.8,423.p.29754,Wil Lutz,K,9.0
12,423.l.168824.t.8,423.p.100010,Titans,DEF,10.0
12,423.l.168824.t.1,423.p.29235,Jared Goff,QB,18.18
12,423.l.168824.t.1,423.p.28534,Stefon Diggs,WR,16.4
12,423.l.168824.t.1,423.p.33500,Amon-Ra St. Brown,WR,14.0
12,423.l.168824.t.1,423.p.31856,Josh Jacobs,RB,20.5
12,423.l.168824.t.1,423.p.32705,D'Andre Swift,RB,8.9
12,423.l.168824.t.1,423.p.33443,Pat Freiermuth,TE,16.5
12,423.l.168824.t.1,423.p.31857,Hollywood Brown,WR,11.8
12,423.l.168824.t.1,423.p.33477,Nico Collins,WR,19.9
12,423.l.168824.t.1,423.p.28839,Taylor Heinicke,QB,0.0
12,423.l.168824.t.1,423.p.34107,Tyler Allgeier,RB,6.4
12,423.l.168824.t.1,423.p.28592,Darren Waller,TE,0.0
12,423.l.168824.t.1,423.p.30230,Josh Reynolds,WR,8.5
12,423.l.168824.t.1,423.p.27560,Teddy Bridgewater,QB,0.0
12,423.l.168824.t.1,423.p.33445,Tutu Atwell,WR,9.1
12,423.l.168824.t.1,423.p.40819,Brandon Aubrey,K,9.0
12,423.l.168824.t.1,423.p.100023,Steelers,DEF,10.0
12,423.l.168824.t.4,423.p.29369,Dak Prescott,QB,32.24
12,423.l.168824.t.4,423.p.33393,Ja'Marr Chase,WR,10.1
12,423.l.168824.t.4,423.p.33971,Jahan Dotson,WR,7.7
12,423.l.168824.t.4,423.p.31905,David Montgomery,RB,15.1
12,423.l.168824.t.4,423.p.40641,Keaton Mitchell,RB,9.9
12,423.l.168824.t.4,423.p.27648,Logan Thomas,TE,2.5
12,423.l.168824.t.4,423.p.34088,Romeo Doubs,WR,5.2
12,423.l.168824.t.4,423.p.30123,Patrick Mahomes,QB,20.82
12,423.l.168824.t.4,423.p.29288,Tyler Boyd,WR,3.8
12,423.l.168824.t.4,423.p.31885,Miles Sanders,RB,2.8
12,423.l.168824.t.4,423.p.31394,Jeff Wilson Jr.,RB,8.8
12,423.l.168824.t.4,423.p.32702,Clyde Edwards-Helaire,RB,0.5
12,423.l.168824.t.4,423.p.34125,Ty Chandler,RB,1.6
12,423.l.168824.t.4,423.p.31538,Greg Joseph,K,4.0
12,423.l.168824.t.4,423.p.100015,Dolphins,DEF,21.0
12,423.l.168824.t.4,423.p.100001,Falcons,DEF,12.0
12,423.l.168824.t.12,423.p.40138,Aidan O'Connell,QB,13.92
12,423.l.168824.t.12,423.p.30994,DJ Moore,WR,16.9
12,423.l.168824.t.12,423.p.33966,Chris Olave,WR,14.9
12,423.l.168824.t.12,423.p.31934,Alexander Mattison,RB,7.3
12,423.l.168824.t.12,423.p.40059,Jahmyr Gibbs,RB,9.3
12,423.l.168824.t.12,423.p.33392,Kyle Pitts Sr.,TE,3.2
12,423.l.168824.t.12,423.p.31017,Christian Kirk,WR,10.9
12,423.l.168824.t.12,423.p.40533,Tommy DeVito,QB,10.24
12,423.l.168824.t.12,423.p.27548,Brandin Cooks,WR,15.2
12,423.l.168824.t.12,423.p.33422,Elijah Moore,WR,3.9
12,423.l.168824.t.12,423.p.40222,DeMario Douglas,WR,7.9
12,423.l.168824.t.12,423.p.32756,Zack Moss,RB,8.0
12,423.l.168824.t.12,423.p.33605,Khalil Herbert,RB,4.8
12,423.l.168824.t.12,423.p.33537,Evan McPherson,K,5.0
12,423.l.168824.t.12,423.p.100019,Giants,DEF,12.0
12,423.l.168824.t.12,423.p.100002,Bills,DEF,2.0
12,423.l.168824.t.11,423.p.33389,Trevor Lawrence,QB,25.56
12,423.l.168824.t.11,423.p.40063,Jayden Reed,WR,13.0
12,423.l.168824.t.11,423.p.33963,Drake London,WR,11.6
12,423.l.168824.t.11,423.p.30972,Saquon Barkley,RB,5.7
12,423.l.168824.t.11,423.p.30423,Austin Ekeler,RB,6.9
12,423.l.168824.t.11,423.p.30136,Evan Engram,TE,7.4
12,423.l.168824.t.11,423.p.40084,Rashee Rice,WR,20.7
12,423.l.168824.t.11,423.p.40090,Marvin Mims Jr.,WR,4.5
12,423.l.168824.t.11,423.p.30352,Noah Brown,WR,0.0
12,423.l.168824.t.11,423.p.34709,KaVontae Turpin,WR,9.9
12,423.l.168824.t.11,423.p.30973,Sam Darnold,QB,0.0
12,423.l.168824.t.11,423.p.31141,Mike White,QB,-0.2
12,423.l.168824.t.11,423.p.32993,Tyler Huntley,QB,0.0
12,423.l.168824.t.11,423.p.27590,Jimmy Garoppolo,QB,0.0
12,423.l.168824.t.11,423.p.33381,Matt Ammendola,K,3.0
12,423.l.168824.t.11,423.p.100018,Saints,DEF,5.0
12,423.l.168824.t.16,423.p.26662,Geno Smith,QB,8.3
12,423.l.168824.t.16,423.p.33965,Garrett Wilson,WR,13.9
12,423.l.168824.t.16,423.p.31868,Deebo Samuel,WR,18.9
12,423.l.168824.t.16,423.p.30199,Kareem Hunt,RB,2.2
12,423.l.168824.t.16,423.p.26804,Latavius Murray,RB,6.3
12,423.l.168824.t.16,423.p.40048,Dalton Kincaid,TE,6.3
12,423.l.168824.t.16,423.p.28457,Tyler Lockett,WR,4.5
12,423.l.168824.t.16,423.p.32010,Gardner Minshew,QB,15.64
12,423.l.168824.t.16,423.p.30202,D'Onta Foreman,RB,0.0
12,423.l.168824.t.16,423.p.40068,Will Levis,QB,7.1
12,423.l.168824.t.16,423.p.40039,Zay Flowers,WR,20.7
12,423.l.168824.t.16,423.p.32713,Cole Kmet,TE,7.8
12,423.l.168824.t.16,423.p.30117,Leonard Fournette,RB,0.0
12,423.l.168824.t.16,423.p.25718,Ryan Tannehill,QB,0.0
12,423.l.168824.t.16,423.p.33781,Riley Patterson,K,0.0
12,423.l.168824.t.16,423.p.100025,49ers,DEF,14.0
12,423.l.168824.t.7,423.p.33399,Justin Fields,QB,10.58
12,423.l.168824.t.7,423.p.31896,DK Metcalf,WR,4.7
12,423.l.168824.t.7,423.p.31883,A.J. Brown,WR,12.2
12,423.l.168824.t.7,423.p.31424,Gus Edwards,RB,4.2
12,423.l.168824.t.7,423.p.40055,Bijan Robinson,RB,25.8
12,423.l.168824.t.7,423.p.33891,Jack Stoll,TE,1.9
12,423.l.168824.t.7,423.p.33514,Chuba Hubbard,RB,17.7
12,423.l.168824.t.7,423.p.29238,Ezekiel Elliott,RB,6.2
12,423.l.168824.t.7,423.p.31641,Brandon Powell,WR,6.2
12,423.l.168824.t.7,423.p.33538,Kenneth Gainwell,RB,4.6
12,423.l.168824.t.7,423.p.30538,P.J. Walker,QB,0.14
12,423.l.168824.t.7,423.p.26721,Matt Barkley,QB,0.0
12,423.l.168824.t.7,423.p.31945,Justice Hill,RB,3.1
12,423.l.168824.t.7,423.p.31019,Dallas Goedert,TE,0.0
12,423.l.168824.t.7,423.p.30266,Jake Elliott,K,9.0
12,423.l.168824.t.7,423.p.100017,Patriots,DEF,12.0
12,423.l.168824.t.6,423.p.33975,Kenny Pickett,QB,11.62
12,423.l.168824.t.6,423.p.31898,Diontae Johnson,WR,7.0
12,423.l.168824.t.6,423.p.33398,DeVonta Smith,WR,20.1
12,423.l.168824.t.6,423.p.33412,Najee Harris,RB,15.9
12,423.l.168824.t.6,423.p.33423,Javonte Williams,RB,8.6
12,423.l.168824.t.6,423.p.26686,Travis Kelce,TE,12.1
12,423.l.168824.t.6,423.p.34085,Jake Ferguson,TE,4.0
12,423.l.168824.t.6,423.p.27564,Derek Carr,QB,11.86
12,423.l.168824.t.6,423.p.32846,K.J. Osborn,WR,4.9
12,423.l.168824.t.6,423.p.27624,Jerick McKinnon,RB,0.0
12,423.l.168824.t.6,423.p.33100,Rico Dowdle,RB,9.1
12,423.l.168824.t.6,423.p.28408,Nelson Agholor,WR,2.6
12,423.l.168824.t.6,423.p.24793,Julio Jones,WR,0.5
12,423.l.168824.t.6,423.p.28390,Marcus Mariota,QB,0.0
12,423.l.168824.t.6,423.p.32858,Tyler Bass,K,12.0
12,423.l.168824.t.6,423.p.100020,Jets,DEF,13.0
12,423.l.168824.t.13,423.p.31431,Tim Boyle,QB,9.36
12,423.l.168824.t.13,423.p.34007,George Pickens,WR,7.3
12,423.l.168824.t.13,423.p.29399,Tyreek Hill,WR,20.9
12,423.l.168824.t.13,423.p.33991,Breece Hall,RB,8.4
12,423.l.168824.t.13,423.p.32711,Jonathan Taylor,RB,21.1
12,423.l.168824.t.13,423.p.31107,Dalton Schultz,TE,0.7
12,423.l.168824.t.13,423.p.30153,Curtis Samuel,WR,14.5
12,423.l.168824.t.13,423.p.30182,Cooper Kupp,WR,3.3
12,423.l.168824.t.13,423.p.32782,Joshua Kelley,RB,2.4
12,423.l.168824.t.13,423.p.29236,Carson Wentz,QB,0.0
12,423.l.168824.t.13,423.p.28389,Jameis Winston,QB,0.0
12,423.l.168824.t.13,423.p.34320,Jordan Mason,RB,0.0
12,423.l.168824.t.13,423.p.30788,Cooper Rush,QB,0.0
12,423.l.168824.t.13,423.p.34093,Bailey Zappe,QB,1.16
12,423.l.168824.t.13,423.p.25881,Greg Zuerlein,K,1.0
12,423.l.168824.t.13,423.p.100014,Rams,DEF,5.0
12,423.l.168824.t.3,423.p.31002,Lamar Jackson,QB,14.98
12,423.l.168824.t.3,423.p.31908,Terry McLaurin,WR,7.0
12,423.l.168824.t.3,423.p.31010,Courtland Sutton,WR,7.6
12,423.l.168824.t.3,423.p.31906,Devin Singletary,RB,10.2
12,423.l.168824.t.3,423.p.34207,Isiah Pacheco,RB,23.4
12,423.l.168824.t.3,423.p.30213,Jonnu Smith,TE,0.0
12,423.l.168824.t.3,423.p.40041,Jaxon Smith-Njigba,WR,5.1
12,423.l.168824.t.3,423.p.40195,Dorian Thompson-Robinson,QB,11.46
12,423.l.168824.t.3,423.p.40119,Tyjae Spears,RB,1.2
12,423.l.168824.t.3,423.p.31041,Royce Freeman,RB,13.7
12,423.l.168824.t.3,423.p.40051,Quentin Johnston,WR,1.2
12,423.l.168824.t.3,423.p.31114,Justin Watson,WR,6.8
12,423.l.168824.t.3,423.p.33967,Jameson Williams,WR,6.1
12,423.l.168824.t.3,423.p.28378,Jason Myers,K,9.0
12,423.l.168824.t.3,423.p.100004,Bengals,DEF,5.0
12,423.l.168824.t.3,423.p.100024,Chargers,DEF,3.0
13,423.l.168824.t.15,423.p.31833,Kyler Murray,QB,11.8
13,423.l.168824.t.15,423.p.27535,Mike Evans,WR,25.7
13,423.l.168824.t.15,423.p.32695,Brandon Aiyuk,WR,13.1
13,423.l.168824.t.15,423.p.30218,James Conner,RB,22.5
13,423.l.168824.t.15,423.p.33508,Rhamondre Stevenson,RB,2.4
13,423.l.168824.t.15,423.p.30259,George Kittle,TE,8.8
13,423.l.168824.t.15,423.p.32704,Michael Pittman Jr.,WR,22.0
13,423.l.168824.t.15,423.p.9265,Matthew Stafford,QB,22.96
13,423.l.168824.t.15,423.p.40064,Sam LaPorta,TE,24.5
13,423.l.168824.t.15,423.p.32732,A.J. Dillon,RB,9.2
13,423.l.168824.t.15,423.p.40430,Emari Demercado,RB,0.0
13,423.l.168824.t.15,423.p.34030,Desmond Ridder,QB,8.84
13,423.l.168824.t.15,423.p.24822,Andy Dalton,QB,0.0
13,423.l.168824.t.15,423.p.31977,Matt Gay,K,14.0
13,423.l.168824.t.15,423.p.100007,Broncos,DEF,5.0
13,423.l.168824.t.15,423.p.100021,Eagles,DEF,-2.0
13,423.l.168824.t.14,423.p.32676,Justin Herbert,QB,7.98
13,423.l.168824.t.14,423.p.40097,Tank Dell,WR,0.0
13,423.l.168824.t.14,423.p.40168,Puka Nacua,WR,21.9
13,423.l.168824.t.14,423.p.34047,Rachaad White,RB,18.1
13,423.l.168824.t.14,423.p.30180,Alvin Kamara,RB,25.9
13,423.l.168824.t.14,423.p.30142,David Njoku,TE,2.7
13,423.l.168824.t.14,423.p.28392,Amari Cooper,WR,4.9
13,423.l.168824.t.14,423.p.34100,Sam Howell,QB,20.18
13,423.l.168824.t.14,423.p.30295,Aaron Jones Sr.,RB,0.0
13,423.l.168824.t.14,423.p.32703,Tee Higgins,WR,5.1
13,423.l.168824.t.14,423.p.33403,Mac Jones,QB,0.0
13,423.l.168824.t.14,423.p.32736,Antonio Gibson,RB,9.2
13,423.l.168824.t.14,423.p.31965,Jarrett Stidham,QB,0.0
13,423.l.168824.t.14,423.p.33408,Kadarius Toney,WR,0.6
13,423.l.168824.t.14,423.p.30346,Harrison Butker,K,7.0
13,423.l.168824.t.14,423.p.100005,Browns,DEF,-1.0
13,423.l.168824.t.9,423.p.30115,Mitchell Trubisky,QB,7.18
13,423.l.168824.t.9,423.p.27277,Adam Thielen,WR,4.0
13,423.l.168824.t.9,423.p.34659,Rashid Shaheed,WR,0.0
13,423.l.168824.t.9,423.p.30121,Christian McCaffrey,RB,20.8
13,423.l.168824.t.9,423.p.34120,Kyren Williams,RB,18.7
13,423.l.168824.t.9,423.p.29344,Tyler Higbee,TE,4.5
13,423.l.168824.t.9,423.p.40223,Trey Palmer,WR,3.5
13,423.l.168824.t.9,423.p.34447,Jaylen Warren,RB,6.0
13,423.l.168824.t.9,423.p.30977,Josh Allen,QB,0.0
13,423.l.168824.t.9,423.p.30248,Joshua Dobbs,QB,0.0
13,423.l.168824.t.9,423.p.34019,James Cook III,RB,0.0
13,423.l.168824.t.9,423.p.27581,Davante Adams,WR,0.0
13,423.l.168824.t.9,423.p.32384,Joey Slye,K,1.0
13,423.l.168824.t.9,423.p.9526,Graham Gano,K,0.0
13,423.l.168824.t.9,423.p.100033,Ravens,DEF,0.0
13,423.l.168824.t.9,423.p.100006,Cowboys,DEF,-1.0
13,423.l.168824.t.2,423.p.32723,Jalen Hurts,QB,23.92
13,423.l.168824.t.2,423.p.32687,CeeDee Lamb,WR,26.6
13,423.l.168824.t.2,423.p.30197,Chris Godwin Jr.,WR,7.9
13,423.l.168824.t.2,423.p.31960,Tony Pollard,RB,15.8
13,423.l.168824.t.2,423.p.34112,Jerome Ford,RB,12.7
13,423.l.168824.t.2,423.p.30157,Gerald Everett,TE,6.4
13,423.l.168824.t.2,423.p.30614,Taysom Hill,TE,14.4
13,423.l.168824.t.2,423.p.30971,Baker Mayfield,QB,10.88
13,423.l.168824.t.2,423.p.33996,Kenneth Walker III,RB,0.0
13,423.l.168824.t.2,423.p.40042,Jordan Addison,WR,0.0
13,423.l.168824.t.2,423.p.31840,T.J. Hockenson,TE,0.0
13,423.l.168824.t.2,423.p.33452,Kyle Trask,QB,0.0
13,423.l.168824.t.2,423.p.32138,Jake Browning,QB,26.16
13,423.l.168824.t.2,423.p.28188,Chris Boswell,K,4.0
13,423.l.168824.t.2,423.p.26534,Justin Tucker,K,0.0
13,423.l.168824.t.2,423.p.100030,Jaguars,DEF,3.0
13,423.l.168824.t.10,423.p.32696,Jordan Love,QB,23.68
13,423.l.168824.t.10,423.p.33394,Jaylen Waddle,WR,7.7
13,423.l.168824.t.10,423.p.32685,Jerry Jeudy,WR,6.6
13,423.l.168824.t.10,423.p.30161,Joe Mixon,RB,26.7
13,423.l.168824.t.10,423.p.28654,Raheem Mostert,RB,11.6
13,423.l.168824.t.10,423.p.34099,Chig Okonkwo,TE,7.9
13,423.l.168824.t.10,423.p.33413,Travis Etienne Jr.,RB,15.9
13,423.l.168824.t.10,423.p.25785,Russell Wilson,QB,18.84
13,423.l.168824.t.10,423.p.33989,Christian Watson,WR,24.1
13,423.l.168824.t.10,423.p.34095,Isaiah Likely,TE,0.0
13,423.l.168824.t.10,423.p.32798,Gabe Davis,WR,0.0
13,423.l.168824.t.10,423.p.33437,Rondale Moore,WR,1.1
13,423.l.168824.t.10,423.p.34054,Brian Robinson Jr.,RB,5.3
13,423.l.168824.t.10,423.p.30426,Younghoe Koo,K,8.0
13,423.l.168824.t.10,423.p.100012,Chiefs,DEF,2.0
13,423.l.168824.t.10,423.p.100008,Lions,DEF,5.0
13,423.l.168824.t.5,423.p.40030,C.J. Stroud,QB,16.06
13,423.l.168824.t.5,423.p.26699,Keenan Allen,WR,8.3
13,423.l.168824.t.5,423.p.40126,Josh Downs,WR,2.9
13,423.l.168824.t.5,423.p.40075,Zach Charbonnet,RB,16.4
13,423.l.168824.t.5,423.p.30227,Samaje Perine,RB,1.6
13,423.l.168824.t.5,423.p.34010,Trey McBride,TE,18.9
13,423.l.168824.t.5,423.p.30150,Zay Jones,WR,10.3
13,423.l.168824.t.5,423.p.40029,Bryce Young,QB,8.12
13,423.l.168824.t.5,423.p.34104,Khalil Shakir,WR,0.0
13,423.l.168824.t.5,423.p.31902,Darrell Henderson Jr.,RB,0.0
13,423.l.168824.t.5,423.p.32201,Jalen Guyton,WR,1.0
13,423.l.168824.t.5,423.p.40162,Roschon Johnson,RB,0.0
13,423.l.168824.t.5,423.p.33465,Joshua Palmer,WR,0.0
13,423.l.168824.t.5,423.p.32692,Justin Jefferson,WR,0.0
13,423.l.168824.t.5,423.p.34344,Cameron Dicker,K,6.0
13,423.l.168824.t.5,423.p.100034,Texans,DEF,10.0
13,423.l.168824.t.8,423.p.34218,Brock Purdy,QB,29.46
13,423.l.168824.t.8,423.p.26650,DeAndre Hopkins,WR,16.4
13,423.l.168824.t.8,423.p.30996,Calvin Ridley,WR,5.3
13,423.l.168824.t.8,423.p.29279,Derrick Henry,RB,24.5
13,423.l.168824.t.8,423.p.40118,De'Von Achane,RB,23.8
13,423.l.168824.t.8,423.p.34062,Cade Otton,TE,0.0
13,423.l.168824.t.8,423.p.31031,DJ Chark,WR,7.1
13,423.l.168824.t.8,423.p.32675,Tua Tagovailoa,QB,19.2
13,423.l.168824.t.8,423.p.27540,Odell Beckham Jr.,WR,0.0
13,423.l.168824.t.8,423.p.34063,Dameon Pierce,RB,10.1
13,423.l.168824.t.8,423.p.31104,Chase Edmonds,RB,1.4
13,423.l.168824.t.8,423.p.31051,Michael Gallup,WR,0.0
13,423.l.168824.t.8,423.p.31180,Braxton Berrios,WR,0.0
13,423.l.168824.t.8,423.p.28638,Trevor Siemian,QB,1.44
13,423.l.168824.t.8,423.p.29754,Wil Lutz,K,5.0
13,423.l.168824.t.8,423.p.100011,Colts,DEF,18.0
13,423.l.168824.t.1,423.p.29235,Jared Goff,QB,16.32
13,423.l.168824.t.1,423.p.33500,Amon-Ra St. Brown,WR,11.9
13,423.l.168824.t.1,423.p.31857,Hollywood Brown,WR,0.0
13,423.l.168824.t.1,423.p.32705,D'Andre Swift,RB,3.0
13,423.l.168824.t.1,423.p.34107,Tyler Allgeier,RB,2.6
13,423.l.168824.t.1,423.p.33443,Pat Freiermuth,TE,4.4
13,423.l.168824.t.1,423.p.33445,Tutu Atwell,WR,1.4
13,423.l.168824.t.1,423.p.33477,Nico Collins,WR,29.6
13,423.l.168824.t.1,423.p.28534,Stefon Diggs,WR,0.0
13,423.l.168824.t.1,423.p.31856,Josh Jacobs,RB,0.0
13,423.l.168824.t.1,423.p.28839,Taylor Heinicke,QB,0.0
13,423.l.168824.t.1,423.p.28592,Darren Waller,TE,0.0
13,423.l.168824.t.1,423.p.30230,Josh Reynolds,WR,1.7
13,423.l.168824.t.1,423.p.27560,Teddy Bridgewater,QB,0.0
13,423.l.168824.t.1,423.p.40819,Brandon Aubrey,K,15.0
13,423.l.168824.t.1,423.p.100023,Steelers,DEF,2.0
13,423.l.168824.t.4,423.p.29369,Dak Prescott,QB,28.26
13,423.l.168824.t.4,423.p.33393,Ja'Marr Chase,WR,26.12
13,423.l.168824.t.4,423.p.33971,Jahan Dotson,WR,3.3
13,423.l.168824.t.4,423.p.31905,David Montgomery,RB,12.0
13,423.l.168824.t.4,423.p.31885,Miles Sanders,RB,3.4
13,423.l.168824.t.4,423.p.27648,Logan Thomas,TE,2.0
13,423.l.168824.t.4,423.p.34088,Romeo Doubs,WR,9.2
13,423.l.168824.t.4,423.p.30123,Patrick Mahomes,QB,14.0
13,423.l.168824.t.4,423.p.40641,Keaton Mitchell,RB,0.0
13,423.l.168824.t.4,423.p.29288,Tyler Boyd,WR,5.7
13,423.l.168824.t.4,423.p.31394,Jeff Wilson Jr.,RB,1.1
13,423.l.168824.t.4,423.p.34125,Ty Chandler,RB,0.0
13,423.l.168824.t.4,423.p.30563,Nick Mullens,QB,0.0
13,423.l.168824.t.4,423.p.31199,Jason Sanders,K,10.0
13,423.l.168824.t.4,423.p.100001,Falcons,DEF,18.0
13,423.l.168824.t.4,423.p.100015,Dolphins,DEF,12.0
13,423.l.168824.t.12,423.p.40138,Aidan O'Connell,QB,0.0
13,423.l.168824.t.12,423.p.33966,Chris Olave,WR,14.4
13,423.l.168824.t.12,423.p.27548,Brandin Cooks,WR,14.5
13,423.l.168824.t.12,423.p.40059,Jahmyr Gibbs,RB,5.9
13,423.l.168824.t.12,423.p.32756,Zack Moss,RB,6.7
13,423.l.168824.t.12,423.p.33392,Kyle Pitts Sr.,TE,7.1
13,423.l.168824.t.12,423.p.31017,Christian Kirk,WR,3.1
13,423.l.168824.t.12,423.p.33422,Elijah Moore,WR,10.3
13,423.l.168824.t.12,423.p.40222,DeMario Douglas,WR,0.0
13,423.l.168824.t.12,423.p.40533,Tommy DeVito,QB,0.0
13,423.l.168824.t.12,423.p.30994,DJ Moore,WR,0.0
13,423.l.168824.t.12,423.p.31934,Alexander Mattison,RB,0.0
13,423.l.168824.t.12,423.p.33605,Khalil Herbert,RB,0.0
13,423.l.168824.t.12,423.p.24967,Tyrod Taylor,QB,0.0
13,423.l.168824.t.12,423.p.33537,Evan McPherson,K,13.0
13,423.l.168824.t.12,423.p.100027,Buccaneers,DEF,7.0
13,423.l.168824.t.11,423.p.33389,Trevor Lawrence,QB,25.12
13,423.l.168824.t.11,423.p.33963,Drake London,WR,1.3
13,423.l.168824.t.11,423.p.40084,Rashee Rice,WR,10.4
13,423.l.168824.t.11,423.p.30423,Austin Ekeler,RB,3.7
13,423.l.168824.t.11,423.p.32608,D'Ernest Johnson,RB,1.4
13,423.l.168824.t.11,423.p.30136,Evan Engram,TE,18.7
13,423.l.168824.t.11,423.p.30352,Noah Brown,WR,0.0
13,423.l.168824.t.11,423.p.8795,Joe Flacco,QB,17.16
13,423.l.168824.t.11,423.p.40063,Jayden Reed,WR,3.6
13,423.l.168824.t.11,423.p.30972,Saquon Barkley,RB,0.0
13,423.l.168824.t.11,423.p.34709,KaVontae Turpin,WR,1.5
13,423.l.168824.t.11,423.p.30973,Sam Darnold,QB,-0.1
13,423.l.168824.t.11,423.p.31141,Mike White,QB,0.12
13,423.l.168824.t.11,423.p.32993,Tyler Huntley,QB,0.0
13,423.l.168824.t.11,423.p.40129,Jake Moody,K,6.0
13,423.l.168824.t.11,423.p.100018,Saints,DEF,0.0
13,423.l.168824.t.16,423.p.26662,Geno Smith,QB,30.96
13,423.l.168824.t.16,423.p.33965,Garrett Wilson,WR,6.5
13,423.l.168824.t.16,423.p.31868,Deebo Samuel,WR,33.8
13,423.l.168824.t.16,423.p.30199,Kareem Hunt,RB,5.3
13,423.l.168824.t.16,423.p.26652,Cordarrelle Patterson,RB,2.2
13,423.l.168824.t.16,423.p.31127,Tyler Conklin,TE,5.0
13,423.l.168824.t.16,423.p.28457,Tyler Lockett,WR,7.2
13,423.l.168824.t.16,423.p.32010,Gardner Minshew,QB,18.68
13,423.l.168824.t.16,423.p.40048,Dalton Kincaid,TE,0.0
13,423.l.168824.t.16,423.p.26804,Latavius Murray,RB,0.0
13,423.l.168824.t.16,423.p.30202,D'Onta Foreman,RB,0.0
13,423.l.168824.t.16,423.p.40068,Will Levis,QB,11.46
13,423.l.168824.t.16,423.p.40039,Zay Flowers,WR,0.0
13,423.l.168824.t.16,423.p.32713,Cole Kmet,TE,0.0
13,423.l.168824.t.16,423.p.33781,Riley Patterson,K,9.0
13,423.l.168824.t.16,423.p.100025,49ers,DEF,4.0
13,423.l.168824.t.7,423.p.40290,Malik Cunningham,QB,0.0
13,423.l.168824.t.7,423.p.31896,DK Metcalf,WR,34.4
13,423.l.168824.t.7,423.p.31883,A.J. Brown,WR,15.4
13,423.l.168824.t.7,423.p.40055,Bijan Robinson,RB,9.4
13,423.l.168824.t.7,423.p.33538,Kenneth Gainwell,RB,7.2
13,423.l.168824.t.7,423.p.33891,Jack Stoll,TE,0.0
13,423.l.168824.t.7,423.p.33514,Chuba Hubbard,RB,22.4
13,423.l.168824.t.7,423.p.29238,Ezekiel Elliott,RB,11.2
13,423.l.168824.t.7,423.p.33399,Justin Fields,QB,0.0
13,423.l.168824.t.7,423.p.31424,Gus Edwards,RB,0.0
13,423.l.168824.t.7,423.p.31641,Brandon Powell,WR,0.0
13,423.l.168824.t.7,423.p.26721,Matt Barkley,QB,0.0
13,423.l.168824.t.7,423.p.31945,Justice Hill,RB,0.0
13,423.l.168824.t.7,423.p.31019,Dallas Goedert,TE,0.0
13,423.l.168824.t.7,423.p.30266,Jake Elliott,K,7.0
13,423.l.168824.t.7,423.p.100017,Patriots,DEF,8.0
13,423.l.168824.t.6,423.p.33975,Kenny Pickett,QB,3.1
13,423.l.168824.t.6,423.p.31898,Diontae Johnson,WR,11.3
13,423.l.168824.t.6,423.p.33398,DeVonta Smith,WR,20.1
13,423.l.168824.t.6,423.p.33412,Najee Harris,RB,8.7
13,423.l.168824.t.6,423.p.33423,Javonte Williams,RB,8.5
13,423.l.168824.t.6,423.p.26686,Travis Kelce,TE,10.1
13,423.l.168824.t.6,423.p.34085,Jake Ferguson,TE,16.7
13,423.l.168824.t.6,423.p.27564,Derek Carr,QB,9.94
13,423.l.168824.t.6,423.p.32846,K.J. Osborn,WR,0.0
13,423.l.168824.t.6,423.p.27624,Jerick McKinnon,RB,0.0
13,423.l.168824.t.6,423.p.33100,Rico Dowdle,RB,2.7
13,423.l.168824.t.6,423.p.28408,Nelson Agholor,WR,0.0
13,423.l.168824.t.6,423.p.24793,Julio Jones,WR,0.0
13,423.l.168824.t.6,423.p.28390,Marcus Mariota,QB,1.24
13,423.l.168824.t.6,423.p.27120,Brandon McManus,K,8.0
13,423.l.168824.t.6,423.p.100020,Jets,DEF,9.0
13,423.l.168824.t.13,423.p.31431,Tim Boyle,QB,5.12
13,423.l.168824.t.13,423.p.34007,George Pickens,WR,10.6
13,423.l.168824.t.13,423.p.29399,Tyreek Hill,WR,29.8
13,423.l.168824.t.13,423.p.33991,Breece Hall,RB,7.5
13,423.l.168824.t.13,423.p.32782,Joshua Kelley,RB,3.5
13,423.l.168824.t.13,423.p.30213,Jonnu Smith,TE,2.0
13,423.l.168824.t.13,423.p.30182,Cooper Kupp,WR,12.9
13,423.l.168824.t.13,423.p.34093,Bailey Zappe,QB,7.24
13,423.l.168824.t.13,423.p.30153,Curtis Samuel,WR,8.5
13,423.l.168824.t.13,423.p.31107,Dalton Schultz,TE,0.0
13,423.l.168824.t.13,423.p.32711,Jonathan Taylor,RB,0.0
13,423.l.168824.t.13,423.p.29236,Carson Wentz,QB,0.0
13,423.l.168824.t.13,423.p.28389,Jameis Winston,QB,1.64
13,423.l.168824.t.13,423.p.30788,Cooper Rush,QB,0.0
13,423.l.168824.t.13,423.p.25881,Greg Zuerlein,K,7.0
13,423.l.168824.t.13,423.p.100014,Rams,DEF,7.0
13,423.l.168824.t.3,423.p.40195,Dorian Thompson-Robinson,QB,0.0
13,423.l.168824.t.3,423.p.31908,Terry McLaurin,WR,0.0
13,423.l.168824.t.3,423.p.31010,Courtland Sutton,WR,14.7
13,423.l.168824.t.3,423.p.31906,Devin Singletary,RB,4.5
13,423.l.168824.t.3,423.p.34207,Isiah Pacheco,RB,19.8
13,423.l.168824.t.3,423.p.33113,Juwan Johnson,TE,0.0
13,423.l.168824.t.3,423.p.40041,Jaxon Smith-Njigba,WR,9.7
13,423.l.168824.t.3,423.p.31114,Justin Watson,WR,0.0
13,423.l.168824.t.3,423.p.31002,Lamar Jackson,QB,0.0
13,423.l.168824.t.3,423.p.40119,Tyjae Spears,RB,10.8
13,423.l.168824.t.3,423.p.31041,Royce Freeman,RB,0.0
13,423.l.168824.t.3,423.p.40051,Quentin Johnston,WR,7.7
13,423.l.168824.t.3,423.p.33967,Jameson Williams,WR,9.5
13,423.l.168824.t.3,423.p.28378,Jason Myers,K,5.0
13,423.l.168824.t.3,423.p.100024,Chargers,DEF,17.0
13,423.l.168824.t.3,423.p.100022,Cardinals,DEF,6.0
14,423.l.168824.t.15,423.p.34030,Desmond Ridder,QB,26.38
14,423.l.168824.t.15,423.p.27535,Mike Evans,WR,1.3
14,423.l.168824.t.15,423.p.32695,Brandon Aiyuk,WR,13.6
14,423.l.168824.t.15,423.p.32732,A.J. Dillon,RB,8.8
14,423.l.168824.t.15,423.p.40696,Jaleel McLaughlin,RB,3.7
14,423.l.168824.t.15,423.p.40064,Sam LaPorta,TE,3.7
14,423.l.168824.t.15,423.p.32704,Michael Pittman Jr.,WR,15.5
14,423.l.168824.t.15,423.p.9265,Matthew Stafford,QB,23.66
14,423.l.168824.t.15,423.p.33508,Rhamondre Stevenson,RB,0.0
14,423.l.168824.t.15,423.p.30259,George Kittle,TE,15.1
14,423.l.168824.t.15,423.p.30218,James Conner,RB,0.0
14,423.l.168824.t.15,423.p.31833,Kyler Murray,QB,0.0
14,423.l.168824.t.15,423.p.40430,Emari Demercado,RB,0.0
14,423.l.168824.t.15,423.p.31977,Matt Gay,K,0.0
14,423.l.168824.t.15,423.p.100007,Broncos,DEF,14.0
14,423.l.168824.t.15,423.p.100021,Eagles,DEF,10.0
14,423.l.168824.t.14,423.p.32676,Justin Herbert,QB,2.84
14,423.l.168824.t.14,423.p.40168,Puka Nacua,WR,11.5
14,423.l.168824.t.14,423.p.32703,Tee Higgins,WR,8.2
14,423.l.168824.t.14,423.p.34047,Rachaad White,RB,20.5
14,423.l.168824.t.14,423.p.30180,Alvin Kamara,RB,12.0
14,423.l.168824.t.14,423.p.30142,David Njoku,TE,24.1
14,423.l.168824.t.14,423.p.28392,Amari Cooper,WR,9.2
14,423.l.168824.t.14,423.p.30295,Aaron Jones Sr.,RB,0.0
14,423.l.168824.t.14,423.p.33408,Kadarius Toney,WR,5.6
14,423.l.168824.t.14,423.p.34100,Sam Howell,QB,0.0
14,423.l.168824.t.14,423.p.33403,Mac Jones,QB,0.0
14,423.l.168824.t.14,423.p.32736,Antonio Gibson,RB,0.0
14,423.l.168824.t.14,423.p.31965,Jarrett Stidham,QB,0.0
14,423.l.168824.t.14,423.p.33999,John Metchie III,WR,1.1
14,423.l.168824.t.14,423.p.30346,Harrison Butker,K,5.0
14,423.l.168824.t.14,423.p.100005,Browns,DEF,12.0
14,423.l.168824.t.9,423.p.30977,Josh Allen,QB,21.52
14,423.l.168824.t.9,423.p.27277,Adam Thielen,WR,9.9
14,423.l.168824.t.9,423.p.27581,Davante Adams,WR,8.8
14,423.l.168824.t.9,423.p.30121,Christian McCaffrey,RB,15.8
14,423.l.168824.t.9,423.p.34120,Kyren Williams,RB,12.8
14,423.l.168824.t.9,423.p.29344,Tyler Higbee,TE,0.0
14,423.l.168824.t.9,423.p.34019,James Cook III,RB,22.6
14,423.l.168824.t.9,423.p.30248,Joshua Dobbs,QB,4.62
14,423.l.168824.t.9,423.p.34447,Jaylen Warren,RB,6.0
14,423.l.168824.t.9,423.p.40223,Trey Palmer,WR,1.3
14,423.l.168824.t.9,423.p.34659,Rashid Shaheed,WR,0.0
14,423.l.168824.t.9,423.p.30115,Mitchell Trubisky,QB,21.6
14,423.l.168824.t.9,423.p.9526,Graham Gano,K,0.0
14,423.l.168824.t.9,423.p.32384,Joey Slye,K,0.0
14,423.l.168824.t.9,423.p.100033,Ravens,DEF,7.0
14,423.l.168824.t.9,423.p.100006,Cowboys,DEF,11.0
14,423.l.168824.t.2,423.p.32723,Jalen Hurts,QB,8.88
14,423.l.168824.t.2,423.p.32687,CeeDee Lamb,WR,16.1
14,423.l.168824.t.2,423.p.40042,Jordan Addison,WR,3.7
14,423.l.168824.t.2,423.p.31960,Tony Pollard,RB,13.1
14,423.l.168824.t.2,423.p.34112,Jerome Ford,RB,10.7
14,423.l.168824.t.2,423.p.31840,T.J. Hockenson,TE,7.8
14,423.l.168824.t.2,423.p.30197,Chris Godwin Jr.,WR,7.8
14,423.l.168824.t.2,423.p.30971,Baker Mayfield,QB,20.06
14,423.l.168824.t.2,423.p.30614,Taysom Hill,TE,0.0
14,423.l.168824.t.2,423.p.32138,Jake Browning,QB,24.7
14,423.l.168824.t.2,423.p.30157,Gerald Everett,TE,6.4
14,423.l.168824.t.2,423.p.33996,Kenneth Walker III,RB,7.4
14,423.l.168824.t.2,423.p.33452,Kyle Trask,QB,0.0
14,423.l.168824.t.2,423.p.26534,Justin Tucker,K,12.0
14,423.l.168824.t.2,423.p.28188,Chris Boswell,K,6.0
14,423.l.168824.t.2,423.p.100030,Jaguars,DEF,6.0
14,423.l.168824.t.10,423.p.32696,Jordan Love,QB,9.92
14,423.l.168824.t.10,423.p.33394,Jaylen Waddle,WR,10.9
14,423.l.168824.t.10,423.p.32685,Jerry Jeudy,WR,2.6
14,423.l.168824.t.10,423.p.30161,Joe Mixon,RB,20.0
14,423.l.168824.t.10,423.p.28654,Raheem Mostert,RB,22.5
14,423.l.168824.t.10,423.p.34099,Chig Okonkwo,TE,7.1
14,423.l.168824.t.10,423.p.33413,Travis Etienne Jr.,RB,15.2
14,423.l.168824.t.10,423.p.25785,Russell Wilson,QB,16.46
14,423.l.168824.t.10,423.p.33989,Christian Watson,WR,0.0
14,423.l.168824.t.10,423.p.34095,Isaiah Likely,TE,16.8
14,423.l.168824.t.10,423.p.32798,Gabe Davis,WR,0.0
14,423.l.168824.t.10,423.p.33437,Rondale Moore,WR,0.0
14,423.l.168824.t.10,423.p.34054,Brian Robinson Jr.,RB,0.0
14,423.l.168824.t.10,423.p.30426,Younghoe Koo,K,5.0
14,423.l.168824.t.10,423.p.100008,Lions,DEF,4.0
14,423.l.168824.t.10,423.p.100012,Chiefs,DEF,6.0
14,423.l.168824.t.5,423.p.40030,C.J. Stroud,QB,3.64
14,423.l.168824.t.5,423.p.26699,Keenan Allen,WR,9.8
14,423.l.168824.t.5,423.p.40126,Josh Downs,WR,4.7
14,423.l.168824.t.5,423.p.40075,Zach Charbonnet,RB,5.3
14,423.l.168824.t.5,423.p.40162,Roschon Johnson,RB,0.6
14,423.l.168824.t.5,423.p.29269,Hunter Henry,TE,17.5
14,423.l.168824.t.5,423.p.32692,Justin Jefferson,WR,3.7
14,423.l.168824.t.5,423.p.40029,Bryce Young,QB,7.48
14,423.l.168824.t.5,423.p.30227,Samaje Perine,RB,6.9
14,423.l.168824.t.5,423.p.34010,Trey McBride,TE,0.0
14,423.l.168824.t.5,423.p.30150,Zay Jones,WR,5.4
14,423.l.168824.t.5,423.p.34104,Khalil Shakir,WR,1.7
14,423.l.168824.t.5,423.p.31902,Darrell Henderson Jr.,RB,0.0
14,423.l.168824.t.5,423.p.33465,Joshua Palmer,WR,0.0
14,423.l.168824.t.5,423.p.34344,Cameron Dicker,K,1.0
14,423.l.168824.t.5,423.p.100034,Texans,DEF,5.0
14,423.l.168824.t.8,423.p.34218,Brock Purdy,QB,22.42
14,423.l.168824.t.8,423.p.26650,DeAndre Hopkins,WR,21.9
14,423.l.168824.t.8,423.p.30996,Calvin Ridley,WR,7.3
14,423.l.168824.t.8,423.p.29279,Derrick Henry,RB,17.6
14,423.l.168824.t.8,423.p.40118,De'Von Achane,RB,9.6
14,423.l.168824.t.8,423.p.34062,Cade Otton,TE,8.6
14,423.l.168824.t.8,423.p.27540,Odell Beckham Jr.,WR,17.7
14,423.l.168824.t.8,423.p.32675,Tua Tagovailoa,QB,9.1
14,423.l.168824.t.8,423.p.31031,DJ Chark,WR,3.6
14,423.l.168824.t.8,423.p.34063,Dameon Pierce,RB,1.2
14,423.l.168824.t.8,423.p.31104,Chase Edmonds,RB,6.8
14,423.l.168824.t.8,423.p.31051,Michael Gallup,WR,12.3
14,423.l.168824.t.8,423.p.31180,Braxton Berrios,WR,2.3
14,423.l.168824.t.8,423.p.28638,Trevor Siemian,QB,0.0
14,423.l.168824.t.8,423.p.29754,Wil Lutz,K,6.0
14,423.l.168824.t.8,423.p.100013,Raiders,DEF,13.0
14,423.l.168824.t.1,423.p.29235,Jared Goff,QB,6.44
14,423.l.168824.t.1,423.p.33500,Amon-Ra St. Brown,WR,3.6
14,423.l.168824.t.1,423.p.28534,Stefon Diggs,WR,4.4
14,423.l.168824.t.1,423.p.32705,D'Andre Swift,RB,3.9
14,423.l.168824.t.1,423.p.31856,Josh Jacobs,RB,6.0
14,423.l.168824.t.1,423.p.33443,Pat Freiermuth,TE,5.3
14,423.l.168824.t.1,423.p.34107,Tyler Allgeier,RB,4.0
14,423.l.168824.t.1,423.p.33477,Nico Collins,WR,1.8
14,423.l.168824.t.1,423.p.33445,Tutu Atwell,WR,0.0
14,423.l.168824.t.1,423.p.31857,Hollywood Brown,WR,0.0
14,423.l.168824.t.1,423.p.28839,Taylor Heinicke,QB,0.0
14,423.l.168824.t.1,423.p.28592,Darren Waller,TE,0.0
14,423.l.168824.t.1,423.p.30230,Josh Reynolds,WR,11.9
14,423.l.168824.t.1,423.p.27560,Teddy Bridgewater,QB,0.0
14,423.l.168824.t.1,423.p.40819,Brandon Aubrey,K,22.0
14,423.l.168824.t.1,423.p.100023,Steelers,DEF,4.0
14,423.l.168824.t.4,423.p.29369,Dak Prescott,QB,17.94
14,423.l.168824.t.4,423.p.33393,Ja'Marr Chase,WR,4.4
14,423.l.168824.t.4,423.p.29288,Tyler Boyd,WR,3.3
14,423.l.168824.t.4,423.p.31905,David Montgomery,RB,10.0
14,423.l.168824.t.4,423.p.40641,Keaton Mitchell,RB,6.7
14,423.l.168824.t.4,423.p.40102,Tucker Kraft,TE,8.4
14,423.l.168824.t.4,423.p.34088,Romeo Doubs,WR,5.2
14,423.l.168824.t.4,423.p.30123,Patrick Mahomes,QB,14.64
14,423.l.168824.t.4,423.p.27648,Logan Thomas,TE,0.0
14,423.l.168824.t.4,423.p.33971,Jahan Dotson,WR,0.0
14,423.l.168824.t.4,423.p.31885,Miles Sanders,RB,7.4
14,423.l.168824.t.4,423.p.31394,Jeff Wilson Jr.,RB,0.0
14,423.l.168824.t.4,423.p.34125,Ty Chandler,RB,5.7
14,423.l.168824.t.4,423.p.31199,Jason Sanders,K,9.0
14,423.l.168824.t.4,423.p.100015,Dolphins,DEF,12.0
14,423.l.168824.t.4,423.p.100001,Falcons,DEF,1.0
14,423.l.168824.t.12,423.p.40138,Aidan O'Connell,QB,6.04
14,423.l.168824.t.12,423.p.33966,Chris Olave,WR,10.8
14,423.l.168824.t.12,423.p.30994,DJ Moore,WR,23.8
14,423.l.168824.t.12,423.p.40059,Jahmyr Gibbs,RB,15.7
14,423.l.168824.t.12,423.p.32756,Zack Moss,RB,7.6
14,423.l.168824.t.12,423.p.33392,Kyle Pitts Sr.,TE,13.2
14,423.l.168824.t.12,423.p.31934,Alexander Mattison,RB,6.6
14,423.l.168824.t.12,423.p.40533,Tommy DeVito,QB,17.42
14,423.l.168824.t.12,423.p.33605,Khalil Herbert,RB,0.8
14,423.l.168824.t.12,423.p.33422,Elijah Moore,WR,5.7
14,423.l.168824.t.12,423.p.27548,Brandin Cooks,WR,4.7
14,423.l.168824.t.12,423.p.40222,DeMario Douglas,WR,0.0
14,423.l.168824.t.12,423.p.24967,Tyrod Taylor,QB,0.0
14,423.l.168824.t.12,423.p.30217,C.J. Beathard,QB,0.0
14,423.l.168824.t.12,423.p.33537,Evan McPherson,K,10.0
14,423.l.168824.t.12,423.p.100009,Packers,DEF,4.0
14,423.l.168824.t.11,423.p.8795,Joe Flacco,QB,21.34
14,423.l.168824.t.11,423.p.33963,Drake London,WR,24.2
14,423.l.168824.t.11,423.p.40084,Rashee Rice,WR,14.7
14,423.l.168824.t.11,423.p.30423,Austin Ekeler,RB,18.5
14,423.l.168824.t.11,423.p.30972,Saquon Barkley,RB,21.6
14,423.l.168824.t.11,423.p.30136,Evan Engram,TE,27.0
14,423.l.168824.t.11,423.p.40063,Jayden Reed,WR,16.5
14,423.l.168824.t.11,423.p.33389,Trevor Lawrence,QB,20.38
14,423.l.168824.t.11,423.p.30352,Noah Brown,WR,0.0
14,423.l.168824.t.11,423.p.32608,D'Ernest Johnson,RB,3.8
14,423.l.168824.t.11,423.p.34709,KaVontae Turpin,WR,2.2
14,423.l.168824.t.11,423.p.30973,Sam Darnold,QB,0.0
14,423.l.168824.t.11,423.p.31141,Mike White,QB,0.0
14,423.l.168824.t.11,423.p.32993,Tyler Huntley,QB,0.0
14,423.l.168824.t.11,423.p.40129,Jake Moody,K,4.0
14,423.l.168824.t.11,423.p.100018,Saints,DEF,22.0
14,423.l.168824.t.16,423.p.32010,Gardner Minshew,QB,15.1
14,423.l.168824.t.16,423.p.33965,Garrett Wilson,WR,15.6
14,423.l.168824.t.16,423.p.31868,Deebo Samuel,WR,30.5
14,423.l.168824.t.16,423.p.30199,Kareem Hunt,RB,9.5
14,423.l.168824.t.16,423.p.30202,D'Onta Foreman,RB,8.2
14,423.l.168824.t.16,423.p.40048,Dalton Kincaid,TE,4.6
14,423.l.168824.t.16,423.p.28457,Tyler Lockett,WR,11.9
14,423.l.168824.t.16,423.p.40068,Will Levis,QB,17.58
14,423.l.168824.t.16,423.p.26662,Geno Smith,QB,0.0
14,423.l.168824.t.16,423.p.31127,Tyler Conklin,TE,7.7
14,423.l.168824.t.16,423.p.26804,Latavius Murray,RB,3.5
14,423.l.168824.t.16,423.p.40039,Zay Flowers,WR,17.0
14,423.l.168824.t.16,423.p.32713,Cole Kmet,TE,9.1
14,423.l.168824.t.16,423.p.30154,Dalvin Cook,RB,1.3
14,423.l.168824.t.16,423.p.33781,Riley Patterson,K,1.0
14,423.l.168824.t.16,423.p.100025,49ers,DEF,9.0
14,423.l.168824.t.7,423.p.33399,Justin Fields,QB,24.72
14,423.l.168824.t.7,423.p.31896,DK Metcalf,WR,12.2
14,423.l.168824.t.7,423.p.31883,A.J. Brown,WR,11.9
14,423.l.168824.t.7,423.p.40055,Bijan Robinson,RB,17.3
14,423.l.168824.t.7,423.p.31424,Gus Edwards,RB,1.5
14,423.l.168824.t.7,423.p.31019,Dallas Goedert,TE,5.0
14,423.l.168824.t.7,423.p.33514,Chuba Hubbard,RB,10.6
14,423.l.168824.t.7,423.p.29238,Ezekiel Elliott,RB,23.5
14,423.l.168824.t.7,423.p.33538,Kenneth Gainwell,RB,2.8
14,423.l.168824.t.7,423.p.33891,Jack Stoll,TE,0.0
14,423.l.168824.t.7,423.p.40290,Malik Cunningham,QB,0.0
14,423.l.168824.t.7,423.p.31641,Brandon Powell,WR,0.0
14,423.l.168824.t.7,423.p.26721,Matt Barkley,QB,0.0
14,423.l.168824.t.7,423.p.31945,Justice Hill,RB,1.7
14,423.l.168824.t.7,423.p.30266,Jake Elliott,K,10.0
14,423.l.168824.t.7,423.p.100017,Patriots,DEF,5.0
14,423.l.168824.t.6,423.p.27564,Derek Carr,QB,11.76
14,423.l.168824.t.6,423.p.31898,Diontae Johnson,WR,13.2
14,423.l.168824.t.6,423.p.33398,DeVonta Smith,WR,7.8
14,423.l.168824.t.6,423.p.33412,Najee Harris,RB,6.3
14,423.l.168824.t.6,423.p.33423,Javonte Williams,RB,16.6
14,423.l.168824.t.6,423.p.26686,Travis Kelce,TE,11.3
14,423.l.168824.t.6,423.p.34085,Jake Ferguson,TE,9.7
14,423.l.168824.t.6,423.p.32231,Jakobi Meyers,WR,5.0
14,423.l.168824.t.6,423.p.32846,K.J. Osborn,WR,3.5
14,423.l.168824.t.6,423.p.33975,Kenny Pickett,QB,0.0
14,423.l.168824.t.6,423.p.27624,Jerick McKinnon,RB,11.2
14,423.l.168824.t.6,423.p.33100,Rico Dowdle,RB,11.7
14,423.l.168824.t.6,423.p.28408,Nelson Agholor,WR,5.7
14,423.l.168824.t.6,423.p.28390,Marcus Mariota,QB,0.0
14,423.l.168824.t.6,423.p.27120,Brandon McManus,K,3.0
14,423.l.168824.t.6,423.p.100016,Vikings,DEF,20.0
14,423.l.168824.t.13,423.p.31431,Tim Boyle,QB,0.0
14,423.l.168824.t.13,423.p.34007,George Pickens,WR,4.4
14,423.l.168824.t.13,423.p.29399,Tyreek Hill,WR,8.1
14,423.l.168824.t.13,423.p.33991,Breece Hall,RB,22.6
14,423.l.168824.t.13,423.p.32782,Joshua Kelley,RB,0.6
14,423.l.168824.t.13,423.p.31107,Dalton Schultz,TE,0.0
14,423.l.168824.t.13,423.p.30182,Cooper Kupp,WR,21.5
14,423.l.168824.t.13,423.p.34093,Bailey Zappe,QB,21.9
14,423.l.168824.t.13,423.p.30213,Jonnu Smith,TE,4.7
14,423.l.168824.t.13,423.p.30153,Curtis Samuel,WR,0.0
14,423.l.168824.t.13,423.p.32711,Jonathan Taylor,RB,0.0
14,423.l.168824.t.13,423.p.29236,Carson Wentz,QB,0.0
14,423.l.168824.t.13,423.p.28389,Jameis Winston,QB,-0.2
14,423.l.168824.t.13,423.p.30788,Cooper Rush,QB,0.0
14,423.l.168824.t.13,423.p.25881,Greg Zuerlein,K,17.0
14,423.l.168824.t.13,423.p.100014,Rams,DEF,2.0
14,423.l.168824.t.3,423.p.31002,Lamar Jackson,QB,32.64
14,423.l.168824.t.3,423.p.31010,Courtland Sutton,WR,13.7
14,423.l.168824.t.3,423.p.40041,Jaxon Smith-Njigba,WR,4.5
14,423.l.168824.t.3,423.p.31906,Devin Singletary,RB,12.5
14,423.l.168824.t.3,423.p.32702,Clyde Edwards-Helaire,RB,7.8
14,423.l.168824.t.3,423.p.31928,Dawson Knox,TE,5.1
14,423.l.168824.t.3,423.p.40119,Tyjae Spears,RB,14.8
14,423.l.168824.t.3,423.p.33390,Zach Wilson,QB,19.24
14,423.l.168824.t.3,423.p.34207,Isiah Pacheco,RB,0.0
14,423.l.168824.t.3,423.p.33967,Jameson Williams,WR,0.4
14,423.l.168824.t.3,423.p.31908,Terry McLaurin,WR,0.0
14,423.l.168824.t.3,423.p.40195,Dorian Thompson-Robinson,QB,0.5
14,423.l.168824.t.3,423.p.40196,Chase Brown,RB,18.0
14,423.l.168824.t.3,423.p.31874,Drew Lock,QB,17.26
14,423.l.168824.t.3,423.p.32858,Tyler Bass,K,8.0
14,423.l.168824.t.3,423.p.100024,Chargers,DEF,4.0
15,423.l.168824.t.15,423.p.31833,Kyler Murray,QB,15.34
15,423.l.168824.t.15,423.p.27535,Mike Evans,WR,13.7
15,423.l.168824.t.15,423.p.32695,Brandon Aiyuk,WR,5.2
15,423.l.168824.t.15,423.p.30218,James Conner,RB,16.4
15,423.l.168824.t.15,423.p.40231,Chris Rodriguez Jr.,RB,3.5
15,423.l.168824.t.15,423.p.40064,Sam LaPorta,TE,26.1
15,423.l.168824.t.15,423.p.32704,Michael Pittman Jr.,WR,9.8
15,423.l.168824.t.15,423.p.9265,Matthew Stafford,QB,18.52
15,423.l.168824.t.15,423.p.32732,A.J. Dillon,RB,0.0
15,423.l.168824.t.15,423.p.34030,Desmond Ridder,QB,8.88
15,423.l.168824.t.15,423.p.33508,Rhamondre Stevenson,RB,0.0
15,423.l.168824.t.15,423.p.30259,George Kittle,TE,6.4
15,423.l.168824.t.15,423.p.40430,Emari Demercado,RB,13.5
15,423.l.168824.t.15,423.p.28378,Jason Myers,K,9.0
15,423.l.168824.t.15,423.p.100021,Eagles,DEF,3.0
15,423.l.168824.t.15,423.p.100007,Broncos,DEF,-2.0
15,423.l.168824.t.14,423.p.34100,Sam Howell,QB,9.28
15,423.l.168824.t.14,423.p.40168,Puka Nacua,WR,7.8
15,423.l.168824.t.14,423.p.32703,Tee Higgins,WR,20.1
15,423.l.168824.t.14,423.p.34047,Rachaad White,RB,20.9
15,423.l.168824.t.14,423.p.30180,Alvin Kamara,RB,13.5
15,423.l.168824.t.14,423.p.30142,David Njoku,TE,21.4
15,423.l.168824.t.14,423.p.28392,Amari Cooper,WR,18.9
15,423.l.168824.t.14,423.p.30295,Aaron Jones Sr.,RB,8.9
15,423.l.168824.t.14,423.p.32736,Antonio Gibson,RB,6.0
15,423.l.168824.t.14,423.p.33408,Kadarius Toney,WR,1.5
15,423.l.168824.t.14,423.p.33403,Mac Jones,QB,0.0
15,423.l.168824.t.14,423.p.33455,Davis Mills,QB,0.0
15,423.l.168824.t.14,423.p.31874,Drew Lock,QB,12.12
15,423.l.168824.t.14,423.p.8937,Josh Johnson,QB,0.0
15,423.l.168824.t.14,423.p.30346,Harrison Butker,K,11.0
15,423.l.168824.t.14,423.p.100005,Browns,DEF,13.0
15,423.l.168824.t.9,423.p.30977,Josh Allen,QB,16.16
15,423.l.168824.t.9,423.p.27277,Adam Thielen,WR,6.3
15,423.l.168824.t.9,423.p.27581,Davante Adams,WR,20.1
15,423.l.168824.t.9,423.p.30121,Christian McCaffrey,RB,39.2
15,423.l.168824.t.9,423.p.34120,Kyren Williams,RB,22.0
15,423.l.168824.t.9,423.p.29344,Tyler Higbee,TE,5.6
15,423.l.168824.t.9,423.p.34019,James Cook III,RB,35.1
15,423.l.168824.t.9,423.p.34447,Jaylen Warren,RB,9.3
15,423.l.168824.t.9,423.p.30248,Joshua Dobbs,QB,0.0
15,423.l.168824.t.9,423.p.40223,Trey Palmer,WR,1.0
15,423.l.168824.t.9,423.p.34659,Rashid Shaheed,WR,5.1
15,423.l.168824.t.9,423.p.30115,Mitchell Trubisky,QB,14.86
15,423.l.168824.t.9,423.p.32384,Joey Slye,K,2.0
15,423.l.168824.t.9,423.p.9526,Graham Gano,K,0.0
15,423.l.168824.t.9,423.p.100033,Ravens,DEF,9.0
15,423.l.168824.t.9,423.p.100006,Cowboys,DEF,0.0
15,423.l.168824.t.2,423.p.32723,Jalen Hurts,QB,23.92
15,423.l.168824.t.2,423.p.32687,CeeDee Lamb,WR,15.1
15,423.l.168824.t.2,423.p.40042,Jordan Addison,WR,26.1
15,423.l.168824.t.2,423.p.31960,Tony Pollard,RB,6.7
15,423.l.168824.t.2,423.p.33996,Kenneth Walker III,RB,18.7
15,423.l.168824.t.2,423.p.31840,T.J. Hockenson,TE,9.3
15,423.l.168824.t.2,423.p.34112,Jerome Ford,RB,5.1
15,423.l.168824.t.2,423.p.32138,Jake Browning,QB,19.96
15,423.l.168824.t.2,423.p.30197,Chris Godwin Jr.,WR,20.5
15,423.l.168824.t.2,423.p.30971,Baker Mayfield,QB,29.04
15,423.l.168824.t.2,423.p.30614,Taysom Hill,TE,1.0
15,423.l.168824.t.2,423.p.30157,Gerald Everett,TE,6.6
15,423.l.168824.t.2,423.p.33452,Kyle Trask,QB,0.0
15,423.l.168824.t.2,423.p.26534,Justin Tucker,K,12.0
15,423.l.168824.t.2,423.p.28188,Chris Boswell,K,1.0
15,423.l.168824.t.2,423.p.100004,Bengals,DEF,7.0
15,423.l.168824.t.10,423.p.32696,Jordan Love,QB,17.46
15,423.l.168824.t.10,423.p.33394,Jaylen Waddle,WR,24.2
15,423.l.168824.t.10,423.p.32685,Jerry Jeudy,WR,8.9
15,423.l.168824.t.10,423.p.30161,Joe Mixon,RB,13.6
15,423.l.168824.t.10,423.p.28654,Raheem Mostert,RB,17.3
15,423.l.168824.t.10,423.p.34095,Isaiah Likely,TE,15.5
15,423.l.168824.t.10,423.p.33413,Travis Etienne Jr.,RB,7.9
15,423.l.168824.t.10,423.p.25785,Russell Wilson,QB,17.52
15,423.l.168824.t.10,423.p.34099,Chig Okonkwo,TE,5.1
15,423.l.168824.t.10,423.p.33989,Christian Watson,WR,0.0
15,423.l.168824.t.10,423.p.32798,Gabe Davis,WR,0.0
15,423.l.168824.t.10,423.p.34054,Brian Robinson Jr.,RB,0.0
15,423.l.168824.t.10,423.p.33998,Wan'Dale Robinson,WR,4.5
15,423.l.168824.t.10,423.p.30426,Younghoe Koo,K,1.0
15,423.l.168824.t.10,423.p.100012,Chiefs,DEF,7.0
15,423.l.168824.t.10,423.p.100008,Lions,DEF,5.0
15,423.l.168824.t.5,423.p.40029,Bryce Young,QB,7.58
15,423.l.168824.t.5,423.p.40126,Josh Downs,WR,3.4
15,423.l.168824.t.5,423.p.33465,Joshua Palmer,WR,19.3
15,423.l.168824.t.5,423.p.40075,Zach Charbonnet,RB,1.6
15,423.l.168824.t.5,423.p.40162,Roschon Johnson,RB,8.0
15,423.l.168824.t.5,423.p.34010,Trey McBride,TE,15.2
15,423.l.168824.t.5,423.p.32692,Justin Jefferson,WR,11.9
15,423.l.168824.t.5,423.p.30150,Zay Jones,WR,8.4
15,423.l.168824.t.5,423.p.40030,C.J. Stroud,QB,0.0
15,423.l.168824.t.5,423.p.26699,Keenan Allen,WR,0.0
15,423.l.168824.t.5,423.p.29269,Hunter Henry,TE,16.1
15,423.l.168824.t.5,423.p.30227,Samaje Perine,RB,5.3
15,423.l.168824.t.5,423.p.34104,Khalil Shakir,WR,0.0
15,423.l.168824.t.5,423.p.31902,Darrell Henderson Jr.,RB,0.0
15,423.l.168824.t.5,423.p.34344,Cameron Dicker,K,3.0
15,423.l.168824.t.5,423.p.100034,Texans,DEF,13.0
15,423.l.168824.t.8,423.p.34218,Brock Purdy,QB,25.68
15,423.l.168824.t.8,423.p.26650,DeAndre Hopkins,WR,3.1
15,423.l.168824.t.8,423.p.30996,Calvin Ridley,WR,6.4
15,423.l.168824.t.8,423.p.29279,Derrick Henry,RB,3.0
15,423.l.168824.t.8,423.p.40118,De'Von Achane,RB,7.7
15,423.l.168824.t.8,423.p.34062,Cade Otton,TE,5.4
15,423.l.168824.t.8,423.p.27540,Odell Beckham Jr.,WR,1.9
15,423.l.168824.t.8,423.p.32675,Tua Tagovailoa,QB,12.96
15,423.l.168824.t.8,423.p.31031,DJ Chark,WR,2.3
15,423.l.168824.t.8,423.p.34063,Dameon Pierce,RB,0.3
15,423.l.168824.t.8,423.p.31104,Chase Edmonds,RB,1.3
15,423.l.168824.t.8,423.p.31051,Michael Gallup,WR,1.4
15,423.l.168824.t.8,423.p.31180,Braxton Berrios,WR,1.7
15,423.l.168824.t.8,423.p.28638,Trevor Siemian,QB,0.4
15,423.l.168824.t.8,423.p.29754,Wil Lutz,K,5.0
15,423.l.168824.t.8,423.p.100013,Raiders,DEF,25.0
15,423.l.168824.t.1,423.p.29235,Jared Goff,QB,31.12
15,423.l.168824.t.1,423.p.33500,Amon-Ra St. Brown,WR,20.7
15,423.l.168824.t.1,423.p.28534,Stefon Diggs,WR,6.8
15,423.l.168824.t.1,423.p.32705,D'Andre Swift,RB,8.5
15,423.l.168824.t.1,423.p.28442,Ameer Abdullah,RB,5.5
15,423.l.168824.t.1,423.p.33443,Pat Freiermuth,TE,3.1
15,423.l.168824.t.1,423.p.31857,Hollywood Brown,WR,0.0
15,423.l.168824.t.1,423.p.33477,Nico Collins,WR,0.0
15,423.l.168824.t.1,423.p.28592,Darren Waller,TE,6.0
15,423.l.168824.t.1,423.p.31856,Josh Jacobs,RB,0.0
15,423.l.168824.t.1,423.p.34107,Tyler Allgeier,RB,5.6
15,423.l.168824.t.1,423.p.28839,Taylor Heinicke,QB,0.0
15,423.l.168824.t.1,423.p.30230,Josh Reynolds,WR,5.1
15,423.l.168824.t.1,423.p.27560,Teddy Bridgewater,QB,0.0
15,423.l.168824.t.1,423.p.40819,Brandon Aubrey,K,4.0
15,423.l.168824.t.1,423.p.100023,Steelers,DEF,4.0
15,423.l.168824.t.4,423.p.29369,Dak Prescott,QB,7.06
15,423.l.168824.t.4,423.p.33393,Ja'Marr Chase,WR,8.4
15,423.l.168824.t.4,423.p.33971,Jahan Dotson,WR,1.7
15,423.l.168824.t.4,423.p.31905,David Montgomery,RB,9.2
15,423.l.168824.t.4,423.p.40641,Keaton Mitchell,RB,9.8
15,423.l.168824.t.4,423.p.27648,Logan Thomas,TE,1.2
15,423.l.168824.t.4,423.p.34125,Ty Chandler,RB,23.2
15,423.l.168824.t.4,423.p.30123,Patrick Mahomes,QB,17.7
15,423.l.168824.t.4,423.p.34088,Romeo Doubs,WR,4.5
15,423.l.168824.t.4,423.p.40102,Tucker Kraft,TE,13.7
15,423.l.168824.t.4,423.p.29288,Tyler Boyd,WR,6.3
15,423.l.168824.t.4,423.p.31885,Miles Sanders,RB,2.3
15,423.l.168824.t.4,423.p.31394,Jeff Wilson Jr.,RB,1.1
15,423.l.168824.t.4,423.p.31199,Jason Sanders,K,12.0
15,423.l.168824.t.4,423.p.100015,Dolphins,DEF,24.0
15,423.l.168824.t.4,423.p.100001,Falcons,DEF,7.0
15,423.l.168824.t.12,423.p.40138,Aidan O'Connell,QB,25.92
15,423.l.168824.t.12,423.p.30994,DJ Moore,WR,7.2
15,423.l.168824.t.12,423.p.40222,DeMario Douglas,WR,4.8
15,423.l.168824.t.12,423.p.40059,Jahmyr Gibbs,RB,23.8
15,423.l.168824.t.12,423.p.32756,Zack Moss,RB,10.8
15,423.l.168824.t.12,423.p.33392,Kyle Pitts Sr.,TE,5.2
15,423.l.168824.t.12,423.p.33422,Elijah Moore,WR,2.7
15,423.l.168824.t.12,423.p.40533,Tommy DeVito,QB,10.68
15,423.l.168824.t.12,423.p.27548,Brandin Cooks,WR,2.0
15,423.l.168824.t.12,423.p.33966,Chris Olave,WR,0.0
15,423.l.168824.t.12,423.p.31934,Alexander Mattison,RB,0.0
15,423.l.168824.t.12,423.p.33605,Khalil Herbert,RB,1.7
15,423.l.168824.t.12,423.p.24967,Tyrod Taylor,QB,0.52
15,423.l.168824.t.12,423.p.30563,Nick Mullens,QB,19.12
15,423.l.168824.t.12,423.p.33537,Evan McPherson,K,9.0
15,423.l.168824.t.12,423.p.100009,Packers,DEF,6.0
15,423.l.168824.t.11,423.p.8795,Joe Flacco,QB,19.86
15,423.l.168824.t.11,423.p.33963,Drake London,WR,3.4
15,423.l.168824.t.11,423.p.40084,Rashee Rice,WR,19.6
15,423.l.168824.t.11,423.p.30423,Austin Ekeler,RB,5.8
15,423.l.168824.t.11,423.p.30972,Saquon Barkley,RB,4.7
15,423.l.168824.t.11,423.p.30136,Evan Engram,TE,4.8
15,423.l.168824.t.11,423.p.40063,Jayden Reed,WR,14.2
15,423.l.168824.t.11,423.p.33389,Trevor Lawrence,QB,14.66
15,423.l.168824.t.11,423.p.30352,Noah Brown,WR,18.2
15,423.l.168824.t.11,423.p.32608,D'Ernest Johnson,RB,0.5
15,423.l.168824.t.11,423.p.30973,Sam Darnold,QB,0.6
15,423.l.168824.t.11,423.p.31141,Mike White,QB,-0.04
15,423.l.168824.t.11,423.p.32993,Tyler Huntley,QB,0.0
15,423.l.168824.t.11,423.p.30217,C.J. Beathard,QB,0.0
15,423.l.168824.t.11,423.p.40129,Jake Moody,K,10.0
15,423.l.168824.t.11,423.p.100018,Saints,DEF,15.0
15,423.l.168824.t.16,423.p.32010,Gardner Minshew,QB,20.6
15,423.l.168824.t.16,423.p.33965,Garrett Wilson,WR,4.4
15,423.l.168824.t.16,423.p.31868,Deebo Samuel,WR,19.9
15,423.l.168824.t.16,423.p.30199,Kareem Hunt,RB,2.5
15,423.l.168824.t.16,423.p.30202,D'Onta Foreman,RB,-0.6
15,423.l.168824.t.16,423.p.40048,Dalton Kincaid,TE,0.0
15,423.l.168824.t.16,423.p.28457,Tyler Lockett,WR,3.6
15,423.l.168824.t.16,423.p.40068,Will Levis,QB,15.46
15,423.l.168824.t.16,423.p.26662,Geno Smith,QB,0.0
15,423.l.168824.t.16,423.p.31127,Tyler Conklin,TE,3.8
15,423.l.168824.t.16,423.p.26804,Latavius Murray,RB,7.1
15,423.l.168824.t.16,423.p.40039,Zay Flowers,WR,1.2
15,423.l.168824.t.16,423.p.32713,Cole Kmet,TE,10.8
15,423.l.168824.t.16,423.p.30154,Dalvin Cook,RB,1.5
15,423.l.168824.t.16,423.p.33781,Riley Patterson,K,0.0
15,423.l.168824.t.16,423.p.100025,49ers,DEF,12.0
15,423.l.168824.t.7,423.p.33399,Justin Fields,QB,11.64
15,423.l.168824.t.7,423.p.31896,DK Metcalf,WR,10.3
15,423.l.168824.t.7,423.p.31883,A.J. Brown,WR,8.1
15,423.l.168824.t.7,423.p.40055,Bijan Robinson,RB,-0.1
15,423.l.168824.t.7,423.p.29238,Ezekiel Elliott,RB,7.1
15,423.l.168824.t.7,423.p.31019,Dallas Goedert,TE,5.1
15,423.l.168824.t.7,423.p.33514,Chuba Hubbard,RB,11.3
15,423.l.168824.t.7,423.p.26483,Case Keenum,QB,12.26
15,423.l.168824.t.7,423.p.31424,Gus Edwards,RB,13.4
15,423.l.168824.t.7,423.p.33538,Kenneth Gainwell,RB,2.1
15,423.l.168824.t.7,423.p.33891,Jack Stoll,TE,0.0
15,423.l.168824.t.7,423.p.40290,Malik Cunningham,QB,0.0
15,423.l.168824.t.7,423.p.31641,Brandon Powell,WR,0.0
15,423.l.168824.t.7,423.p.26721,Matt Barkley,QB,0.0
15,423.l.168824.t.7,423.p.30266,Jake Elliott,K,5.0
15,423.l.168824.t.7,423.p.100003,Bears,DEF,17.0
15,423.l.168824.t.6,423.p.27564,Derek Carr,QB,20.32
15,423.l.168824.t.6,423.p.33398,DeVonta Smith,WR,7.5
15,423.l.168824.t.6,423.p.32231,Jakobi Meyers,WR,14.68
15,423.l.168824.t.6,423.p.33412,Najee Harris,RB,1.3
15,423.l.168824.t.6,423.p.33423,Javonte Williams,RB,3.0
15,423.l.168824.t.6,423.p.26686,Travis Kelce,TE,5.3
15,423.l.168824.t.6,423.p.34085,Jake Ferguson,TE,7.4
15,423.l.168824.t.6,423.p.31998,Easton Stick,QB,18.38
15,423.l.168824.t.6,423.p.31898,Diontae Johnson,WR,14.2
15,423.l.168824.t.6,423.p.32846,K.J. Osborn,WR,0.8
15,423.l.168824.t.6,423.p.33975,Kenny Pickett,QB,0.0
15,423.l.168824.t.6,423.p.27624,Jerick McKinnon,RB,14.66
15,423.l.168824.t.6,423.p.33100,Rico Dowdle,RB,2.2
15,423.l.168824.t.6,423.p.28390,Marcus Mariota,QB,0.0
15,423.l.168824.t.6,423.p.27120,Brandon McManus,K,1.0
15,423.l.168824.t.6,423.p.100011,Colts,DEF,14.0
15,423.l.168824.t.13,423.p.31431,Tim Boyle,QB,0.0
15,423.l.168824.t.13,423.p.34007,George Pickens,WR,6.2
15,423.l.168824.t.13,423.p.30153,Curtis Samuel,WR,18.6
15,423.l.168824.t.13,423.p.33991,Breece Hall,RB,2.3
15,423.l.168824.t.13,423.p.32782,Joshua Kelley,RB,1.3
15,423.l.168824.t.13,423.p.31107,Dalton Schultz,TE,7.8
15,423.l.168824.t.13,423.p.30182,Cooper Kupp,WR,21.1
15,423.l.168824.t.13,423.p.34093,Bailey Zappe,QB,10.4
15,423.l.168824.t.13,423.p.29399,Tyreek Hill,WR,0.0
15,423.l.168824.t.13,423.p.30213,Jonnu Smith,TE,7.1
15,423.l.168824.t.13,423.p.32711,Jonathan Taylor,RB,0.0
15,423.l.168824.t.13,423.p.29236,Carson Wentz,QB,0.0
15,423.l.168824.t.13,423.p.28389,Jameis Winston,QB,0.0
15,423.l.168824.t.13,423.p.30788,Cooper Rush,QB,0.0
15,423.l.168824.t.13,423.p.25881,Greg Zuerlein,K,0.0
15,423.l.168824.t.13,423.p.100014,Rams,DEF,6.0
15,423.l.168824.t.3,423.p.31002,Lamar Jackson,QB,19.54
15,423.l.168824.t.3,423.p.31010,Courtland Sutton,WR,9.6
15,423.l.168824.t.3,423.p.31908,Terry McLaurin,WR,23.1
15,423.l.168824.t.3,423.p.31906,Devin Singletary,RB,19.0
15,423.l.168824.t.3,423.p.32702,Clyde Edwards-Helaire,RB,18.1
15,423.l.168824.t.3,423.p.40065,Michael Mayer,TE,11.9
15,423.l.168824.t.3,423.p.40041,Jaxon Smith-Njigba,WR,12.8
15,423.l.168824.t.3,423.p.33390,Zach Wilson,QB,-0.96
15,423.l.168824.t.3,423.p.34207,Isiah Pacheco,RB,0.0
15,423.l.168824.t.3,423.p.40119,Tyjae Spears,RB,4.2
15,423.l.168824.t.3,423.p.33967,Jameson Williams,WR,6.7
15,423.l.168824.t.3,423.p.40196,Chase Brown,RB,6.6
15,423.l.168824.t.3,423.p.34078,Zamir White,RB,16.0
15,423.l.168824.t.3,423.p.7200,Aaron Rodgers,QB,0.0
15,423.l.168824.t.3,423.p.32858,Tyler Bass,K,7.0
15,423.l.168824.t.3,423.p.100024,Chargers,DEF,-3.0
16,423.l.168824.t.15,423.p.31833,Kyler Murray,QB,20.4
16,423.l.168824.t.15,423.p.27535,Mike Evans,WR,24.1
16,423.l.168824.t.15,423.p.32695,Brandon Aiyuk,WR,14.3
16,423.l.168824.t.15,423.p.30218,James Conner,RB,19.7
16,423.l.168824.t.15,423.p.32732,A.J. Dillon,RB,7.2
16,423.l.168824.t.15,423.p.40064,Sam LaPorta,TE,3.3
16,423.l.168824.t.15,423.p.30259,George Kittle,TE,16.1
16,423.l.168824.t.15,423.p.9265,Matthew Stafford,QB,20.72
16,423.l.168824.t.15,423.p.32704,Michael Pittman Jr.,WR,0.0
16,423.l.168824.t.15,423.p.33508,Rhamondre Stevenson,RB,0.0
16,423.l.168824.t.15,423.p.40231,Chris Rodriguez Jr.,RB,19.0
16,423.l.168824.t.15,423.p.34030,Desmond Ridder,QB,0.0
16,423.l.168824.t.15,423.p.40430,Emari Demercado,RB,8.5
16,423.l.168824.t.15,423.p.28378,Jason Myers,K,8.0
16,423.l.168824.t.15,423.p.100021,Eagles,DEF,4.0
16,423.l.168824.t.15,423.p.100007,Broncos,DEF,5.0
16,423.l.168824.t.14,423.p.34100,Sam Howell,QB,0.24
16,423.l.168824.t.14,423.p.40168,Puka Nacua,WR,28.5
16,423.l.168824.t.14,423.p.32703,Tee Higgins,WR,22.5
16,423.l.168824.t.14,423.p.34047,Rachaad White,RB,16.7
16,423.l.168824.t.14,423.p.30180,Alvin Kamara,RB,6.0
16,423.l.168824.t.14,423.p.30142,David Njoku,TE,13.4
16,423.l.168824.t.14,423.p.28392,Amari Cooper,WR,49.0
16,423.l.168824.t.14,423.p.30295,Aaron Jones Sr.,RB,14.0
16,423.l.168824.t.14,423.p.32736,Antonio Gibson,RB,9.7
16,423.l.168824.t.14,423.p.33403,Mac Jones,QB,0.0
16,423.l.168824.t.14,423.p.33455,Davis Mills,QB,16.86
16,423.l.168824.t.14,423.p.31874,Drew Lock,QB,0.0
16,423.l.168824.t.14,423.p.8937,Josh Johnson,QB,0.0
16,423.l.168824.t.14,423.p.29325,Jacoby Brissett,QB,9.0
16,423.l.168824.t.14,423.p.30346,Harrison Butker,K,2.0
16,423.l.168824.t.14,423.p.100005,Browns,DEF,7.0
16,423.l.168824.t.9,423.p.30977,Josh Allen,QB,25.98
16,423.l.168824.t.9,423.p.27277,Adam Thielen,WR,12.4
16,423.l.168824.t.9,423.p.27581,Davante Adams,WR,0.9
16,423.l.168824.t.9,423.p.30121,Christian McCaffrey,RB,22.1
16,423.l.168824.t.9,423.p.34120,Kyren Williams,RB,16.4
16,423.l.168824.t.9,423.p.29344,Tyler Higbee,TE,4.5
16,423.l.168824.t.9,423.p.34019,James Cook III,RB,5.0
16,423.l.168824.t.9,423.p.34447,Jaylen Warren,RB,7.9
16,423.l.168824.t.9,423.p.30248,Joshua Dobbs,QB,0.0
16,423.l.168824.t.9,423.p.40223,Trey Palmer,WR,6.2
16,423.l.168824.t.9,423.p.34659,Rashid Shaheed,WR,15.9
16,423.l.168824.t.9,423.p.30115,Mitchell Trubisky,QB,0.0
16,423.l.168824.t.9,423.p.32384,Joey Slye,K,4.0
16,423.l.168824.t.9,423.p.9526,Graham Gano,K,0.0
16,423.l.168824.t.9,423.p.100033,Ravens,DEF,15.0
16,423.l.168824.t.9,423.p.100006,Cowboys,DEF,1.0
16,423.l.168824.t.2,423.p.32723,Jalen Hurts,QB,24.44
16,423.l.168824.t.2,423.p.32687,CeeDee Lamb,WR,22.2
16,423.l.168824.t.2,423.p.40042,Jordan Addison,WR,0.7
16,423.l.168824.t.2,423.p.31960,Tony Pollard,RB,4.8
16,423.l.168824.t.2,423.p.33996,Kenneth Walker III,RB,6.1
16,423.l.168824.t.2,423.p.31840,T.J. Hockenson,TE,7.8
16,423.l.168824.t.2,423.p.30197,Chris Godwin Jr.,WR,10.9
16,423.l.168824.t.2,423.p.30971,Baker Mayfield,QB,19.82
16,423.l.168824.t.2,423.p.34112,Jerome Ford,RB,8.8
16,423.l.168824.t.2,423.p.32138,Jake Browning,QB,16.4
16,423.l.168824.t.2,423.p.30614,Taysom Hill,TE,0.2
16,423.l.168824.t.2,423.p.30157,Gerald Everett,TE,7.7
16,423.l.168824.t.2,423.p.33452,Kyle Trask,QB,0.0
16,423.l.168824.t.2,423.p.26534,Justin Tucker,K,16.0
16,423.l.168824.t.2,423.p.28188,Chris Boswell,K,12.0
16,423.l.168824.t.2,423.p.100020,Jets,DEF,8.0
16,423.l.168824.t.10,423.p.32696,Jordan Love,QB,23.96
16,423.l.168824.t.10,423.p.33394,Jaylen Waddle,WR,5.7
16,423.l.168824.t.10,423.p.32798,Gabe Davis,WR,21.0
16,423.l.168824.t.10,423.p.30161,Joe Mixon,RB,8.0
16,423.l.168824.t.10,423.p.28654,Raheem Mostert,RB,11.5
16,423.l.168824.t.10,423.p.34095,Isaiah Likely,TE,7.1
16,423.l.168824.t.10,423.p.33413,Travis Etienne Jr.,RB,4.6
16,423.l.168824.t.10,423.p.25785,Russell Wilson,QB,23.52
16,423.l.168824.t.10,423.p.33989,Christian Watson,WR,0.0
16,423.l.168824.t.10,423.p.32685,Jerry Jeudy,WR,5.9
16,423.l.168824.t.10,423.p.34099,Chig Okonkwo,TE,15.3
16,423.l.168824.t.10,423.p.34054,Brian Robinson Jr.,RB,0.0
16,423.l.168824.t.10,423.p.33998,Wan'Dale Robinson,WR,3.1
16,423.l.168824.t.10,423.p.30426,Younghoe Koo,K,19.0
16,423.l.168824.t.10,423.p.100012,Chiefs,DEF,6.0
16,423.l.168824.t.10,423.p.100008,Lions,DEF,12.0
16,423.l.168824.t.5,423.p.40029,Bryce Young,QB,22.18
16,423.l.168824.t.5,423.p.33465,Joshua Palmer,WR,7.2
16,423.l.168824.t.5,423.p.34104,Khalil Shakir,WR,6.0
16,423.l.168824.t.5,423.p.40075,Zach Charbonnet,RB,0.1
16,423.l.168824.t.5,423.p.40162,Roschon Johnson,RB,6.8
16,423.l.168824.t.5,423.p.34010,Trey McBride,TE,6.1
16,423.l.168824.t.5,423.p.32692,Justin Jefferson,WR,23.1
16,423.l.168824.t.5,423.p.40126,Josh Downs,WR,6.9
16,423.l.168824.t.5,423.p.30150,Zay Jones,WR,0.0
16,423.l.168824.t.5,423.p.40030,C.J. Stroud,QB,0.0
16,423.l.168824.t.5,423.p.26699,Keenan Allen,WR,0.0
16,423.l.168824.t.5,423.p.29269,Hunter Henry,TE,0.0
16,423.l.168824.t.5,423.p.30227,Samaje Perine,RB,4.9
16,423.l.168824.t.5,423.p.31902,Darrell Henderson Jr.,RB,0.0
16,423.l.168824.t.5,423.p.34344,Cameron Dicker,K,21.0
16,423.l.168824.t.5,423.p.100034,Texans,DEF,7.0
16,423.l.168824.t.8,423.p.34218,Brock Purdy,QB,6.4
16,423.l.168824.t.8,423.p.26650,DeAndre Hopkins,WR,3.0
16,423.l.168824.t.8,423.p.30996,Calvin Ridley,WR,22.8
16,423.l.168824.t.8,423.p.29279,Derrick Henry,RB,20.88
16,423.l.168824.t.8,423.p.40118,De'Von Achane,RB,3.6
16,423.l.168824.t.8,423.p.34062,Cade Otton,TE,1.2
16,423.l.168824.t.8,423.p.27540,Odell Beckham Jr.,WR,2.3
16,423.l.168824.t.8,423.p.32675,Tua Tagovailoa,QB,15.52
16,423.l.168824.t.8,423.p.31031,DJ Chark,WR,24.8
16,423.l.168824.t.8,423.p.34063,Dameon Pierce,RB,8.1
16,423.l.168824.t.8,423.p.31104,Chase Edmonds,RB,2.5
16,423.l.168824.t.8,423.p.31051,Michael Gallup,WR,1.4
16,423.l.168824.t.8,423.p.31180,Braxton Berrios,WR,0.0
16,423.l.168824.t.8,423.p.28638,Trevor Siemian,QB,11.48
16,423.l.168824.t.8,423.p.29754,Wil Lutz,K,1.0
16,423.l.168824.t.8,423.p.100013,Raiders,DEF,21.0
16,423.l.168824.t.1,423.p.29235,Jared Goff,QB,14.28
16,423.l.168824.t.1,423.p.33500,Amon-Ra St. Brown,WR,22.6
16,423.l.168824.t.1,423.p.28534,Stefon Diggs,WR,5.4
16,423.l.168824.t.1,423.p.32705,D'Andre Swift,RB,15.2
16,423.l.168824.t.1,423.p.28442,Ameer Abdullah,RB,1.7
16,423.l.168824.t.1,423.p.33443,Pat Freiermuth,TE,0.0
16,423.l.168824.t.1,423.p.31857,Hollywood Brown,WR,0.0
16,423.l.168824.t.1,423.p.33477,Nico Collins,WR,11.8
16,423.l.168824.t.1,423.p.28592,Darren Waller,TE,4.2
16,423.l.168824.t.1,423.p.31856,Josh Jacobs,RB,0.0
16,423.l.168824.t.1,423.p.34107,Tyler Allgeier,RB,15.3
16,423.l.168824.t.1,423.p.28839,Taylor Heinicke,QB,14.16
16,423.l.168824.t.1,423.p.30230,Josh Reynolds,WR,2.1
16,423.l.168824.t.1,423.p.27560,Teddy Bridgewater,QB,0.0
16,423.l.168824.t.1,423.p.40819,Brandon Aubrey,K,9.0
16,423.l.168824.t.1,423.p.100023,Steelers,DEF,13.0
16,423.l.168824.t.4,423.p.29369,Dak Prescott,QB,18.62
16,423.l.168824.t.4,423.p.33971,Jahan Dotson,WR,4.1
16,423.l.168824.t.4,423.p.29288,Tyler Boyd,WR,8.4
16,423.l.168824.t.4,423.p.31905,David Montgomery,RB,13.9
16,423.l.168824.t.4,423.p.34125,Ty Chandler,RB,7.7
16,423.l.168824.t.4,423.p.40102,Tucker Kraft,TE,8.0
16,423.l.168824.t.4,423.p.34088,Romeo Doubs,WR,15.9
16,423.l.168824.t.4,423.p.30123,Patrick Mahomes,QB,17.7
16,423.l.168824.t.4,423.p.40641,Keaton Mitchell,RB,0.0
16,423.l.168824.t.4,423.p.33393,Ja'Marr Chase,WR,0.0
16,423.l.168824.t.4,423.p.27648,Logan Thomas,TE,12.1
16,423.l.168824.t.4,423.p.31885,Miles Sanders,RB,1.3
16,423.l.168824.t.4,423.p.40073,Jonathan Mingo,WR,1.4
16,423.l.168824.t.4,423.p.31199,Jason Sanders,K,22.0
16,423.l.168824.t.4,423.p.100002,Bills,DEF,5.0
16,423.l.168824.t.4,423.p.100001,Falcons,DEF,12.0
16,423.l.168824.t.12,423.p.40138,Aidan O'Connell,QB,2.08
16,423.l.168824.t.12,423.p.30994,DJ Moore,WR,3.3
16,423.l.168824.t.12,423.p.40222,DeMario Douglas,WR,9.9
16,423.l.168824.t.12,423.p.40059,Jahmyr Gibbs,RB,22.0
16,423.l.168824.t.12,423.p.32756,Zack Moss,RB,0.0
16,423.l.168824.t.12,423.p.33392,Kyle Pitts Sr.,TE,12.4
16,423.l.168824.t.12,423.p.33422,Elijah Moore,WR,2.9
16,423.l.168824.t.12,423.p.40533,Tommy DeVito,QB,2.7
16,423.l.168824.t.12,423.p.27548,Brandin Cooks,WR,9.3
16,423.l.168824.t.12,423.p.33966,Chris Olave,WR,18.8
16,423.l.168824.t.12,423.p.31934,Alexander Mattison,RB,-0.1
16,423.l.168824.t.12,423.p.33605,Khalil Herbert,RB,18.6
16,423.l.168824.t.12,423.p.24967,Tyrod Taylor,QB,10.42
16,423.l.168824.t.12,423.p.30563,Nick Mullens,QB,20.54
16,423.l.168824.t.12,423.p.33537,Evan McPherson,K,3.0
16,423.l.168824.t.12,423.p.100009,Packers,DEF,1.0
16,423.l.168824.t.11,423.p.8795,Joe Flacco,QB,26.82
16,423.l.168824.t.11,423.p.33963,Drake London,WR,5.4
16,423.l.168824.t.11,423.p.40084,Rashee Rice,WR,8.7
16,423.l.168824.t.11,423.p.30423,Austin Ekeler,RB,10.1
16,423.l.168824.t.11,423.p.30972,Saquon Barkley,RB,17.9
16,423.l.168824.t.11,423.p.30136,Evan Engram,TE,12.5
16,423.l.168824.t.11,423.p.40063,Jayden Reed,WR,0.0
16,423.l.168824.t.11,423.p.33389,Trevor Lawrence,QB,11.34
16,423.l.168824.t.11,423.p.30352,Noah Brown,WR,5.3
16,423.l.168824.t.11,423.p.32608,D'Ernest Johnson,RB,0.2
16,423.l.168824.t.11,423.p.30973,Sam Darnold,QB,7.14
16,423.l.168824.t.11,423.p.31141,Mike White,QB,0.0
16,423.l.168824.t.11,423.p.32993,Tyler Huntley,QB,0.0
16,423.l.168824.t.11,423.p.30217,C.J. Beathard,QB,8.36
16,423.l.168824.t.11,423.p.40129,Jake Moody,K,6.0
16,423.l.168824.t.11,423.p.100018,Saints,DEF,0.0
16,423.l.168824.t.16,423.p.32010,Gardner Minshew,QB,10.14
16,423.l.168824.t.16,423.p.33965,Garrett Wilson,WR,11.3
16,423.l.168824.t.16,423.p.31868,Deebo Samuel,WR,7.4
16,423.l.168824.t.16,423.p.30199,Kareem Hunt,RB,8.6
16,423.l.168824.t.16,423.p.31945,Justice Hill,RB,7.2
16,423.l.168824.t.16,423.p.40048,Dalton Kincaid,TE,1.2
16,423.l.168824.t.16,423.p.28457,Tyler Lockett,WR,12.1
16,423.l.168824.t.16,423.p.26662,Geno Smith,QB,17.28
16,423.l.168824.t.16,423.p.30202,D'Onta Foreman,RB,0.0
16,423.l.168824.t.16,423.p.40068,Will Levis,QB,0.0
16,423.l.168824.t.16,423.p.26804,Latavius Murray,RB,0.0
16,423.l.168824.t.16,423.p.40039,Zay Flowers,WR,17.7
16,423.l.168824.t.16,423.p.32713,Cole Kmet,TE,12.7
16,423.l.168824.t.16,423.p.25718,Ryan Tannehill,QB,9.78
16,423.l.168824.t.16,423.p.31538,Greg Joseph,K,6.0
16,423.l.168824.t.16,423.p.100025,49ers,DEF,3.0
16,423.l.168824.t.7,423.p.33399,Justin Fields,QB,25.5
16,423.l.168824.t.7,423.p.31896,DK Metcalf,WR,13.6
16,423.l.168824.t.7,423.p.31883,A.J. Brown,WR,11.0
16,423.l.168824.t.7,423.p.40055,Bijan Robinson,RB,15.7
16,423.l.168824.t.7,423.p.29238,Ezekiel Elliott,RB,16.5
16,423.l.168824.t.7,423.p.31019,Dallas Goedert,TE,10.6
16,423.l.168824.t.7,423.p.33514,Chuba Hubbard,RB,11.6
16,423.l.168824.t.7,423.p.26483,Case Keenum,QB,0.48
16,423.l.168824.t.7,423.p.31424,Gus Edwards,RB,13.5
16,423.l.168824.t.7,423.p.33538,Kenneth Gainwell,RB,9.4
16,423.l.168824.t.7,423.p.33891,Jack Stoll,TE,0.0
16,423.l.168824.t.7,423.p.40290,Malik Cunningham,QB,0.0
16,423.l.168824.t.7,423.p.31641,Brandon Powell,WR,6.8
16,423.l.168824.t.7,423.p.26721,Matt Barkley,QB,0.0
16,423.l.168824.t.7,423.p.30266,Jake Elliott,K,17.0
16,423.l.168824.t.7,423.p.100003,Bears,DEF,3.0
16,423.l.168824.t.6,423.p.27564,Derek Carr,QB,25.96
16,423.l.168824.t.6,423.p.33398,DeVonta Smith,WR,15.9
16,423.l.168824.t.6,423.p.32231,Jakobi Meyers,WR,5.7
16,423.l.168824.t.6,423.p.33412,Najee Harris,RB,13.8
16,423.l.168824.t.6,423.p.33423,Javonte Williams,RB,9.4
16,423.l.168824.t.6,423.p.26686,Travis Kelce,TE,6.9
16,423.l.168824.t.6,423.p.34085,Jake Ferguson,TE,6.5
16,423.l.168824.t.6,423.p.31998,Easton Stick,QB,17.1
16,423.l.168824.t.6,423.p.31898,Diontae Johnson,WR,2.5
16,423.l.168824.t.6,423.p.32846,K.J. Osborn,WR,18.0
16,423.l.168824.t.6,423.p.33975,Kenny Pickett,QB,0.0
16,423.l.168824.t.6,423.p.33100,Rico Dowdle,RB,0.4
16,423.l.168824.t.6,423.p.28390,Marcus Mariota,QB,0.0
16,423.l.168824.t.6,423.p.31171,Boston Scott,RB,-1.7
16,423.l.168824.t.6,423.p.26800,Dustin Hopkins,K,2.0
16,423.l.168824.t.6,423.p.100011,Colts,DEF,0.0
16,423.l.168824.t.13,423.p.31046,Mason Rudolph,QB,20.0
16,423.l.168824.t.13,423.p.34007,George Pickens,WR,33.5
16,423.l.168824.t.13,423.p.29399,Tyreek Hill,WR,14.4
16,423.l.168824.t.13,423.p.33991,Breece Hall,RB,37.1
16,423.l.168824.t.13,423.p.32711,Jonathan Taylor,RB,10.3
16,423.l.168824.t.13,423.p.31107,Dalton Schultz,TE,10.1
16,423.l.168824.t.13,423.p.30182,Cooper Kupp,WR,7.9
16,423.l.168824.t.13,423.p.34093,Bailey Zappe,QB,16.44
16,423.l.168824.t.13,423.p.30153,Curtis Samuel,WR,2.5
16,423.l.168824.t.13,423.p.32782,Joshua Kelley,RB,-0.2
16,423.l.168824.t.13,423.p.30213,Jonnu Smith,TE,5.2
16,423.l.168824.t.13,423.p.29236,Carson Wentz,QB,0.0
16,423.l.168824.t.13,423.p.28389,Jameis Winston,QB,0.0
16,423.l.168824.t.13,423.p.30788,Cooper Rush,QB,0.0
16,423.l.168824.t.13,423.p.25881,Greg Zuerlein,K,14.0
16,423.l.168824.t.13,423.p.100014,Rams,DEF,4.0
16,423.l.168824.t.3,423.p.31002,Lamar Jackson,QB,22.58
16,423.l.168824.t.3,423.p.31010,Courtland Sutton,WR,0.0
16,423.l.168824.t.3,423.p.31908,Terry McLaurin,WR,6.5
16,423.l.168824.t.3,423.p.31906,Devin Singletary,RB,7.8
16,423.l.168824.t.3,423.p.34207,Isiah Pacheco,RB,8.6
16,423.l.168824.t.3,423.p.40065,Michael Mayer,TE,0.0
16,423.l.168824.t.3,423.p.40041,Jaxon Smith-Njigba,WR,9.1
16,423.l.168824.t.3,423.p.33390,Zach Wilson,QB,0.0
16,423.l.168824.t.3,423.p.32702,Clyde Edwards-Helaire,RB,6.3
16,423.l.168824.t.3,423.p.40119,Tyjae Spears,RB,9.2
16,423.l.168824.t.3,423.p.33967,Jameson Williams,WR,6.8
16,423.l.168824.t.3,423.p.40196,Chase Brown,RB,3.4
16,423.l.168824.t.3,423.p.34078,Zamir White,RB,14.5
16,423.l.168824.t.3,423.p.7200,Aaron Rodgers,QB,0.0
16,423.l.168824.t.3,423.p.32858,Tyler Bass,K,6.0
16,423.l.168824.t.3,423.p.100024,Chargers,DEF,7.0
